cca3,country,continent,area_km2,reference_year,population_at_reference,density_at_reference_per_km2,population_growth_prior_decade_pct,prior_decade_start,prior_decade_mean_temp_c,prior_decade_warming_c_per_decade,prior_decade_detrended_volatility_c,prior_decade_mean_temp_uncertainty_c,future_warming_c_per_decade,outcome_population_year,outcome_population,future_density_per_km2,warming_percentile,density_percentile,future_exposure_index,target_exposure_class
ABW,Aruba,North America,180,1970,59106,328.3666666666667,,1960,28.199408333333338,0.1074595959595944,0.18984095480680793,0.3587666666666667,0.19795454545454605,1980,62267,345.9277777777778,0.473604826546003,0.9095022624434389,0.6563114056968096,High
ABW,Aruba,North America,180,1980,62267,345.9277777777778,5.34801881365683,1970,28.167541666666672,0.19795454545454605,0.28782938385222967,0.3272166666666666,-0.27031818181818323,1990,65712,365.06666666666666,0.06787330316742081,0.9200603318250377,0.2498950456377208,Low
ABW,Aruba,North America,180,1990,65712,365.06666666666666,5.532625628342469,1980,28.342575,-0.27031818181818323,0.3026605084735206,0.32425833333333337,0.3221515151515145,2000,89101,495.00555555555553,0.6168929110105581,0.9411764705882353,0.7619744698582882,High
AFG,Afghanistan,Asia,652230,1970,10752971,16.48647103015807,,1960,13.961283333333332,-0.322575757575757,0.49422573987852364,0.4119833333333333,0.10884848484848536,1980,12486631,19.144521104518343,0.3574660633484163,0.24283559577677225,0.2946277048466252,Low
AFG,Afghanistan,Asia,652230,1980,12486631,19.144521104518343,16.122613926885876,1970,14.035983333333334,0.10884848484848536,0.746613153295199,0.41252500000000003,0.15579797979798168,1990,10694796,16.39727703417506,0.4298642533936652,0.21568627450980393,0.304492724641194,Low
AFG,Afghanistan,Asia,652230,1990,10694796,16.39727703417506,-14.350027641563202,1980,14.595183333333335,0.15579797979798168,0.4974842372584415,0.4213166666666667,0.7997121212121227,2000,19542982,29.963328887049048,0.9245852187028658,0.3212669683257919,0.5450125596456553,Medium
AGO,Angola,Africa,1246700,1970,6029700,4.836528435068581,,1960,21.887691666666665,0.09729797979798002,0.15473213301470418,0.3156,-0.18656565656565635,1980,8330047,6.6816772278816075,0.1085972850678733,0.09954751131221719,0.1039739845527245,Low
AGO,Angola,Africa,1246700,1980,8330047,6.6816772278816075,38.15027281622634,1970,21.906983333333336,-0.18656565656565635,0.26421844098879355,0.3906666666666666,0.3887525252525234,1990,11828638,9.487958610732333,0.6802413273001509,0.138763197586727,0.30723356214256325,Low
AGO,Angola,Africa,1246700,1990,11828638,9.487958610732333,41.99965498393947,1980,22.199141666666666,0.3887525252525234,0.24239085494695312,0.5175166666666666,0.4132525252525284,2000,16394062,13.14996550894361,0.7043740573152338,0.1794871794871795,0.35556449886265673,Medium
AIA,Anguilla,North America,91,1970,6283,69.04395604395604,,1960,26.82451666666667,-0.3831515151515186,0.19652735114348563,0.35830833333333334,0.15963636363636516,1980,6560,72.08791208791209,0.4374057315233786,0.5233785822021116,0.47846503697948856,Medium
AIA,Anguilla,North America,91,1980,6560,72.08791208791209,4.408721948113947,1970,26.748399999999997,0.15963636363636516,0.2400512064246888,0.3485083333333333,-0.14423232323232413,1990,8316,91.38461538461539,0.15082956259426847,0.5987933634992458,0.3005257744369725,Low
AIA,Anguilla,North America,91,1990,8316,91.38461538461539,26.76829268292682,1980,27.048000000000002,-0.14423232323232413,0.21073963294046585,0.31251666666666666,0.514823232323232,2000,11047,121.3956043956044,0.7978883861236803,0.6968325791855203,0.7456504690568742,High
ALB,Albania,Europe,28748,1970,2324731,80.86583414498399,,1960,12.919900000000002,-0.6021414141414134,0.2835228407964226,0.3391416666666667,0.07163636363636505,1980,2941651,102.32541394183943,0.31825037707390647,0.6395173453996983,0.45113926488253897,Medium
ALB,Albania,Europe,28748,1980,2941651,102.32541394183943,26.53726388128348,1970,12.610949999999999,0.07163636363636505,0.3403777996884683,0.3155166666666666,0.6596515151515147,1990,3295066,114.61896479755113,0.8733031674208145,0.6832579185520362,0.7724579628930277,High
ALB,Albania,Europe,28748,1990,3295066,114.61896479755113,12.014171633548653,1980,12.775675,0.6596515151515147,0.2191448032904347,0.30144166666666666,0.307762626262628,2000,3182021,110.68669124808682,0.5927601809954751,0.669683257918552,0.630048862528487,High
AND,Andorra,Europe,468,1970,19860,42.43589743589744,,1960,11.3271,-0.2284242424242407,0.4558721720015245,0.3502416666666667,0.04772222222222171,1980,35611,76.09188034188034,0.29260935143288086,0.5384615384615384,0.3969368734960031,Medium
AND,Andorra,Europe,468,1980,35611,76.09188034188034,79.31017119838873,1970,11.159275,0.04772222222222171,0.18021019049210776,0.31902500000000006,0.9680000000000011,1990,53569,114.46367521367522,0.951734539969834,0.6817496229260935,0.8055089470329758,High
AND,Andorra,Europe,468,1990,53569,114.46367521367522,50.428238465642636,1980,11.671633333333334,0.9680000000000011,0.45626088114878643,0.28134166666666666,0.5479848484848479,2000,66097,141.23290598290598,0.8235294117647058,0.7330316742081447,0.7769640554527159,High
ARE,United Arab Emirates,Asia,83600,1970,298084,3.565598086124402,,1960,27.741816666666672,0.11814141414141534,0.29183499272991315,0.7001166666666666,0.4263535353535367,1980,1014048,12.12976076555024,0.7134238310708899,0.167420814479638,0.34560381778428323,Medium
ARE,United Arab Emirates,Asia,83600,1980,1014048,12.12976076555024,240.18867164960213,1970,27.859050000000003,0.4263535353535367,0.344808164539297,0.5878833333333333,-0.04569191919192018,1990,1900151,22.72907894736842,0.21266968325791855,0.2669683257918552,0.2382772949444631,Low
ARE,United Arab Emirates,Asia,83600,1990,1900151,22.72907894736842,87.38274716778693,1980,27.794391666666673,-0.04569191919192018,0.36342013619098823,0.39665833333333333,1.5170808080808074,2000,3275333,39.17862440191387,0.9849170437405732,0.3815987933634992,0.6130604827050489,High
ARG,Argentina,South America,2780400,1970,23842803,8.575313983599482,,1960,14.919450000000001,0.2998787878787872,0.2242289956280393,0.22380833333333333,0.25767171717171766,1980,28024803,10.079414113077256,0.5369532428355958,0.1478129713423831,0.28172442971005834,Low
ARG,Argentina,South America,2780400,1980,28024803,10.079414113077256,17.539884048029087,1970,14.879241666666667,0.25767171717171766,0.2907409872717651,0.215125,0.13621717171717107,1990,32637657,11.738475399223134,0.40120663650075417,0.16289592760180996,0.25564609758960244,Low
ARG,Argentina,South America,2780400,1990,32637657,11.738475399223134,16.459898041031717,1980,15.123408333333334,0.13621717171717107,0.31871455854401876,0.198475,0.28212626262626384,2000,37070774,13.332892389584233,0.5641025641025641,0.18099547511312217,0.3195309243285758,Medium
ARM,Armenia,Asia,29743,1970,2534377,85.20919207880846,,1960,9.062958333333333,-1.0752878787878768,0.8378168318403062,0.42704166666666665,0.4788636363636359,1980,3135123,105.40708738190499,0.7631975867269984,0.6470588235294118,0.702733045037771,High
ARM,Armenia,Asia,29743,1980,3135123,105.40708738190499,23.70389251480738,1970,8.848691666666667,0.4788636363636359,0.7237905208868805,0.3894083333333333,0.013777777777776744,1990,3556539,119.57566486232055,0.2609351432880845,0.6923076923076923,0.4250263602316341,Medium
ARM,Armenia,Asia,29743,1990,3556539,119.57566486232055,13.441769270296566,1980,9.139683333333332,0.013777777777776744,0.47084234843330486,0.3799416666666667,1.9615050505050502,2000,3168523,106.5300406818411,0.9984917043740573,0.6546003016591252,0.8084633392352383,High
ASM,American Samoa,Oceania,199,1970,27075,136.05527638190955,,1960,26.650491666666664,-0.046772727272725606,0.1898862670557984,0.38809166666666667,0.1182525252525295,1980,32886,165.25628140703517,0.36199095022624433,0.7647058823529411,0.5261336417646564,Medium
ASM,American Samoa,Oceania,199,1980,32886,165.25628140703517,21.462603878116337,1970,26.756116666666667,0.1182525252525295,0.18738520276755147,0.3339583333333333,0.02848989898989586,1990,47818,240.29145728643215,0.277526395173454,0.8355957767722474,0.4815598444116411,Medium
ASM,American Samoa,Oceania,199,1990,47818,240.29145728643215,45.40533965821323,1980,26.911825,0.02848989898989586,0.1042539263696415,0.3166916666666667,0.09477272727272655,2000,58230,292.61306532663315,0.3393665158371041,0.8778280542986425,0.545807153023295,Medium
ATG,Antigua and Barbuda,North America,442,1970,64516,145.96380090497738,,1960,26.668533333333336,-0.36850505050505256,0.18740121450588154,0.3685083333333333,0.1353080808080802,1980,64888,146.8054298642534,0.3996983408748115,0.7435897435897436,0.5451711536796009,Medium
ATG,Antigua and Barbuda,North America,442,1980,64888,146.8054298642534,0.5766011532023052,1970,26.58654166666667,0.1353080808080802,0.23710174410101503,0.30396666666666666,-0.1837929292929294,1990,63328,143.2760180995475,0.11010558069381599,0.7375565610859729,0.2849720924106517,Low
ATG,Antigua and Barbuda,North America,442,1990,63328,143.2760180995475,-2.4041425225003077,1980,26.874258333333337,-0.1837929292929294,0.2271180687094399,0.2694416666666667,0.5504242424242403,2000,75055,169.80769230769232,0.8250377073906485,0.7692307692307693,0.7966457119074318,High
AUS,Australia,Oceania,7692024,1970,12595034,1.6374148078581139,,1960,21.67145,0.04621212121211923,0.2718467902273315,0.21187499999999998,0.008712121212122548,1980,14706322,1.9118923705906274,0.2564102564102564,0.030165912518853696,0.08794799238077376,Low
AUS,Australia,Oceania,7692024,1980,14706322,1.9118923705906274,16.762860663972813,1970,21.77290833333333,0.008712121212122548,0.3917457207989767,0.19695833333333335,-0.14638888888889032,1990,17048003,2.2163221279600793,0.14328808446455504,0.03770739064856712,0.07350523638619127,Low
AUS,Australia,Oceania,7692024,1990,17048003,2.2163221279600793,15.922954767344265,1980,22.114075,-0.14638888888889032,0.32726014887418325,0.18404166666666666,-0.011626262626267255,2000,19017963,2.472426373084639,0.24283559577677225,0.04524886877828054,0.10482383320599731,Low
AUT,Austria,Europe,83871,1970,7465301,89.00932384256775,,1960,6.273616666666666,-0.01806060606060617,0.5917111352379084,0.30085000000000006,0.21394949494949508,1980,7547561,89.9901157730324,0.4917043740573152,0.5927601809954751,0.5398729237167585,Medium
AUT,Austria,Europe,83871,1980,7547561,89.9901157730324,1.10189796767739,1970,6.415983333333334,0.21394949494949508,0.3898469671433543,0.288475,0.8002929292929282,1990,7678729,91.55404132536871,0.9260935143288085,0.6018099547511312,0.7465469147706233,High
AUT,Austria,Europe,83871,1990,7678729,91.55404132536871,1.7378859210279929,1980,6.516866666666667,0.8002929292929282,0.5410331952559603,0.26203333333333334,-0.13279292929292913,2000,8010428,95.50891249657212,0.1568627450980392,0.6153846153846154,0.31069425495224695,Low
AZE,Azerbaijan,Asia,86600,1970,5425317,62.64800230946882,,1960,11.668783333333334,-1.1218181818181818,0.7662957202805677,0.40469999999999995,0.15769191919192055,1980,6383060,73.70739030023094,0.43137254901960786,0.530920060331825,0.47856487517470747,Medium
AZE,Azerbaijan,Asia,86600,1980,6383060,73.70739030023094,17.653217314306247,1970,11.531541666666666,0.15769191919192055,0.620135040814391,0.36305,0.2081313131313131,1990,7427836,85.77177829099307,0.4796380090497738,0.579185520361991,0.5270667793144267,Medium
AZE,Azerbaijan,Asia,86600,1990,7427836,85.77177829099307,16.367948914783813,1980,11.736633333333334,0.2081313131313131,0.4484776182115038,0.3412416666666666,1.6308838383838384,2000,8190337,94.57663972286375,0.9909502262443439,0.6123680241327301,0.7789905211612852,High
BDI,Burundi,Africa,27834,1970,3497834,125.66767263059567,,1960,20.016591666666667,0.20084343434343227,0.15893670217822312,0.5028583333333334,0.45657070707070757,1980,4312834,154.94840842135517,0.7420814479638009,0.7526395173453997,0.7473418380008244,High
BDI,Burundi,Africa,27834,1980,4312834,154.94840842135517,23.30013373990876,1970,20.137825,0.45657070707070757,0.20279859825771393,0.38944999999999996,-0.11532828282828281,1990,5483793,197.01778400517352,0.16440422322775264,0.7948717948717948,0.3614972752339179,Medium
BDI,Burundi,Africa,27834,1990,5483793,197.01778400517352,27.150569671821366,1980,20.480241666666668,-0.11532828282828281,0.28117309112642325,0.5096583333333332,0.258833333333335,2000,6307659,226.61705108859667,0.5399698340874811,0.8174962292609351,0.6643969470739376,High
BEL,Belgium,Europe,30528,1970,9629376,315.42767295597486,,1960,9.478133333333334,0.05082828282828348,0.688498429273342,0.2581916666666667,-0.19338888888888833,1980,9828986,321.9662604821803,0.10256410256410256,0.8929110105580694,0.302622894817121,Low
BEL,Belgium,Europe,30528,1980,9828986,321.9662604821803,2.0729276746489056,1970,9.718708333333334,-0.19338888888888833,0.41940961788210873,0.24430000000000002,0.6164191919191918,1990,9959560,326.2434486373166,0.8582202111613876,0.8959276018099548,0.8768712423216165,High
BEL,Belgium,Europe,30528,1990,9959560,326.2434486373166,1.3284585001952287,1980,9.770458333333334,0.6164191919191918,0.6690392891221535,0.21767499999999998,0.06836868686868747,2000,10264343,336.2271685010482,0.31070889894419307,0.9019607843137255,0.5293838325685423,Medium
BEN,Benin,Africa,112622,1970,3023443,26.845935962778142,,1960,27.163766666666668,0.25602020202020487,0.18466329877159168,0.27805,-0.09142424242424424,1980,3833939,34.042540533821104,0.18552036199095023,0.34992458521870284,0.2547903760335285,Low
BEN,Benin,Africa,112622,1980,3833939,34.042540533821104,26.807054077090253,1970,27.32096666666667,-0.09142424242424424,0.2948213643831549,0.2520583333333334,0.03851010101009936,1990,5133419,45.580961091083445,0.28355957767722473,0.4177978883861237,0.3441955734538222,Medium
BEN,Benin,Africa,112622,1990,5133419,45.580961091083445,33.894122989437236,1980,27.54089166666667,0.03851010101009936,0.28528547050630626,0.26502499999999996,0.3690050505050515,2000,6998023,62.137264477633146,0.6636500754147813,0.497737556561086,0.5747378245326591,High
BFA,Burkina Faso,Africa,272967,1970,5611666,20.55803815113182,,1960,28.117783333333335,0.40331313131313196,0.2405373010002093,0.26348333333333335,-0.11048989898990004,1980,6932967,25.398553671322908,0.17194570135746606,0.29260935143288086,0.22430541713449537,Low
BFA,Burkina Faso,Africa,272967,1980,6932967,25.398553671322908,23.545610162828655,1970,28.284991666666667,-0.11048989898990004,0.31265330855225526,0.24708333333333332,-0.06024747474747576,1990,9131361,33.452252470078804,0.20361990950226244,0.3438914027149321,0.26461885099028865,Low
BFA,Burkina Faso,Africa,272967,1990,9131361,33.452252470078804,31.709281177885316,1980,28.51414166666667,-0.06024747474747576,0.31348466452961965,0.28715833333333335,0.21261111111111122,2000,11882888,43.532324420168,0.48868778280542985,0.4072398190045249,0.4461088703661986,Medium
BGD,Bangladesh,Asia,147570,1970,67541860,457.69370468252356,,1960,25.170716666666667,-0.13977777777777656,0.19469326249489435,0.26129166666666664,0.42274242424242353,1980,83929765,568.7454428406858,0.7119155354449472,0.9502262443438914,0.8224845442535214,High
BGD,Bangladesh,Asia,147570,1980,83929765,568.7454428406858,24.26333091804105,1970,25.14134166666667,0.42274242424242353,0.23199664651781288,0.294075,0.5153030303030284,1990,107147651,726.080172121705,0.799396681749623,0.9668174962292609,0.8791306491888164,High
BGD,Bangladesh,Asia,147570,1990,107147651,726.080172121705,27.66347076034348,1980,25.29443333333333,0.5153030303030284,0.19312786553651215,0.28526666666666667,0.4103737373737399,2000,129193327,875.4714847191163,0.6998491704374057,0.9743589743589743,0.8257749814043591,High
BGR,Bulgaria,Europe,110879,1970,8582950,77.40825584646326,,1960,10.833250000000001,-0.4586060606060618,0.4400143806955123,0.31370000000000003,-0.02399494949494981,1980,8980606,80.994651827668,0.23227752639517346,0.5610859728506787,0.36100922684716125,Medium
BGR,Bulgaria,Europe,110879,1980,8980606,80.994651827668,4.6330923516972655,1970,10.627108333333332,-0.02399494949494981,0.3961666297552236,0.2771666666666667,0.47320707070707096,1990,8767778,79.07519007206054,0.7586726998491704,0.55052790346908,0.646274315493963,High
BGR,Bulgaria,Europe,110879,1990,8767778,79.07519007206054,-2.3698623455922663,1980,10.622191666666666,0.47320707070707096,0.26818865752151877,0.2813,0.11622222222222355,2000,8097691,73.03178239341986,0.358974358974359,0.526395173453997,0.43469802157111903,Medium
BHR,Bahrain,Asia,765,1970,222555,290.921568627451,,1960,26.101808333333338,0.07279292929292691,0.4384672441962706,0.5091833333333333,0.7495707070707064,1980,362595,473.98039215686276,0.9079939668174962,0.9396681749622926,0.9236953143088739,High
BHR,Bahrain,Asia,765,1980,362595,473.98039215686276,62.9237716519512,1970,26.064025000000004,0.7495707070707064,0.356073661367267,0.4575083333333333,0.2166515151515202,1990,517418,676.3633986928105,0.497737556561086,0.9622926093514329,0.6920759872119346,High
BHR,Bahrain,Asia,765,1990,517418,676.3633986928105,42.69860312469835,1980,26.202908333333333,0.2166515151515202,0.41566325371412793,0.4649916666666667,1.9247676767676734,2000,711442,929.9895424836601,0.9969834087481146,0.9773755656108597,0.9871308034044077,High
BHS,Bahamas,North America,13943,1970,179129,12.84723517177078,,1960,25.180116666666667,-0.1696363636363638,0.17080787229168437,0.3586083333333333,0.24197474747474657,1980,223752,16.0476224628846,0.5128205128205128,0.21266968325791855,0.3302444186200606,Medium
BHS,Bahamas,North America,13943,1980,223752,16.0476224628846,24.911097588888452,1970,25.380591666666668,0.24197474747474657,0.18614212350288226,0.28683333333333333,0.12249494949494902,1990,270679,19.41325396256186,0.37254901960784315,0.24434389140271492,0.30171191091709776,Low
BHS,Bahamas,North America,13943,1990,270679,19.41325396256186,20.972773427723546,1980,25.51425,0.12249494949494902,0.19800416681176894,0.3266083333333334,0.10120202020201696,2000,325014,23.310191493939612,0.3469079939668175,0.2730015082956259,0.3077440585823731,Low
BIH,Bosnia and Herzegovina,Europe,51209,1970,3815561,74.50957839442286,,1960,10.553733333333335,-0.45366666666666644,0.413531999747074,0.3789083333333333,0.10805555555555676,1980,4199820,82.01331797145033,0.35444947209653094,0.5656108597285068,0.4477504557706605,Medium
BIH,Bosnia and Herzegovina,Europe,51209,1980,4199820,82.01331797145033,10.070838862227593,1970,10.505658333333335,0.10805555555555676,0.39278113676598164,0.32295833333333335,0.7522727272727265,1990,4494310,87.76406491046495,0.9095022624434389,0.5822021116138764,0.7276772208281417,High
BIH,Bosnia and Herzegovina,Europe,51209,1990,4494310,87.76406491046495,7.011967179545797,1980,10.59435,0.7522727272727265,0.3256122532677703,0.28846666666666665,-0.18862626262626417,2000,4179350,81.61358354976664,0.10558069381598793,0.5625942684766214,0.243719291814702,Low
BLM,Saint Barthelemy,North America,21,1970,2417,115.0952380952381,,1960,26.82451666666667,-0.3831515151515186,0.19652735114348563,0.35830833333333334,0.15963636363636516,1980,2983,142.04761904761904,0.4374057315233786,0.7360482654600302,0.5674079044127411,High
BLM,Saint Barthelemy,North America,21,1980,2983,142.04761904761904,23.41745966073645,1970,26.748399999999997,0.15963636363636516,0.2400512064246888,0.3485083333333333,-0.14423232323232413,1990,5168,246.0952380952381,0.15082956259426847,0.8401206636500754,0.3559705496593046,Medium
BLM,Saint Barthelemy,North America,21,1990,5168,246.0952380952381,73.2484076433121,1980,27.048000000000002,-0.14423232323232413,0.21073963294046585,0.31251666666666666,0.514823232323232,2000,7082,337.23809523809524,0.7978883861236803,0.9034690799396682,0.8490391546364091,High
BLR,Belarus,Europe,207600,1970,9170786,44.17526974951831,,1960,5.878433333333334,-1.1361818181818175,0.7389471999092003,0.28679166666666667,-0.8569949494949496,1980,9817257,47.28929190751445,0.010558069381598794,0.42835595776772245,0.06725036744979775,Low
BLR,Belarus,Europe,207600,1980,9817257,47.28929190751445,7.049243107406489,1970,6.164141666666667,-0.8569949494949496,0.8247492863046366,0.24841666666666667,0.5681969696969702,1990,10428525,50.23374277456647,0.8371040723981901,0.4464555052790347,0.6113343779092352,High
BLR,Belarus,Europe,207600,1990,10428525,50.23374277456647,6.226464276121124,1980,6.148691666666666,0.5681969696969702,1.1794145027768097,0.22271666666666667,-0.4666212121212123,2000,10256483,49.40502408477842,0.03619909502262444,0.4374057315233786,0.1258319976748972,Low
BLZ,Belize,North America,22966,1970,120905,5.264521466515719,,1960,25.274458333333335,0.001974747474746066,0.2179192129024839,0.43204166666666666,0.03684343434343529,1980,145133,6.319472263345816,0.28054298642533937,0.09351432880844646,0.16197156873193122,Low
BLZ,Belize,North America,22966,1980,145133,6.319472263345816,20.038873495719777,1970,25.292375,0.03684343434343529,0.22971717176343873,0.38689166666666663,-0.24526767676767922,1990,182589,7.950404946442568,0.0784313725490196,0.11613876319758673,0.0954406758344276,Low
BLZ,Belize,North America,22966,1990,182589,7.950404946442568,25.808051924786234,1980,25.474691666666665,-0.24526767676767922,0.1934487993077503,0.34573333333333334,0.16609595959595724,2000,240406,10.46790908299225,0.45098039215686275,0.15082956259426847,0.26080869480830443,Low
BOL,Bolivia,South America,1098581,1970,4585693,4.174196531707721,,1960,21.189075,0.7010757575757594,0.29024636647987345,0.40494166666666676,-0.12878787878787942,1980,5736088,5.221361010248676,0.1583710407239819,0.08144796380090498,0.11357375925801931,Low
BOL,Bolivia,South America,1098581,1980,5736088,5.221361010248676,25.086611772746224,1970,21.113666666666667,-0.12878787878787942,0.26277836424433204,0.33719166666666667,0.44336868686868813,1990,7096194,6.459418103899485,0.7300150829562594,0.09653092006033183,0.2654600301659125,Low
BOL,Bolivia,South America,1098581,1990,7096194,6.459418103899485,23.711386575659233,1980,21.363808333333335,0.44336868686868813,0.2330478014064217,0.32274166666666665,-0.26042929292929073,2000,8592656,7.8215953124985775,0.07239819004524888,0.11312217194570136,0.0904977375565611,Low
BRA,Brazil,South America,8515767,1970,96369875,11.316640650219762,,1960,24.964499999999997,0.12215151515151426,0.2125377600306189,0.26784166666666664,-0.06480303030303311,1980,122288383,14.360231204071225,0.19909502262443438,0.19909502262443438,0.19909502262443438,Low
BRA,Brazil,South America,8515767,1980,122288383,14.360231204071225,26.8948237195493,1970,24.90479166666667,-0.06480303030303311,0.23999248298880818,0.2319833333333333,-0.016358585858585017,1990,150706446,17.697342588166162,0.2368024132730015,0.22926093514328807,0.23300116461330336,Low
BRA,Brazil,South America,8515767,1990,150706446,17.697342588166162,23.238563061218986,1980,25.153125000000003,-0.016358585858585017,0.19983469871078294,0.21573333333333333,0.38545454545454266,2000,175873720,20.652716308466402,0.6772247360482655,0.2579185520361991,0.4179339939807072,Medium
BRB,Barbados,North America,430,1970,241397,561.3883720930232,,1960,26.767599999999998,-0.1873131313131318,0.1936355515251277,0.3438166666666667,0.16365656565656433,1980,253575,589.7093023255813,0.4464555052790347,0.9532428355957768,0.6523653208283932,High
BRB,Barbados,North America,430,1980,253575,589.7093023255813,5.044801716674185,1970,26.63465,0.16365656565656433,0.2155480296292843,0.30513333333333337,-0.16302020202019982,1990,258868,602.0186046511628,0.12669683257918551,0.9562594268476622,0.34807332633453275,Medium
BRB,Barbados,North America,430,1990,258868,602.0186046511628,2.087350882381944,1980,26.899716666666666,-0.16302020202019982,0.2530783602840641,0.27196666666666663,0.5349040404040405,2000,264657,615.4813953488372,0.8144796380090498,0.9592760180995475,0.8839178604217035,High
BTN,Bhutan,Asia,38394,1970,298894,7.78491430952753,,1960,11.975791666666666,-0.21471212121212283,0.29729483881167956,0.34683333333333327,0.17465656565656573,1980,415257,10.815674324113143,0.45701357466063347,0.15384615384615385,0.26515991536621925,Low
BTN,Bhutan,Asia,38394,1980,415257,10.815674324113143,38.93119299818666,1970,12.140249999999998,0.17465656565656573,0.2058875921660435,0.36272499999999996,0.39987373737373744,1990,558442,14.545033078085117,0.6862745098039216,0.20060331825037708,0.3710376583277196,Medium
BTN,Bhutan,Asia,38394,1990,558442,14.545033078085117,34.48105630970699,1980,12.199641666666666,0.39987373737373744,0.2220194078069479,0.35379166666666667,0.5696767676767662,2000,587207,15.294238683127572,0.8386123680241327,0.2081447963800905,0.41779516582197146,Medium
BWA,Botswana,Africa,582000,1970,592244,1.0176013745704466,,1960,22.05786666666667,-0.007838383838379207,0.2953568166623149,0.33815,-0.6261363636363622,1980,938578,1.6126769759450172,0.024132730015082957,0.02564102564102564,0.024875448721675176,Low
BWA,Botswana,Africa,582000,1980,938578,1.6126769759450172,58.47826233782023,1970,21.952958333333335,-0.6261363636363622,0.49567863840410337,0.3281833333333333,0.47986363636364016,1990,1341474,2.304938144329897,0.7647058823529411,0.04072398190045249,0.1764705882352941,Low
BWA,Botswana,Africa,582000,1990,1341474,2.304938144329897,42.926213910831066,1980,22.351241666666663,0.47986363636364016,0.4414735362953913,0.379075,0.1209898989898942,2000,1726985,2.967328178694158,0.3695324283559578,0.058823529411764705,0.14743541524341267,Low
CAF,Central African Republic,Africa,622984,1970,2067356,3.3184736686656477,,1960,25.2519,0.0637979797979796,0.1374141986827642,0.29155833333333336,0.18202525252525426,1980,2415276,3.87694708050287,0.46003016591251883,0.07088989441930618,0.18058651636053663,Low
CAF,Central African Republic,Africa,622984,1980,2415276,3.87694708050287,16.829225348706277,1970,25.40305833333333,0.18202525252525426,0.21345408334749152,0.25810000000000005,0.024489898989901088,1990,2809221,4.509298794190541,0.27450980392156865,0.07239819004524888,0.1409752210624184,Low
CAF,Central African Republic,Africa,622984,1990,2809221,4.509298794190541,16.310558296443144,1980,25.473958333333332,0.024489898989901088,0.22103946282609815,0.357225,0.3588181818181829,2000,3759170,6.034135708140177,0.6546003016591252,0.09049773755656108,0.24339237108831746,Low
CAN,Canada,North America,9984670,1970,21434577,2.146748665704525,,1960,-4.950608333333333,-0.09643939393939392,0.3999065399723818,0.2518166666666667,0.6990202020202028,1980,24511510,2.4549143837502894,0.889894419306184,0.043740573152337855,0.19729290900972432,Low
CAN,Canada,North America,9984670,1980,24511510,2.4549143837502894,14.354997535057489,1970,-5.047933333333334,0.6990202020202028,0.7758396494708064,0.242725,-0.15741919191919113,1990,27657204,2.7699667590416106,0.13423831070889894,0.05279034690799397,0.08418127458446953,Low
CAN,Canada,North America,9984670,1990,27657204,2.7699667590416106,12.83353820307276,1980,-4.483224999999999,-0.15741919191919113,0.8633464610149864,0.24819166666666667,1.916176767676768,2000,30683313,3.0730422738057444,0.995475113122172,0.06033182503770739,0.24506903181405612,Low
CHE,Switzerland,Europe,41284,1970,6181227,149.72451797306462,,1960,7.079491666666667,-0.25304545454545463,0.5694274801365664,0.2828833333333333,0.07965656565656584,1980,6319113,153.06445596356943,0.32277526395173456,0.751131221719457,0.49238864563765744,Medium
CHE,Switzerland,Europe,41284,1980,6319113,153.06445596356943,2.2307221527376297,1970,7.129533333333333,0.07965656565656584,0.29793493778196123,0.27412499999999995,0.8951666666666659,1990,6711693,162.5737089429319,0.9411764705882353,0.7616892911010558,0.8466900487683474,High
CHE,Switzerland,Europe,41284,1990,6711693,162.5737089429319,6.212580784676591,1980,7.331475,0.8951666666666659,0.46807499201319025,0.22393333333333337,-0.09317676767676819,2000,7182059,173.96713012305008,0.18250377073906485,0.7737556561085973,0.37578361442524094,Medium
CHL,Chile,South America,756102,1970,9820481,12.988301842873051,,1960,9.666174999999999,0.13355050505050642,0.15902434808764004,0.33199166666666663,0.5419646464646461,1980,11469828,15.16968345540681,0.8174962292609351,0.20512820512820512,0.4095015680157663,Medium
CHL,Chile,South America,756102,1980,11469828,15.16968345540681,16.794971651592228,1970,9.563841666666667,0.5419646464646461,0.23761193325838312,0.2848583333333333,-0.014328282828281982,1990,13342868,17.64691536327109,0.2383107088989442,0.2277526395173454,0.23297187164330435,Low
CHL,Chile,South America,756102,1990,13342868,17.64691536327109,16.33014897869436,1980,9.956058333333335,-0.014328282828281982,0.25368209803796854,0.26345833333333335,0.37097474747474757,2000,15351799,20.303873022422902,0.6666666666666666,0.25339366515837103,0.41100986619007174,Medium
CHN,China,Asia,9706961,1970,822534450,84.73655658037568,,1960,6.7791250000000005,-0.4789343434343434,0.17037724027285114,0.21421666666666664,0.2653030303030301,1980,982372466,101.20288584655898,0.5475113122171946,0.6349924585218703,0.5896317106578748,High
CHN,China,Asia,9706961,1980,982372466,101.20288584655898,19.43237951918002,1970,6.86435,0.2653030303030301,0.23146010757213983,0.190275,0.31646969696969623,1990,1153704252,118.85329012859947,0.6063348416289592,0.6877828054298643,0.6457760280510868,High
CHN,China,Asia,9706961,1990,1153704252,118.85329012859947,17.440613609380208,1980,6.978924999999999,0.31646969696969623,0.21955901068980116,0.179375,0.6612626262626264,2000,1264099069,130.22603768573913,0.8748114630467572,0.7119155354449472,0.7891716360388973,High
CIV,Ivory Coast,Africa,322463,1970,5477086,16.985161088248883,,1960,26.07244166666667,0.06500505050504904,0.19643029992631833,0.27443333333333336,0.03795454545454689,1980,8303809,25.75119936240747,0.28205128205128205,0.29411764705882354,0.288021282940771,Low
CIV,Ivory Coast,Africa,322463,1980,8303809,25.75119936240747,51.60998019749918,1970,26.120675,0.03795454545454689,0.28443776827905465,0.22541666666666668,0.2964696969696984,1990,11910540,36.93614461193997,0.5806938159879337,0.3680241327300151,0.462287073159787,Medium
CIV,Ivory Coast,Africa,322463,1990,11910540,36.93614461193997,43.43465751680946,1980,26.380808333333334,0.2964696969696984,0.26499480470522985,0.26935,0.3710555555555555,2000,16799670,52.097977132260134,0.6681749622926093,0.4539969834087481,0.5507716561971019,Medium
CMR,Cameroon,Africa,475442,1970,6452787,13.57218546110777,,1960,24.41811666666667,0.11691919191919066,0.12351052344404341,0.24441666666666667,0.13787373737373582,1980,8519891,17.919937658010863,0.4057315233785822,0.23076923076923078,0.3059907703655514,Low
CMR,Cameroon,Africa,475442,1980,8519891,17.919937658010863,32.03428224114635,1970,24.503425,0.13787373737373582,0.24204553604027082,0.243075,0.04156565656565795,1990,11430520,24.041881028600756,0.2895927601809955,0.2790346907993967,0.2842647116594811,Low
CMR,Cameroon,Africa,475442,1990,11430520,24.041881028600756,34.162749265219475,1980,24.5322,0.04156565656565795,0.2514423349998039,0.30265000000000003,0.2984898989899001,2000,15091594,31.742239852600317,0.583710407239819,0.33182503770739064,0.4401019517027268,Medium
COD,DR Congo,Africa,2344858,1970,20151733,8.594009957106145,,1960,23.755425000000002,0.0547929292929301,0.11436670028599415,0.2523166666666667,0.24967171717171663,1980,26708686,11.390321290244442,0.5248868778280543,0.15987933634992457,0.28968701331943286,Low
COD,DR Congo,Africa,2344858,1980,26708686,11.390321290244442,32.53791125557291,1970,23.893324999999997,0.24967171717171663,0.21367283116607483,0.2217083333333333,0.06890909090909288,1990,35987541,15.347428714233441,0.31221719457013575,0.21116138763197587,0.25676490423730514,Low
COD,DR Congo,Africa,2344858,1990,35987541,15.347428714233441,34.7409640444311,1980,24.122983333333334,0.06890909090909288,0.23681861680855223,0.32838333333333336,0.33728282828283107,2000,48616317,20.733160387537325,0.6304675716440422,0.2594268476621418,0.40442578387736283,Medium
COG,Republic of the Congo,Africa,342000,1970,1396989,4.084763157894737,,1960,24.537858333333332,0.045186868686867124,0.1263245500205619,0.22407499999999997,0.14566161616161413,1980,1829256,5.3487017543859645,0.4193061840120664,0.08295625942684766,0.1865048862099503,Low
COG,Republic of the Congo,Africa,342000,1980,1829256,5.3487017543859645,30.942763328845114,1970,24.582158333333332,0.14566161616161413,0.23509051464238706,0.22559999999999997,0.19657575757575915,1990,2385435,6.974956140350877,0.46907993966817496,0.10256410256410256,0.21934165824778873,Low
COG,Republic of the Congo,Africa,342000,1990,2385435,6.974956140350877,30.404656319290456,1980,24.713366666666666,0.19657575757575915,0.2038981632355207,0.24750833333333336,0.4981111111111117,2000,3134030,9.163830409356725,0.7767722473604827,0.13273001508295626,0.3210934320539408,Medium
COL,Colombia,South America,1141748,1970,20905254,18.30986697590011,,1960,25.01265,0.013373737373738,0.12612677156209398,0.27290000000000003,0.38971717171716613,1980,26176195,22.926420716305174,0.6817496229260935,0.2684766214177979,0.4278245381182048,Medium
COL,Colombia,South America,1141748,1980,26176195,22.926420716305174,25.21347504316378,1970,24.936550000000004,0.38971717171716613,0.24430253598186097,0.2447,-0.25266666666667037,1990,32601393,28.553930464515812,0.07541478129713423,0.3167420814479638,0.15455431019546906,Low
COL,Colombia,South America,1141748,1990,32601393,28.553930464515812,24.54595864677811,1980,25.2022,-0.25266666666667037,0.27164804469236326,0.2477333333333333,0.061686868686865806,2000,39215135,34.34657647747139,0.30618401206636503,0.3559577677224736,0.33013418097412184,Medium
COM,Comoros,Africa,1862,1970,242351,130.156283566058,,1960,25.738774999999997,0.008277777777777398,0.30169265763485603,0.27956666666666663,0.3234141414141405,1980,328328,176.33082706766916,0.6214177978883861,0.779788838612368,0.6961139726427275,High
COM,Comoros,Africa,1862,1980,328328,176.33082706766916,35.47623075621722,1970,25.77938333333334,0.3234141414141405,0.2205495759479125,0.28556666666666664,0.09686363636363744,1990,431119,231.53544575725027,0.3453996983408748,0.8265460030165912,0.5343114635741838,Medium
COM,Comoros,Africa,1862,1990,431119,231.53544575725027,31.30741210009502,1980,26.011374999999997,0.09686363636363744,0.26289983055049554,0.31195833333333334,0.2461313131313139,2000,536758,288.26960257787323,0.5158371040723982,0.8702865761689291,0.6700194826749913,High
CPV,Cape Verde,Africa,4033,1970,287262,71.22787007190676,,1960,24.273333333333333,0.2193939393939388,0.3288496367854421,0.49523333333333336,0.4319242424242449,1980,317234,78.65955864121001,0.7164404223227753,0.5475113122171946,0.6263060240420683,High
CPV,Cape Verde,Africa,4033,1980,317234,78.65955864121001,10.433680751369835,1970,24.300975,0.4319242424242449,0.3708407991530841,0.6608583333333333,0.0226565656565674,1990,364563,90.39499132159682,0.2730015082956259,0.5942684766214178,0.40278553902814207,Medium
CPV,Cape Verde,Africa,4033,1990,364563,90.39499132159682,14.919270948259022,1980,24.53271666666667,0.0226565656565674,0.24818437924607428,0.7502083333333334,0.6243535353535339,2000,458251,113.62534093726754,0.861236802413273,0.6802413273001509,0.7654076466781231,High
CRI,Costa Rica,North America,51100,1970,1855697,36.315009784735814,,1960,25.746858333333336,-0.13426767676767265,0.1793168887628428,0.42460000000000003,0.3599191919191914,1980,2414303,47.24663405088063,0.6576168929110106,0.42684766214177977,0.529813394813689,Medium
CRI,Costa Rica,North America,51100,1980,2414303,47.24663405088063,30.102220351706134,1970,25.762949999999996,0.3599191919191914,0.2292023669570323,0.40157500000000007,0.12965151515151238,1990,3158253,61.80534246575343,0.39215686274509803,0.4962292609351433,0.44113457149790974,Medium
CRI,Costa Rica,North America,51100,1990,3158253,61.80534246575343,30.81427641849428,1980,26.015525000000004,0.12965151515151238,0.35781038032174683,0.3645333333333333,0.11973737373737603,2000,3979193,77.87070450097848,0.3650075414781297,0.5444947209653092,0.4458078952277177,Medium
CUB,Cuba,North America,109884,1970,8869636,80.7181755305595,,1960,25.527566666666665,-0.1445656565656597,0.17472118262338315,0.32133333333333336,0.1605353535353565,1980,9809107,89.26783699173674,0.4419306184012066,0.5897435897435898,0.5105151802968567,Medium
CUB,Cuba,North America,109884,1980,9809107,89.26783699173674,10.591990471762314,1970,25.625250000000005,0.1605353535353565,0.13548705564200406,0.265625,0.12957575757575637,1990,10626680,96.70816497397256,0.39064856711915535,0.6199095022624435,0.4921044185966758,Medium
CUB,Cuba,North America,109884,1990,10626680,96.70816497397256,8.334836188452211,1980,25.811266666666665,0.12957575757575637,0.16528021057542244,0.281575,0.1334797979797972,2000,11105791,101.06831749845291,0.39819004524886875,0.6334841628959276,0.5022420606520038,Medium
CUW,Curacao,North America,444,1970,150385,338.7049549549549,,1960,27.646449999999998,0.0668080808080787,0.20466481183606242,0.3580583333333333,0.2690151515151519,1980,156851,353.26801801801804,0.55052790346908,0.9140271493212669,0.7093641168184762,High
CUW,Curacao,North America,444,1980,156851,353.26801801801804,4.299630947235422,1970,27.594675000000002,0.2690151515151519,0.294200595662579,0.33385833333333326,-0.2577020202020207,1990,155446,350.10360360360363,0.07390648567119155,0.9125188536953243,0.2596941693325548,Low
CUW,Curacao,North America,444,1990,155446,350.10360360360363,-0.8957545696233971,1980,27.793625000000002,-0.2577020202020207,0.308888695482947,0.3153666666666667,0.3539747474747463,2000,141424,318.52252252252254,0.6515837104072398,0.8914027149321267,0.7621177654815312,High
CYM,Cayman Islands,North America,264,1970,10533,39.89772727272727,,1960,26.8625,-0.37025252525252694,0.1754230214038573,0.35905000000000004,0.20875757575757156,1980,17100,64.77272727272727,0.4841628959276018,0.5067873303167421,0.4953459613901903,Medium
CYM,Cayman Islands,North America,264,1980,17100,64.77272727272727,62.346909712332675,1970,26.936600000000006,0.20875757575757156,0.11740844942128545,0.31905,0.12296464646464586,1990,26027,98.58712121212122,0.3740573152337858,0.6289592760180995,0.48504310960853364,Medium
CYM,Cayman Islands,North America,264,1990,26027,98.58712121212122,52.2046783625731,1980,27.130625,0.12296464646464586,0.1586696436839329,0.31301666666666667,0.19620202020201968,2000,39658,150.21969696969697,0.4675716440422323,0.7496229260935143,0.5920324517839316,High
CYP,Cyprus,Europe,9251,1970,640804,69.26861960869095,,1960,19.246175,-0.7783383838383829,0.4660977707144127,0.32710833333333333,0.34563131313131246,1980,679327,73.43281807372176,0.6425339366515838,0.5279034690799397,0.5824052662536296,High
CYP,Cyprus,Europe,9251,1980,679327,73.43281807372176,6.0116665938414915,1970,18.98910833333333,0.34563131313131246,0.2911883336289436,0.3287833333333333,0.3284545454545467,1990,788500,85.23402875364826,0.6259426847662142,0.5761689291101055,0.6005403619791546,High
CYP,Cyprus,Europe,9251,1990,788500,85.23402875364826,16.070758265165374,1980,18.95406666666667,0.3284545454545467,0.2656612409620481,0.27879166666666666,1.1560656565656569,2000,948237,102.50102691600908,0.9728506787330317,0.6410256410256411,0.7896975560029749,High
CZE,Czech Republic,Europe,78865,1970,9795744,124.20901540607368,,1960,7.711333333333333,0.1222929292929291,0.646122275511442,0.2864749999999999,0.18147474747474684,1980,10270060,130.22329296899764,0.45852187028657615,0.7104072398190046,0.5707339627768214,High
CZE,Czech Republic,Europe,78865,1980,10270060,130.22329296899764,4.842062022037319,1970,7.921016666666665,0.18147474747474684,0.4364796030124043,0.2766166666666666,0.7467272727272727,1990,10301192,130.61804349204337,0.9064856711915535,0.7134238310708899,0.8041818701962543,High
CZE,Czech Republic,Europe,78865,1990,10301192,130.61804349204337,0.303133574682124,1980,7.909699999999999,0.7467272727272727,0.7093986498552036,0.23354166666666668,-0.23391919191919197,2000,10234710,129.7750586445191,0.08295625942684766,0.7088989441930619,0.24250279322494006,Low
DEU,Germany,Europe,357114,1970,78294583,219.2425471978136,,1960,8.197700000000001,0.07523232323232398,0.6667271639147143,0.22174166666666667,0.02148989898989807,1980,77786703,217.8203682857575,0.2669683257918552,0.8114630467571644,0.4654405773401349,Medium
DEU,Germany,Europe,357114,1980,77786703,217.8203682857575,-0.6486783383213068,1970,8.426775000000001,0.02148989898989807,0.46515919084777135,0.208025,0.7555757575757561,1990,79370196,222.25450696416272,0.9125188536953243,0.8159879336349924,0.8629046145605084,High
DEU,Germany,Europe,357114,1990,79370196,222.25450696416272,2.035685970647183,1980,8.459283333333333,0.7555757575757561,0.7262091168122237,0.18660833333333332,-0.17907070707070818,2000,81551677,228.36314734230527,0.11613876319758673,0.8220211161387632,0.30897979828891037,Low
DJI,Djibouti,Africa,23200,1970,144379,6.223232758620689,,1960,28.751958333333334,-0.007712121212117772,0.2359381959225204,0.6497833333333334,0.1383686868686858,1980,324121,13.97073275862069,0.40874811463046756,0.19004524886877827,0.2787124632476831,Low
DJI,Djibouti,Africa,23200,1980,324121,13.97073275862069,124.49317421508668,1970,28.88019166666667,0.1383686868686858,0.22993272625827726,0.6308916666666666,-0.16043434343434196,1990,577173,24.87814655172414,0.13273001508295626,0.2865761689291101,0.1950314313755006,Low
DJI,Djibouti,Africa,23200,1990,577173,24.87814655172414,78.07331212726112,1980,29.023300000000006,-0.16043434343434196,0.3074353038283505,0.7378,0.4167525252525285,2000,742033,31.98418103448276,0.7073906485671192,0.3333333333333333,0.4855892120462587,Medium
DMA,Dominica,North America,751,1970,68895,91.73768308921439,,1960,26.388199999999994,-0.23352525252525316,0.1854062856524736,0.37602499999999994,0.1205707070707086,1980,72978,97.17443408788283,0.3680241327300151,0.6214177978883861,0.47822248601552514,Medium
DMA,Dominica,North America,751,1980,72978,97.17443408788283,5.926409753973427,1970,26.278991666666666,0.1205707070707086,0.21048155802850874,0.30630833333333335,-0.11994949494949696,1990,69481,92.51797603195739,0.16138763197586728,0.6048265460030166,0.31242843022934036,Low
DMA,Dominica,North America,751,1990,69481,92.51797603195739,-4.791855079613039,1980,26.544400000000003,-0.11994949494949696,0.2319882348831609,0.2669916666666666,0.5278232323232311,2000,68346,91.00665778961385,0.8099547511312217,0.5972850678733032,0.6955385528521881,High
DNK,Denmark,Europe,43094,1970,4922963,114.2377825219288,,1960,-17.70995,-0.9040808080808107,0.54231939590909,0.90825,0.938848484848483,1980,5125392,118.93516498816541,0.947209653092006,0.6892911010558069,0.8080242476005765,High
DNK,Denmark,Europe,43094,1980,5125392,118.93516498816541,4.111934215227708,1970,-18.206133333333334,0.938848484848483,0.49445748802452644,0.8491250000000001,-0.17767171717171687,1990,5144623,119.38142200770409,0.1191553544494721,0.6907993966817496,0.28690145863187133,Low
DNK,Denmark,Europe,43094,1990,5144623,119.38142200770409,0.37521032537608523,1980,-18.089608333333334,-0.17767171717171687,0.8978475057565966,0.8493,1.4445303030303034,2000,5340655,123.93036153524852,0.9819004524886877,0.702865761689291,0.8307491856399987,High
DOM,Dominican Republic,North America,48671,1970,4475871,91.96176367857656,,1960,25.821808333333337,0.004590909090911203,0.1572823310160157,0.3016416666666667,0.32622727272727364,1980,5755800,118.25933307308253,0.6244343891402715,0.6862745098039216,0.6546246285559008,High
DOM,Dominican Republic,North America,48671,1980,5755800,118.25933307308253,28.59619948832306,1970,25.692924999999995,0.32622727272727364,0.19474845274991148,0.292475,-0.206595959595962,1990,7129004,146.47334141480553,0.0889894419306184,0.7405731523378583,0.2567161692128972,Low
DOM,Dominican Republic,North America,48671,1990,7129004,146.47334141480553,23.85774349351959,1980,26.045433333333335,-0.206595959595962,0.20657987089799393,0.32787499999999997,0.490601010101009,2000,8540791,175.48008054077377,0.7722473604826546,0.7782805429864253,0.7752580828577501,High
DZA,Algeria,Africa,2381741,1970,13795915,5.792365752615419,,1960,23.232308333333332,-0.2224494949494948,0.19356294494316192,0.4134833333333333,0.4193838383838371,1980,18739378,7.867932743316759,0.7088989441930619,0.11463046757164404,0.2850638830751723,Low
DZA,Algeria,Africa,2381741,1980,18739378,7.867932743316759,35.832802681083486,1970,22.929833333333335,0.4193838383838371,0.38124222203862074,0.39743333333333336,0.7081515151515148,1990,25518074,10.71404237488459,0.8929110105580694,0.15233785822021115,0.3688145210395879,Medium
DZA,Algeria,Africa,2381741,1990,25518074,10.71404237488459,36.17353788370137,1980,23.515033333333335,0.7081515151515148,0.30981614977443456,0.34559166666666663,0.9577727272727315,2000,30774621,12.921061106140424,0.9502262443438914,0.17496229260935142,0.40774227424683473,Medium
ECU,Ecuador,South America,276841,1970,6172215,22.295162205020212,,1960,21.997658333333334,0.36096464646464665,0.17165764618406343,0.29845,0.2831313131313084,1980,8135845,29.388150599080337,0.5671191553544495,0.31975867269984914,0.42584183493264055,Medium
ECU,Ecuador,South America,276841,1980,8135845,29.388150599080337,31.81402462487131,1970,21.99216666666667,0.2831313131313084,0.2915917379303741,0.29149166666666665,-0.31622222222222157,1990,10449837,37.74671020549702,0.058823529411764705,0.37104072398190047,0.14773599744176025,Low
ECU,Ecuador,South America,276841,1990,10449837,37.74671020549702,28.441938114602717,1980,22.257783333333332,-0.31622222222222157,0.38183015151904043,0.3169083333333333,0.054191919191919,2000,12626507,45.609237793534916,0.2971342383107089,0.4193061840120664,0.35297340353827694,Medium
EGY,Egypt,Africa,1002450,1970,34781986,34.69697840291286,,1960,23.003408333333333,-0.306126262626264,0.5564585399115362,0.32232500000000003,0.5391060606060568,1980,43748556,43.641633996708066,0.8159879336349924,0.40874811463046756,0.5775236180750656,High
EGY,Egypt,Africa,1002450,1980,43748556,43.641633996708066,25.779350264818124,1970,22.829458333333335,0.5391060606060568,0.2272597862926229,0.33675833333333327,0.29960606060606404,1990,57214630,57.07479674796748,0.5867269984917044,0.4751131221719457,0.5279788784752361,Medium
EGY,Egypt,Africa,1002450,1990,57214630,57.07479674796748,30.780613650425394,1980,22.833266666666667,0.29960606060606404,0.33078009782949513,0.32782500000000003,0.7459898989898955,2000,71371371,71.19693850067335,0.9049773755656109,0.521870286576169,0.6872268929046467,High
ERI,Eritrea,Africa,117600,1970,1272748,10.822687074829933,,1960,26.73786666666667,-0.16069696969696876,0.30025304488915167,0.5133333333333334,0.2639747474747448,1980,1657982,14.098486394557822,0.5444947209653092,0.19306184012066366,0.3242239238019765,Medium
ERI,Eritrea,Africa,117600,1980,1657982,14.098486394557822,30.267892780031858,1970,26.830091666666668,0.2639747474747448,0.23322626184938175,0.4164333333333333,-0.14531313131313212,1990,2149960,18.281972789115645,0.14479638009049775,0.2368024132730015,0.1851705490584954,Low
ERI,Eritrea,Africa,117600,1990,2149960,18.281972789115645,29.67330164018669,1980,26.922783333333335,-0.14531313131313212,0.25964093313674524,0.54935,0.4505151515151514,2000,2392880,20.347619047619048,0.7390648567119156,0.2549019607843137,0.4340381102191893,Medium
ESH,Western Sahara,Africa,266000,1970,76371,0.287109022556391,,1960,22.589075,-0.25610606060606067,0.26082949879390127,0.4591833333333333,0.6749141414141425,1980,116775,0.43900375939849623,0.8763197586726998,0.010558069381598794,0.09618858982505293,Low
ESH,Western Sahara,Africa,266000,1980,116775,0.43900375939849623,52.90489845622028,1970,22.293024999999997,0.6749141414141425,0.5507162012125353,0.43340000000000006,0.35471212121212187,1990,178529,0.6711616541353383,0.6530920060331825,0.012066365007541479,0.0887718791527129,Low
ESH,Western Sahara,Africa,266000,1990,178529,0.6711616541353383,52.8828944551488,1980,22.917941666666668,0.35471212121212187,0.43680250065575876,0.6047666666666667,0.612702020202023,2000,270375,1.0164473684210527,0.8552036199095022,0.015082956259426848,0.11357375925801931,Low
ESP,Spain,Europe,505992,1970,33792617,66.7848839507344,,1960,13.816308333333334,-0.5619040404040397,0.34903901516823976,0.24853333333333333,0.555414141414141,1980,37491666,74.09537304937628,0.8280542986425339,0.5339366515837104,0.6649274693879719,High
ESP,Spain,Europe,505992,1980,37491666,74.09537304937628,10.946322979365576,1970,13.427266666666668,0.555414141414141,0.2581152801718867,0.22478333333333333,0.8049999999999993,1990,38889889,76.85870329965691,0.9291101055806938,0.5399698340874811,0.7083017927122656,High
ESP,Spain,Europe,505992,1990,38889889,76.85870329965691,3.729423493743922,1980,14.131899999999998,0.8049999999999993,0.3901457839270459,0.215675,0.5078686868686868,2000,40741651,80.5183698556499,0.7858220211161387,0.5580693815987934,0.6622259503907993,High
EST,Estonia,Europe,45227,1970,1361999,30.114732350144823,,1960,4.795241666666667,-1.2827121212121213,0.6993406997979875,0.30785833333333334,-1.010823232323232,1980,1476983,32.657107480045106,0.0015082956259426848,0.3378582202111614,0.02257410188098909,Low
EST,Estonia,Europe,45227,1980,1476983,32.657107480045106,8.442296947354588,1970,5.174225,-1.010823232323232,0.9810763165419579,0.293375,0.6833383838383846,1990,1570674,34.72867977093329,0.8823529411764706,0.36048265460030166,0.5639795479710926,High
EST,Estonia,Europe,45227,1990,1570674,34.72867977093329,6.343404087927884,1980,5.168525,0.6833383838383846,1.1540783821352254,0.2723583333333333,-0.7490656565656567,2000,1396877,30.88590885975192,0.016591251885369532,0.3257918552036199,0.07352070954421684,Low
ETH,Ethiopia,Africa,1104300,1970,28308246,25.63456126052703,,1960,22.896683333333335,-0.04117171717171818,0.15871094954955403,0.415825,0.14838383838383823,1980,34945469,31.644905369917595,0.4238310708898944,0.33031674208144796,0.37416373224731597,Medium
ETH,Ethiopia,Africa,1104300,1980,34945469,31.644905369917595,23.446253081169345,1970,23.080866666666672,0.14838383838383823,0.22752111572228578,0.3343083333333333,-0.23289393939394254,1990,47878073,43.356038214253374,0.08446455505279035,0.4057315233785822,0.18512139960864263,Low
ETH,Ethiopia,Africa,1104300,1990,47878073,43.356038214253374,37.00795659660485,1980,23.284891666666667,-0.23289393939394254,0.2692161133971782,0.3508833333333334,0.2886818181818184,2000,67031867,60.700776057230826,0.5731523378582202,0.49321266968325794,0.5316822309333399,Medium
FIN,Finland,Europe,338424,1970,4606621,13.611980828782828,,1960,1.2669833333333336,-1.7938181818181818,0.7718257123878618,0.27779166666666666,-0.948368686868687,1980,4779418,14.122574049121813,0.0030165912518853697,0.19457013574660634,0.02422681508930469,Low
FIN,Finland,Europe,338424,1980,4779418,14.122574049121813,3.751057445359618,1970,1.6026583333333335,-0.948368686868687,1.0749677187054898,0.2488833333333333,1.0298383838383838,1990,4986545,14.734608065621824,0.9622926093514329,0.20211161387631976,0.4410107847856705,Medium
FIN,Finland,Europe,338424,1990,4986545,14.734608065621824,4.333728499997269,1980,1.4020333333333335,1.0298383838383838,1.1872970298589394,0.23870833333333336,-0.9149444444444449,2000,5176209,15.29504113183462,0.006033182503770739,0.2096530920060332,0.03556508634253875,Low
FJI,Fiji,Oceania,18272,1970,527634,28.876641856392293,,1960,25.03308333333333,-0.3387272727272733,0.2179369768943943,0.3108416666666667,-0.24557575757576164,1980,644582,35.277035901926446,0.07692307692307693,0.36199095022624433,0.16686958293742782,Low
FJI,Fiji,Oceania,18272,1980,644582,35.277035901926446,22.164606526493746,1970,25.35403333333333,-0.24557575757576164,0.22179348749292935,0.30186666666666667,0.2174494949494957,1990,780430,42.711799474605954,0.49924585218702866,0.40120663650075417,0.4475497169509891,Medium
FJI,Fiji,Oceania,18272,1990,780430,42.711799474605954,21.075363568948568,1980,25.380325,0.2174494949494957,0.2386960398865845,0.25598333333333334,0.5734090909090956,2000,832509,45.562007443082315,0.8401206636500754,0.416289592760181,0.5913826924592086,High
FLK,Falkland Islands,South America,12173,1970,2274,0.18680686765793147,,1960,6.271958333333334,-0.0385909090909091,0.33013089975162757,0.7115416666666667,0.5558989898989897,1980,2240,0.18401380103507764,0.8295625942684767,0.006033182503770739,0.07074533574394314,Low
FLK,Falkland Islands,South America,12173,1980,2240,0.18401380103507764,-1.4951627088830244,1970,6.310250000000001,0.5558989898989897,0.24422729936696122,0.6395166666666665,0.456959595959596,1990,2332,0.1915715107204469,0.7435897435897436,0.007541478129713424,0.0748850171179874,Low
FLK,Falkland Islands,South America,12173,1990,2332,0.1915715107204469,4.107142857142865,1980,6.606216666666667,0.456959595959596,0.36815582513217177,0.6315000000000001,0.678717171717172,2000,3080,0.25301897642323173,0.8778280542986425,0.00904977375565611,0.0891299348578833,Low
FRA,France,Europe,551695,1970,50523586,91.57883613228324,,1960,12.864283333333333,-0.10738383838383764,0.4562062910713681,0.2821166666666667,0.07004545454545537,1980,53713830,97.36145877704166,0.3152337858220211,0.6244343891402715,0.44366971553865264,Medium
FRA,France,Europe,551695,1980,53713830,97.36145877704166,6.314365730096827,1970,12.904124999999999,0.07004545454545537,0.1925622359201858,0.2455916666666667,0.6157575757575767,1990,56412897,102.25377609004975,0.8567119155354449,0.6380090497737556,0.7393172222805466,High
FRA,France,Europe,551695,1990,56412897,102.25377609004975,5.024901408073124,1980,13.163783333333333,0.6157575757575767,0.43449403153548033,0.22034166666666666,0.3250404040404031,2000,58665453,106.3367494720815,0.6229260935143288,0.6530920060331825,0.637830739321716,High
FRO,Faroe Islands,Europe,1393,1970,38416,27.57788944723618,,1960,6.7563,-0.9947070707070703,0.29715947702980466,0.5381666666666667,-0.6927222222222227,1980,43054,30.907394113424264,0.021116138763197588,0.3273001508295626,0.08313432144507191,Low
FRO,Faroe Islands,Europe,1393,1980,43054,30.907394113424264,12.073094543940034,1970,6.842791666666666,-0.6927222222222227,0.4693347193704983,0.3716416666666667,0.4343232323232329,1990,47479,34.083991385498926,0.7194570135746606,0.35294117647058826,0.5039107111295181,Medium
FRO,Faroe Islands,Europe,1393,1990,47479,34.083991385498926,10.277790681469789,1980,6.811866666666667,0.4343232323232329,0.3449586707977471,0.34055,-0.26510101010101006,2000,45660,32.77817659727207,0.07088989441930618,0.34087481146304677,0.15544960403557254,Low
FSM,Micronesia,Oceania,702,1970,58989,84.02991452991454,,1960,26.767691666666668,-0.12856060606060238,0.11060814621436629,0.36689166666666667,0.603095959595959,1980,76299,108.6880341880342,0.8491704374057315,0.6636500754147813,0.7507010222614037,High
FSM,Micronesia,Oceania,702,1980,76299,108.6880341880342,29.344454050755232,1970,26.97705833333334,0.603095959595959,0.16231325786119843,0.459475,-0.042747474747474666,1990,98603,140.46011396011397,0.2187028657616893,0.7300150829562594,0.3995702575164864,Medium
FSM,Micronesia,Oceania,702,1990,98603,140.46011396011397,29.232362154156675,1980,27.350616666666667,-0.042747474747474666,0.14537328394644072,0.34295,0.08658080808080995,2000,111709,159.12962962962962,0.3288084464555053,0.7586726998491704,0.49945769771384,Medium
GAB,Gabon,Africa,267668,1970,597192,2.231092248606483,,1960,24.38736666666667,-0.00884848484848382,0.15317587243303998,0.2307,0.12858080808080594,1980,749078,2.7985340048119314,0.38763197586727,0.05429864253393665,0.1450789098812796,Low
GAB,Gabon,Africa,267668,1980,749078,2.7985340048119314,25.43336146498949,1970,24.345374999999997,0.12858080808080594,0.2568203562591476,0.25027499999999997,0.28081313131312996,1990,983028,3.6725645202265493,0.5610859728506787,0.0693815987933635,0.19730443952661034,Low
GAB,Gabon,Africa,267668,1990,983028,3.6725645202265493,31.231727537052212,1980,24.501241666666665,0.28081313131312996,0.2196540214977174,0.25640833333333335,0.593419191919191,2000,1272935,4.755648788798063,0.8461538461538461,0.07692307692307693,0.2551249838734923,Low
GBR,United Kingdom,Europe,242900,1970,55650166,229.10731165088515,,1960,8.496675,-0.06897474747474716,0.4019854736260503,0.26424166666666665,-0.4287474747474751,1980,56326328,231.89101687937423,0.042232277526395176,0.8280542986425339,0.18700432868571787,Low
GBR,United Kingdom,Europe,242900,1980,56326328,231.89101687937423,1.215022431379631,1970,8.718533333333335,-0.4287474747474751,0.29130650252572005,0.24800000000000005,0.27142929292929324,1990,57210442,235.5308439687114,0.5520361990950227,0.8310708898944194,0.6773339023228007,High
GBR,United Kingdom,Europe,242900,1990,57210442,235.5308439687114,1.5696283272717437,1980,8.721058333333335,0.27142929292929324,0.4762393216829348,0.22905833333333336,0.4453939393939394,2000,58850043,242.28095100864553,0.7330316742081447,0.8386123680241327,0.784046827775221,High
GEO,Georgia,Asia,69700,1970,4800426,68.87268292682927,,1960,8.674041666666668,-0.7344090909090907,0.842563690039684,0.36359166666666665,0.1303282828282826,1980,5145843,73.82845050215208,0.3936651583710407,0.5324283559577677,0.45781927992314553,Medium
GEO,Georgia,Asia,69700,1980,5145843,73.82845050215208,7.195548895035575,1970,8.484458333333333,0.1303282828282826,0.5914060195949091,0.32815833333333333,-0.3581212121212126,1990,5391636,77.35489239598279,0.05128205128205128,0.5414781297134238,0.16663765845712372,Low
GEO,Georgia,Asia,69700,1990,5391636,77.35489239598279,4.776535156630324,1980,8.5818,-0.3581212121212126,0.41748281647064284,0.3459249999999999,1.636616161616162,2000,4265172,61.19328550932568,0.9924585218702866,0.4947209653092006,0.7007068131315769,High
GGY,Guernsey,Europe,78,1970,52656,675.0769230769231,,1960,10.945849999999998,0.1431111111111112,0.5641883726699501,0.3057166666666667,-0.16627272727272688,1980,52860,677.6923076923077,0.12518853695324283,0.9638009049773756,0.3473569132870815,Medium
GGY,Guernsey,Europe,78,1980,52860,677.6923076923077,0.3874202370100166,1970,11.08095,-0.16627272727272688,0.28708581271255895,0.2623666666666667,0.4667979797979796,1990,57727,740.0897435897435,0.7541478129713424,0.9683257918552036,0.8545529697867448,High
GGY,Guernsey,Europe,78,1990,57727,740.0897435897435,9.207340143776023,1980,11.235033333333332,0.4667979797979796,0.5764857471171819,0.23740833333333336,0.5824696969696973,2000,59114,757.8717948717949,0.8431372549019608,0.971342383107089,0.9049723478995586,High
GHA,Ghana,Africa,238533,1970,8861895,37.15165197268303,,1960,26.757808333333333,0.16356060606060674,0.17752930544822587,0.25875833333333337,-0.05108080808080774,1980,11865246,49.74257649884922,0.2066365007541478,0.4419306184012066,0.302190331682769,Low
GHA,Ghana,Africa,238533,1980,11865246,49.74257649884922,33.890618202991575,1970,26.860966666666666,-0.05108080808080774,0.307525992106642,0.24053333333333332,0.25879292929292835,1990,15446982,64.75825986341512,0.5384615384615384,0.5052790346907994,0.521606486129121,Medium
GHA,Ghana,Africa,238533,1990,15446982,64.75825986341512,30.186782473789407,1980,27.125225,0.25879292929292835,0.269617342874584,0.2769083333333333,0.3215353535353516,2000,19665502,82.44352772991577,0.6138763197586727,0.5671191553544495,0.590034761648529,High
GIN,Guinea,Africa,245857,1970,4222374,17.174105272577147,,1960,25.564858333333333,0.18157070707070833,0.20308833335928422,0.282925,0.021853535353536062,1980,4972609,20.225614889956358,0.2684766214177979,0.25037707390648567,0.25926895472248035,Low
GIN,Guinea,Africa,245857,1980,4972609,20.225614889956358,17.768084968314035,1970,25.648208333333333,0.021853535353536062,0.26392377598558653,0.2865083333333333,-0.060479797979797884,1990,6354145,25.844881374132118,0.20211161387631976,0.2956259426847662,0.2444369783394618,Low
GIN,Guinea,Africa,245857,1990,6354145,25.844881374132118,27.782920394505183,1980,25.886041666666664,-0.060479797979797884,0.24916669012683412,0.2924583333333334,0.19255050505050303,2000,8336967,33.90982156294106,0.4645550527903469,0.34841628959276016,0.4023164771728614,Medium
GLP,Guadeloupe,North America,1628,1970,318310,195.52211302211302,,1960,26.573716666666666,-0.33801010101009993,0.1852537590375992,0.372275,0.12616161616161792,1980,334234,205.3034398034398,0.38009049773755654,0.803921568627451,0.5527774861203784,Medium
GLP,Guadeloupe,North America,1628,1980,334234,205.3034398034398,5.002670352800731,1970,26.484866666666665,0.12616161616161792,0.23033738354858418,0.29488333333333333,-0.18105555555555694,1990,391951,240.7561425061425,0.11463046757164404,0.8371040723981901,0.30977028783460153,Low
GLP,Guadeloupe,North America,1628,1990,391951,240.7561425061425,17.268440673300734,1980,26.765175,-0.18105555555555694,0.23226773300275474,0.25926666666666665,0.5548383838383849,2000,424067,260.48341523341526,0.8265460030165912,0.8521870286576169,0.8392685996506354,High
GMB,Gambia,Africa,10689,1970,528731,49.464963981663395,,1960,27.609725000000005,0.07640909090909251,0.3482499149386407,0.36139166666666667,0.08954040404040467,1980,718586,67.22668163532603,0.33182503770739064,0.5128205128205128,0.41251264950761213,Medium
GMB,Gambia,Africa,10689,1980,718586,67.22668163532603,35.907673278094144,1970,27.67425833333333,0.08954040404040467,0.3845863717287589,0.35912499999999997,-0.0793333333333334,1990,1040616,97.35391523996633,0.19306184012066366,0.6229260935143288,0.3467899333502242,Medium
GMB,Gambia,Africa,10689,1990,1040616,97.35391523996633,44.814399389912964,1980,28.012916666666673,-0.0793333333333334,0.31343069950957464,0.34501666666666664,0.2485909090909114,2000,1437539,134.48769763308073,0.521870286576169,0.7254901960784313,0.6153143721185553,High
GNB,Guinea-Bissau,Africa,36125,1970,591663,16.378214532871972,,1960,26.833733333333335,0.11579797979798072,0.2745014784859698,0.3453166666666667,-4.040404040150599e-05,1980,831462,23.016249134948097,0.25037707390648567,0.27149321266968324,0.26072145322874085,Low
GNB,Guinea-Bissau,Africa,36125,1980,831462,23.016249134948097,40.529659620425804,1970,26.900433333333336,-4.040404040150599e-05,0.29408677622280277,0.3456916666666666,-0.06599999999999927,1990,973551,26.949508650519032,0.1975867269984917,0.3092006033182504,0.24717187379556774,Low
GNB,Guinea-Bissau,Africa,36125,1990,973551,26.949508650519032,17.089055182317402,1980,27.233366666666672,-0.06599999999999927,0.23617707836637997,0.36759166666666665,0.22232828282828213,2000,1230849,34.071944636678204,0.5007541478129713,0.3514328808446455,0.41950145740011197,Medium
GNQ,Equatorial Guinea,Africa,28051,1970,316955,11.299240668781861,,1960,25.064149999999998,0.07777777777777443,0.1450822322520106,0.25048333333333334,0.09655555555555567,1980,282509,10.071263056575523,0.3438914027149321,0.14630467571644043,0.22430541713449537,Low
GNQ,Equatorial Guinea,Africa,28051,1980,282509,10.071263056575523,-10.867788802826894,1970,25.040200000000002,0.09655555555555567,0.247257199356752,0.257,0.2004292929292885,1990,465549,16.59652062315069,0.4751131221719457,0.2187028657616893,0.32234857123925353,Medium
GNQ,Equatorial Guinea,Africa,28051,1990,465549,16.59652062315069,64.7908562205098,1980,25.143725,0.2004292929292885,0.22032954100728028,0.32245833333333335,0.5076767676767693,2000,684977,24.418986845388755,0.7843137254901961,0.28205128205128205,0.4703367855111134,Medium
GRC,Greece,Europe,131990,1970,8544873,64.73879081748618,,1960,15.156308333333333,-0.4755202020202032,0.33295030765865985,0.292825,0.07066161616161526,1980,9307148,70.51403894234411,0.3167420814479638,0.5203619909502263,0.4059809602924516,Medium
GRC,Greece,Europe,131990,1980,9307148,70.51403894234411,8.92084645377409,1970,14.792708333333334,0.07066161616161526,0.323586291963098,0.26383333333333336,0.3972727272727275,1990,10302255,78.05329949238579,0.6832579185520362,0.5460030165912518,0.6107871025482379,High
GRC,Greece,Europe,131990,1990,10302255,78.05329949238579,10.691857484161638,1980,14.898716666666667,0.3972727272727275,0.17865974964938577,0.26478333333333337,0.6335707070707074,2000,11038109,83.6283733616183,0.8657616892911011,0.5731523378582202,0.7044241167402466,High
GRD,Grenada,North America,344,1970,98794,287.1918604651163,,1960,27.056875,-0.20367171717171573,0.20959114170155382,0.3143583333333334,0.2782020202020176,1980,94838,275.6918604651163,0.5580693815987934,0.8582202111613876,0.6920595512803949,High
GRD,Grenada,North America,344,1980,94838,275.6918604651163,-4.004291758608824,1970,26.93578333333333,0.2782020202020176,0.21906580968954079,0.306825,-0.1876010101010098,1990,99047,287.92732558139534,0.10708898944193061,0.8687782805429864,0.30501899631407636,Low
GRD,Grenada,North America,344,1990,99047,287.92732558139534,4.438094434720252,1980,27.181841666666667,-0.1876010101010098,0.2863087278532878,0.28861666666666663,0.583555555555554,2000,107432,312.30232558139534,0.8446455505279035,0.8883861236802413,0.8662397973524696,High
GRL,Greenland,North America,2166086,1970,45434,0.020975159804366032,,1960,-18.235008333333333,-0.9233383838383848,0.5616966711522011,0.9297666666666669,0.9684646464646497,1980,50106,0.023132045542051425,0.9532428355957768,0.0015082956259426848,0.037917964072327406,Low
GRL,Greenland,North America,2166086,1980,50106,0.023132045542051425,10.283047937667833,1970,-18.74795,0.9684646464646497,0.5085545726445202,0.870325,-0.19826767676767484,1990,55599,0.025667955935267574,0.09653092006033183,0.0030165912518853697,0.017064417042209293,Low
GRL,Greenland,North America,2166086,1990,55599,0.025667955935267574,10.962758951023833,1980,-18.627225,-0.19826767676767484,0.9262266414591374,0.86945,1.4857929292929315,2000,56184,0.025938028314665254,0.9834087481146304,0.004524886877828055,0.06670692122924882,Low
GTM,Guatemala,North America,108889,1970,5453208,50.080430530172926,,1960,23.30385833333333,0.01613636363636597,0.2109979277933993,0.31395,0.05526262626262565,1980,6987767,64.17330492519906,0.30015082956259426,0.502262443438914,0.3882711540358434,Medium
GTM,Guatemala,North America,108889,1980,6987767,64.17330492519906,28.140481712782652,1970,23.408700000000003,0.05526262626262565,0.23028109869951696,0.28124166666666667,-0.20231313131312934,1990,9084780,83.4315679269715,0.09049773755656108,0.5716440422322775,0.22744777974231442,Low
GTM,Guatemala,North America,108889,1990,9084780,83.4315679269715,30.009772792939437,1980,23.53685,-0.20231313131312934,0.21202326325221932,0.30370833333333336,0.10686868686868656,2000,11735894,107.77850838927715,0.35294117647058826,0.6591251885369532,0.48231983111171217,Medium
GUF,French Guiana,South America,83534,1970,46484,0.55646802499581,,1960,25.991683333333334,0.1318888888888831,0.18924046067036657,0.294325,0.34804545454545466,1980,66825,0.7999736634184883,0.6455505279034691,0.013574660633484163,0.09361158762704616,Low
GUF,French Guiana,South America,83534,1980,66825,0.7999736634184883,43.75914293090095,1970,25.869775000000004,0.34804545454545466,0.21173270013750758,0.25271666666666665,-0.04484343434343365,1990,113931,1.3638877582780664,0.21568627450980393,0.0196078431372549,0.06503185863441961,Low
GUF,French Guiana,South America,83534,1990,113931,1.3638877582780664,70.49158249158249,1980,26.104591666666664,-0.04484343434343365,0.2930776847725442,0.2508916666666667,0.5462525252525283,2000,164351,1.9674743218330262,0.8220211161387632,0.033182503770739065,0.16515664923308915,Low
GUM,Guam,Oceania,549,1970,88300,160.83788706739526,,1960,26.877783333333333,-0.09766666666667073,0.10333778962911876,0.5371916666666667,0.24728282828283282,1980,110286,200.88524590163934,0.5203619909502263,0.799396681749623,0.6449617421787421,High
GUM,Guam,Oceania,549,1980,110286,200.88524590163934,24.89920724801813,1970,27.068666666666665,0.24728282828283282,0.13616637454343689,0.49175,0.13848484848484718,1990,138263,251.84517304189436,0.4117647058823529,0.8461538461538461,0.5902679811685199,High
GUM,Guam,Oceania,549,1990,138263,251.84517304189436,25.36768039461037,1980,27.44195,0.13848484848484718,0.1904473244481277,0.4845750000000001,0.461550505050507,2000,160188,291.78142076502735,0.7481146304675717,0.8748114630467572,0.8089865600898574,High
GUY,Guyana,South America,214969,1970,705261,3.2807567602770633,,1960,26.263516666666664,0.12743434343434284,0.22199155665298415,0.35649999999999993,0.403343434343433,1980,778176,3.619945201401132,0.6907993966817496,0.06787330316742081,0.21653368532136466,Low
GUY,Guyana,South America,214969,1980,778176,3.619945201401132,10.33872566326508,1970,26.084316666666666,0.403343434343433,0.21365228903040404,0.3372583333333333,0.009328282828285885,1990,747116,3.47545925226428,0.2579185520361991,0.06485671191553545,0.1293358002529996,Low
GUY,Guyana,South America,214969,1990,747116,3.47545925226428,-3.991384982317625,1980,26.325558333333333,0.009328282828285885,0.30801771445892795,0.3595083333333334,0.3485707070707034,2000,759051,3.530978885327652,0.6470588235294118,0.06636500754147813,0.20722466963011277,Low
HKG,Hong Kong,Asia,1104,1970,3955072,3582.4927536231885,,1960,22.969875000000002,-0.36576262626262857,0.25986839826777036,0.30907500000000004,0.3097474747474712,1980,4978544,4509.550724637681,0.6003016591251885,0.9864253393665159,0.7695146313260369,High
HKG,Hong Kong,Asia,1104,1980,4978544,4509.550724637681,25.87745558108676,1970,22.917783333333336,0.3097474747474712,0.2568721051686366,0.2503,0.040727272727273625,1990,5838574,5288.563405797101,0.28808446455505277,0.9879336349924586,0.5334869560286637,Medium
HKG,Hong Kong,Asia,1104,1990,5838574,5288.563405797101,17.27472931845133,1980,22.969633333333338,0.040727272727273625,0.3042954541703367,0.23270833333333335,0.3234090909090898,2000,6731195,6097.096920289855,0.6199095022624435,0.9909502262443439,0.7837725827802264,High
HND,Honduras,North America,112492,1970,2782753,24.737341322049566,,1960,24.872566666666664,0.010606060606058496,0.17773872827129517,0.32660000000000006,0.3078939393939402,1980,3777990,33.58452156597802,0.5957767722473605,0.3453996983408748,0.4536310366506445,Medium
HND,Honduras,North America,112492,1980,3777990,33.58452156597802,35.76447496418116,1970,24.95475833333333,0.3078939393939402,0.20967797171804534,0.29513333333333336,-0.05140404040403938,1990,5053234,44.920829925683606,0.20512820512820512,0.4132730015082956,0.29115966243170205,Low
HND,Honduras,North America,112492,1990,5053234,44.920829925683606,33.75456261133565,1980,25.122149999999998,-0.05140404040403938,0.2370221368751746,0.35114999999999996,0.4318181818181822,2000,6656725,59.175096895779255,0.7149321266968326,0.48114630467571645,0.5865040075345881,High
HRV,Croatia,Europe,56594,1970,4492638,79.38364490935435,,1960,11.428099999999999,-0.24096969696969694,0.4811464285623395,0.30535,0.09459090909090902,1980,4680144,82.6968229847687,0.3378582202111614,0.5686274509803921,0.43830977464738874,Medium
HRV,Croatia,Europe,56594,1980,4680144,82.6968229847687,4.17362805549879,1970,11.465258333333333,0.09459090909090902,0.3886344793011594,0.26494166666666674,0.7161515151515132,1990,4873707,86.1170265399159,0.8959276018099548,0.5806938159879337,0.7212902452854472,High
HRV,Croatia,Europe,56594,1990,4873707,86.1170265399159,4.135834282022088,1980,11.5285,0.7161515151515132,0.3985271422134356,0.24658333333333332,-0.17828282828282718,2000,4548434,80.3695444746793,0.11764705882352941,0.555052790346908,0.25553928910464396,Low
HTI,Haiti,North America,27750,1970,4680812,168.6779099099099,,1960,26.558533333333333,0.02272727272727359,0.13618359964198276,0.3585166666666666,0.31317171717171516,1980,5646676,203.48381981981981,0.6018099547511312,0.8024132730015083,0.6949102787531242,High
HTI,Haiti,North America,27750,1980,5646676,203.48381981981981,20.634539477338553,1970,26.460416666666667,0.31317171717171516,0.1633831483392397,0.322925,-0.16188383838383638,1990,6925331,249.56147747747747,0.1297134238310709,0.8446455505279035,0.331001308581483,Medium
HTI,Haiti,North America,27750,1990,6925331,249.56147747747747,22.644384058869328,1980,26.779025,-0.16188383838383638,0.1902719190034147,0.3560083333333333,0.4505252525252521,2000,8360225,301.2693693693694,0.7405731523378583,0.8823529411764706,0.8083606244255342,High
HUN,Hungary,Europe,93028,1970,10315366,110.88452938900116,,1960,9.860400000000002,-0.04597979797979884,0.5838720868918784,0.31256666666666666,0.0029393939393927947,1980,10698679,115.00493399836608,0.25339366515837103,0.6847662141779789,0.4165518224509169,Medium
HUN,Hungary,Europe,93028,1980,10698679,115.00493399836608,3.7159418289181456,1970,9.981349999999999,0.0029393939393927947,0.43000605720292023,0.26881666666666665,0.6232323232323234,1990,10375989,111.53619340413638,0.8597285067873304,0.6711915535444947,0.7596331431007186,High
HUN,Hungary,Europe,93028,1990,10375989,111.53619340413638,-3.016166762270367,1980,9.885933333333336,0.6232323232323234,0.5526775484145444,0.26409999999999995,-0.4104747474747491,2000,10202055,109.66649825858882,0.04524886877828054,0.6681749622926093,0.17387973196928624,Low
IDN,Indonesia,Asia,1904569,1970,115228394,60.50103409222769,,1960,25.880925,0.1467727272727281,0.11802232723102972,0.23250833333333337,-0.04696969696969451,1980,148177096,77.80085468155788,0.21116138763197587,0.5429864253393665,0.3386115282148363,Medium
IDN,Indonesia,Asia,1904569,1980,148177096,77.80085468155788,28.594256030332254,1970,25.966083333333337,-0.04696969696969451,0.13682130786611846,0.23590833333333333,0.21589393939394214,1990,182159874,95.64362015763146,0.4962292609351433,0.6168929110105581,0.5532814051700078,Medium
IDN,Indonesia,Asia,1904569,1990,182159874,95.64362015763146,22.933893912997185,1980,26.073874999999997,0.21589393939394214,0.1581757099521136,0.21874166666666667,0.3151969696969725,2000,214072421,112.39940427466792,0.6033182503770739,0.6772247360482655,0.6392042262569259,High
IMN,Isle of Man,Europe,572,1970,55298,96.67482517482517,,1960,9.337,-0.06848484848485015,0.42177922234481363,0.2893833333333333,-0.5833636363636365,1980,64022,111.92657342657343,0.02865761689291101,0.6742081447963801,0.13900071481706464,Low
IMN,Isle of Man,Europe,572,1980,64022,111.92657342657343,15.776339108105187,1970,9.594966666666668,-0.5833636363636365,0.31994771502219477,0.27795000000000003,0.25408585858585786,1990,68865,120.39335664335664,0.5294117647058824,0.693815987933635,0.6060646389231934,High
IMN,Isle of Man,Europe,572,1990,68865,120.39335664335664,7.564587173159221,1980,9.567091666666666,0.25408585858585786,0.5095795770918179,0.24099999999999996,0.48188888888888787,2000,75562,132.1013986013986,0.7662141779788839,0.7164404223227753,0.7409094474096614,High
IND,India,Asia,3287590,1970,557501301,169.57750236495426,,1960,24.10409166666667,0.23382323232323296,0.22625117554410976,0.26528333333333337,0.37200000000000205,1980,696828385,211.95720421342077,0.669683257918552,0.8069381598793364,0.7351142604022829,High
IND,India,Asia,3287590,1980,696828385,211.95720421342077,24.991346881179744,1970,24.145416666666666,0.37200000000000205,0.23968487670993516,0.22657499999999997,0.23293939393939256,1990,870452165,264.7690755234077,0.5067873303167421,0.8567119155354449,0.6589163410667171,High
IND,India,Asia,3287590,1990,870452165,264.7690755234077,24.916289826511594,1980,24.362283333333334,0.23293939393939256,0.26547079650896094,0.20110833333333336,0.41095959595959236,2000,1059633675,322.31320663464726,0.7013574660633484,0.8944193061840121,0.792027561504874,High
IRL,Ireland,Europe,70273,1970,2937637,41.803210336829224,,1960,9.420141666666666,-0.038762626262626214,0.3432158107540935,0.2632416666666667,-0.4171313131313134,1980,3391387,48.26017104720163,0.043740573152337855,0.43137254901960786,0.13736259511345367,Low
IRL,Ireland,Europe,70273,1980,3391387,48.26017104720163,15.446088131379065,1970,9.630366666666665,-0.4171313131313134,0.3435196441984695,0.23582500000000003,0.11647474747474697,1990,3485374,49.59762639989754,0.36048265460030166,0.44042232277526394,0.39845276766419635,Medium
IRL,Ireland,Europe,70273,1990,3485374,49.59762639989754,2.7713439958341635,1980,9.629083333333334,0.11647474747474697,0.45696506338505577,0.2139333333333333,0.6487979797979798,2000,3768950,53.63297425753846,0.8702865761689291,0.46003016591251883,0.6327385542437179,High
IRN,Iran,Asia,1648195,1970,28449705,17.26112808253878,,1960,17.710333333333335,-0.36276767676767696,0.4228569023525462,0.33690000000000003,0.4852020202020194,1980,38520664,23.371423890983774,0.7677224736048266,0.27450980392156865,0.45907226631048254,Medium
IRN,Iran,Asia,1648195,1980,38520664,23.371423890983774,35.39916846237949,1970,17.69906666666667,0.4852020202020194,0.6273739167705891,0.3017916666666667,0.16295959595959736,1990,55793629,33.851351933478746,0.444947209653092,0.3469079939668175,0.39288133567514644,Medium
IRN,Iran,Asia,1648195,1990,55793629,33.851351933478746,44.840776887958114,1980,18.03751666666667,0.16295959595959736,0.3889831840105025,0.2695666666666667,1.3790050505050546,2000,65544383,39.76737157921241,0.9788838612368024,0.3861236802413273,0.6147928423701718,High
IRQ,Iraq,Asia,438317,1970,9811347,22.384135226331626,,1960,22.22675,-0.5949090909090924,0.6460516053006594,0.3447916666666667,0.8612878787878803,1980,13653369,31.149531047164494,0.9336349924585219,0.3288084464555053,0.554064140174027,Medium
IRQ,Iraq,Asia,438317,1980,13653369,31.149531047164494,39.158965634382305,1970,22.05880833333333,0.8612878787878803,0.5409038796186727,0.34018333333333334,0.42221717171716844,1990,17658381,40.2867810283425,0.7104072398190046,0.3951734539969834,0.5298434511284813,Medium
IRQ,Iraq,Asia,438317,1990,17658381,40.2867810283425,29.333507356316236,1980,22.089058333333334,0.42221717171716844,0.4256577753800448,0.3747,1.5811717171717208,2000,24628858,56.18960250229856,0.9879336349924586,0.47058823529411764,0.6818430507666732,High
ISL,Iceland,Europe,103000,1970,204468,1.985126213592233,,1960,1.51995,-1.8218282828282828,0.3446080808626083,0.45352500000000007,-0.4605151515151513,1980,228263,2.216145631067961,0.03770739064856712,0.03619909502262444,0.0369455466483134,Low
ISL,Iceland,Europe,103000,1980,228263,2.216145631067961,11.637517851204105,1970,1.5594333333333332,-0.4605151515151513,0.6727427369950371,0.4092666666666666,0.4587272727272726,1990,255019,2.4759126213592233,0.7450980392156863,0.04675716440422323,0.1866512028272848,Low
ISL,Iceland,Europe,103000,1990,255019,2.4759126213592233,11.721566789186166,1980,1.4805333333333333,0.4587272727272726,0.5445216243223567,0.34882500000000005,-0.1401969696969696,2000,281462,2.732640776699029,0.15384615384615385,0.05128205128205128,0.0888231183368655,Low
ISR,Israel,Asia,20770,1970,2907307,139.97626384207993,,1960,20.090516666666666,-0.5545151515151502,0.5775501258727446,0.2975083333333333,0.6412373737373721,1980,3744608,180.28926336061627,0.8687782805429864,0.7858220211161387,0.8262597075484762,High
ISR,Israel,Asia,20770,1980,3744608,180.28926336061627,28.799882502948606,1970,19.878508333333336,0.6412373737373721,0.2869875209761475,0.2549,0.3080909090909063,1990,4803254,231.25922002888782,0.5972850678733032,0.8250377073906485,0.701984831073192,High
ISR,Israel,Asia,20770,1990,4803254,231.25922002888782,28.271210230817225,1980,19.843783333333334,0.3080909090909063,0.3194618418187475,0.23523333333333332,1.1300606060606069,2000,6116958,294.50929224843526,0.971342383107089,0.8793363499245852,0.9241951448089498,High
ITA,Italy,Europe,301336,1970,53324036,176.9587304537128,,1960,12.900558333333331,-0.35745959595959587,0.3123372210691039,0.24677500000000002,-0.09305050505050401,1980,56329482,186.93246741179283,0.18401206636500755,0.7873303167420814,0.38062879357127766,Medium
ITA,Italy,Europe,301336,1980,56329482,186.93246741179283,5.636193779480614,1970,12.770333333333333,-0.09305050505050401,0.1966737571245564,0.21952499999999997,0.8491565656565656,1990,56756561,188.34975243581914,0.9321266968325792,0.7888386123680241,0.857494915483819,High
ITA,Italy,Europe,301336,1990,56756561,188.34975243581914,0.7581802367719215,1980,13.033541666666668,0.8491565656565656,0.3219849701124287,0.21036666666666667,0.3092878787878793,2000,56966397,189.04610468048955,0.5987933634992458,0.7903469079939668,0.6879349412327712,High
JAM,Jamaica,North America,10991,1970,1859091,169.1466654535529,,1960,26.296208333333333,-0.0558232323232303,0.16113071238013163,0.4742416666666666,0.24973737373737429,1980,2135546,194.2995177872805,0.526395173453997,0.7933634992458521,0.6462373532979894,High
JAM,Jamaica,North America,10991,1980,2135546,194.2995177872805,14.870439370638655,1970,26.305416666666666,0.24973737373737429,0.15476987049590266,0.34356666666666663,-0.012505050505052868,1990,2392030,217.63533800382132,0.2398190045248869,0.8099547511312217,0.44072955667448954,Medium
JAM,Jamaica,North America,10991,1990,2392030,217.63533800382132,12.010230638909203,1980,26.55005,-0.012505050505052868,0.22959246452394882,0.3564833333333334,0.2560707070707066,2000,2612205,237.66763715767445,0.5339366515837104,0.832579185520362,0.6667417359780584,High
JEY,Jersey,Europe,116,1970,68347,589.198275862069,,1960,10.945849999999998,0.1431111111111112,0.5641883726699501,0.3057166666666667,-0.16627272727272688,1980,75124,647.6206896551724,0.12518853695324283,0.9607843137254902,0.3468128927288021,Medium
JEY,Jersey,Europe,116,1980,75124,647.6206896551724,9.91557786003774,1970,11.08095,-0.16627272727272688,0.28708581271255895,0.2623666666666667,0.4667979797979796,1990,82874,714.4310344827586,0.7541478129713424,0.9653092006033183,0.8532208521104646,High
JEY,Jersey,Europe,116,1990,82874,714.4310344827586,10.316277088546943,1980,11.235033333333332,0.4667979797979796,0.5764857471171819,0.23740833333333336,0.5824696969696973,2000,86192,743.0344827586207,0.8431372549019608,0.9698340874811463,0.904269456649511,High
JOR,Jordan,Asia,89342,1970,1557374,17.431599919410804,,1960,19.842000000000002,-0.614969696969697,0.6485714036685291,0.3403333333333333,0.7695151515151502,1980,2216903,24.813671061762665,0.9155354449472096,0.2850678733031674,0.5108715515907792,Medium
JOR,Jordan,Asia,89342,1980,2216903,24.813671061762665,42.34878712499375,1970,19.588600000000003,0.7695151515151502,0.3613709638486567,0.30956666666666666,0.4681060606060603,1990,3480587,38.958015267175576,0.755656108597285,0.38009049773755654,0.5359269599816444,Medium
JOR,Jordan,Asia,89342,1990,3480587,38.958015267175576,57.00222337197434,1980,19.586025000000003,0.4681060606060603,0.3752493471051033,0.27221666666666666,1.174303030303031,2000,5056174,56.593472275077794,0.9743589743589743,0.473604826546003,0.6793092911515515,High
JPN,Japan,Asia,377930,1970,105416839,278.932180562538,,1960,12.288258333333333,-0.9018535353535366,0.262895217989223,0.20929999999999999,0.512171717171717,1980,117624196,311.23275738893443,0.7918552036199095,0.8853695324283559,0.8373078713232784,High
JPN,Japan,Asia,377930,1980,117624196,311.23275738893443,11.580082571058693,1970,12.23405,0.512171717171717,0.3315978200657431,0.19746666666666668,0.774858585858586,1990,123686321,327.27309554679437,0.9170437405731523,0.8974358974358975,0.9071868453131577,High
JPN,Japan,Asia,377930,1990,123686321,327.27309554679437,5.153807810086963,1980,12.093866666666667,0.774858585858586,0.35621143935151534,0.17636666666666664,-0.04205555555555436,2000,126803861,335.522083454608,0.22021116138763197,0.9004524886877828,0.44529730327986516,Medium
KAZ,Kazakhstan,Asia,2724900,1970,12265305,4.501194539249147,,1960,5.591375,-1.0045303030303039,0.9371152470937487,0.30696666666666667,0.49198989898989887,1980,14172710,5.201185364600536,0.7737556561085973,0.07993966817496229,0.2487041825097067,Low
KAZ,Kazakhstan,Asia,2724900,1980,14172710,5.201185364600536,15.551223552940584,1970,5.678333333333333,0.49198989898989887,0.7490181235279714,0.2516583333333333,-0.24251010101010062,1990,16866563,6.189791551983559,0.07993966817496229,0.09200603318250378,0.08576089879836801,Low
KAZ,Kazakhstan,Asia,2724900,1990,16866563,6.189791551983559,19.0073246401006,1980,6.079775000000001,-0.24251010101010062,0.7894702013097641,0.23445,0.696732323232324,2000,15236253,5.591490696906308,0.8883861236802413,0.08446455505279035,0.2739290759516499,Low
KEN,Kenya,Africa,580367,1970,11473087,19.768675682800712,,1960,24.021583333333332,-0.06877777777777731,0.21794036329861546,0.3105583333333334,0.05517171717172,1980,16187124,27.891186094316183,0.2986425339366516,0.3137254901960784,0.3060911226296428,Low
KEN,Kenya,Africa,580367,1980,16187124,27.891186094316183,41.0877822158936,1970,24.210616666666667,0.05517171717172,0.1865914839025236,0.3065583333333333,-0.11160606060605781,1990,23162269,39.90969334920835,0.1689291101055807,0.39064856711915535,0.25688891530671215,Low
KEN,Kenya,Africa,580367,1990,23162269,39.90969334920835,43.09069974382107,1980,24.475766666666665,-0.11160606060605781,0.30562927287986946,0.27318333333333333,0.40746969696969504,2000,30851606,53.15878745690227,0.6953242835595776,0.45852187028657615,0.5646427108830957,High
KGZ,Kyrgyzstan,Asia,199951,1970,3016384,15.085615975914099,,1960,3.4579999999999997,-0.6964646464646467,0.6068072837336568,0.5409583333333334,0.20327777777777847,1980,3691209,18.460567839120586,0.4766214177978884,0.2398190045248869,0.3380870804268181,Medium
KGZ,Kyrgyzstan,Asia,199951,1980,3691209,18.460567839120586,22.371985794912064,1970,3.539725,0.20327777777777847,0.5901700056735414,0.4503583333333333,-0.5358737373737377,1990,4394734,21.97905486844277,0.030165912518853696,0.26395173453996984,0.08923197259577098,Low
KGZ,Kyrgyzstan,Asia,199951,1990,4394734,21.97905486844277,19.05947346790713,1980,3.910125,-0.5358737373737377,0.4647458167999701,0.4025083333333333,0.7393080808080807,2000,4935182,24.681957079484473,0.9034690799396682,0.28355957767722473,0.5061494944698879,Medium
KHM,Cambodia,Asia,181035,1970,6708525,37.05650840997597,,1960,26.977533333333334,0.17217171717171798,0.243258448803589,0.265675,0.2879545454545443,1980,6198959,34.24177092827354,0.5716440422322775,0.35444947209653094,0.45013212393291574,Medium
KHM,Cambodia,Asia,181035,1980,6198959,34.24177092827354,-7.5957978840356155,1970,26.89700833333334,0.2879545454545443,0.25523058724522907,0.2753333333333333,-0.0449343434343464,1990,8910808,49.22146546247963,0.21417797888386123,0.4343891402714932,0.30501899631407636,Low
KHM,Cambodia,Asia,181035,1990,8910808,49.22146546247963,43.74684523643406,1980,27.043808333333335,-0.0449343434343464,0.1807191301522693,0.29179999999999995,0.11878282828282774,2000,12118841,66.94197807053885,0.363499245852187,0.5098039215686274,0.43048036078627744,Medium
KIR,Kiribati,Oceania,811,1970,57437,70.82244143033292,,1960,26.839358333333337,0.3865909090909089,0.20069182700750296,0.6217583333333334,0.6266818181818192,1980,60813,74.98520345252774,0.8627450980392157,0.5369532428355958,0.6806274885226653,High
KIR,Kiribati,Oceania,811,1980,60813,74.98520345252774,5.877744311158306,1970,26.733658333333334,0.6266818181818192,0.27983080601389926,0.5584166666666667,-0.22859090909091107,1990,75124,92.63131935881627,0.08597285067873303,0.6063348416289592,0.2283163042813188,Low
KIR,Kiribati,Oceania,811,1990,75124,92.63131935881627,23.532797263742957,1980,27.070525000000004,-0.22859090909091107,0.27073001479165754,0.6184583333333334,0.08283333333333331,2000,88826,109.5265104808878,0.32428355957767724,0.665158371040724,0.46443505923215506,Medium
KNA,Saint Kitts and Nevis,North America,261,1970,44968,172.2911877394636,,1960,26.096425,-0.3764393939393924,0.19345829846131324,0.32071666666666665,0.1322070707070742,1980,43097,165.12260536398466,0.3951734539969834,0.7631975867269984,0.5491770447033182,Medium
KNA,Saint Kitts and Nevis,North America,261,1980,43097,165.12260536398466,-4.160736523750219,1970,25.99605833333333,0.1322070707070742,0.23827810387995635,0.26375,-0.19541414141414318,1990,40636,155.6934865900383,0.10105580693815988,0.7541478129713424,0.2760634271149793,Low
KNA,Saint Kitts and Nevis,North America,261,1990,40636,155.6934865900383,-5.710374271991093,1980,26.29153333333333,-0.19541414141414318,0.23609134561752976,0.2404416666666666,0.511429292929295,2000,45461,174.18007662835248,0.7903469079939668,0.77526395173454,0.7827691020553746,High
KOR,South Korea,Asia,100210,1970,32601143,325.3282406945415,,1960,12.100733333333334,-1.0605050505050484,0.37632650087391906,0.25495833333333334,0.9163535353535361,1980,38170501,380.9051092705319,0.9441930618401206,0.9245852187028658,0.9343377058532832,High
KOR,South Korea,Asia,100210,1980,38170501,380.9051092705319,17.08332128109742,1970,12.176633333333333,0.9163535353535361,0.38877570848215176,0.23728333333333335,1.0905252525252525,1990,44120039,440.2758107973256,0.9653092006033183,0.9351432880844646,0.9501065308008219,High
KOR,South Korea,Asia,100210,1990,44120039,440.2758107973256,15.58674328115317,1980,12.069066666666666,1.0905252525252525,0.40251991249747726,0.20016666666666666,0.4500656565656568,2000,46788591,466.9054086418521,0.7360482654600302,0.9366515837104072,0.8303136597277173,High
KWT,Kuwait,Asia,17818,1970,802786,45.054776069143564,,1960,25.398925000000002,-0.19134848484848038,0.5877777074621414,0.4418666666666667,0.7382929292929297,1980,1493870,83.84049837243238,0.9004524886877828,0.5746606334841629,0.7193431709356198,High
KWT,Kuwait,Asia,17818,1980,1493870,83.84049837243238,86.08570652701965,1970,25.268466666666665,0.7382929292929297,0.44143695127290933,0.46443333333333336,0.2817727272727261,1990,1674938,94.00258165899652,0.5625942684766214,0.6108597285067874,0.5862304854757244,High
KWT,Kuwait,Asia,17818,1990,1674938,94.00258165899652,12.120733397149674,1980,25.372291666666666,0.2817727272727261,0.39754035741596233,0.6035833333333334,1.6111868686868671,2000,1934901,108.59249073970143,0.9894419306184012,0.6606334841628959,0.8084914780016527,High
LAO,Laos,Asia,236800,1970,2675283,11.297647804054055,,1960,23.93081666666667,0.07643434343434545,0.29913088250327885,0.3005666666666667,0.3078080808080825,1980,3297519,13.925333614864865,0.5942684766214178,0.1870286576168929,0.3333845159069924,Medium
LAO,Laos,Asia,236800,1980,3297519,13.925333614864865,23.25869823865363,1970,23.799483333333335,0.3078080808080825,0.2882311995628207,0.2579333333333333,-0.13598989898989863,1990,4314443,18.219776182432433,0.15535444947209653,0.23529411764705882,0.19119097288073392,Low
LAO,Laos,Asia,236800,1990,4314443,18.219776182432433,30.83906415702229,1980,23.949800000000003,-0.13598989898989863,0.2110501702756092,0.2609416666666667,0.29644444444444434,2000,5430853,22.93434543918919,0.579185520361991,0.26998491704374056,0.3954381805894163,Medium
LBN,Lebanon,Asia,10452,1970,2381791,227.87897053195562,,1960,18.12271666666667,-0.6737878787878806,0.5914511865408725,0.34052499999999997,0.5348888888888913,1980,2963702,283.5535782625335,0.8129713423831071,0.8657616892911011,0.8389513947344345,High
LBN,Lebanon,Asia,10452,1980,2963702,283.5535782625335,24.431656681883517,1970,17.886400000000002,0.5348888888888913,0.3517257280285335,0.2877416666666667,0.3976515151515143,1990,3593700,343.8289322617681,0.6847662141779789,0.9079939668174962,0.7885198736582752,High
LBN,Lebanon,Asia,10452,1990,3593700,343.8289322617681,21.257130440239933,1980,17.880258333333334,0.3976515151515143,0.3044316599007799,0.27137500000000003,1.1269141414141435,2000,4320642,413.37944890929964,0.9698340874811463,0.9291101055806938,0.9492537339486022,High
LBR,Liberia,Africa,111369,1970,1463563,13.141565426644757,,1960,25.51575,-0.01867676767677317,0.15490030641970523,0.30334999999999995,0.10160606060606,1980,1932169,17.349253382898294,0.34992458521870284,0.22473604826546004,0.2804294358176072,Low
LBR,Liberia,Africa,111369,1980,1932169,17.349253382898294,32.018163891817444,1970,25.582666666666665,0.10160606060606,0.2659969941519404,0.29825833333333335,0.25163131313131454,1990,2209731,19.84152681625946,0.5279034690799397,0.248868778280543,0.3624619861447335,Medium
LBR,Liberia,Africa,111369,1990,2209731,19.84152681625946,14.365306554447365,1980,25.801775000000003,0.25163131313131454,0.22799718760366622,0.3024833333333333,0.4103585858585851,2000,2895224,25.996677711032692,0.698340874811463,0.30165912518853694,0.45897810119767535,Medium
LBY,Libya,Africa,1759540,1970,1909177,1.0850432499403253,,1960,22.513916666666667,-0.0021313131313123986,0.4686287854398573,0.4880416666666667,0.3669242424242398,1980,2962720,1.6838037214271913,0.6606334841628959,0.02865761689291101,0.13759426330980976,Low
LBY,Libya,Africa,1759540,1980,2962720,1.6838037214271913,55.18309721937777,1970,22.357575,0.3669242424242398,0.19902045426973775,0.40389166666666665,0.5628181818181799,1990,4236983,2.408006069768235,0.832579185520362,0.042232277526395176,0.18751457336856775,Low
LBY,Libya,Africa,1759540,1990,4236983,2.408006069768235,43.00990306205108,1980,22.589500000000005,0.5628181818181799,0.1870886732569746,0.4726166666666666,0.8290101010100979,2000,5154790,2.929623651636223,0.9306184012066365,0.05731523378582202,0.23095153437582155,Low
LCA,Saint Lucia,North America,616,1970,103090,167.3538961038961,,1960,26.95445833333333,-0.2070353535353561,0.1938121591877262,0.3235,0.16521717171717293,1980,121633,197.45616883116884,0.4479638009049774,0.7963800904977375,0.5972850678733032,High
LCA,Saint Lucia,North America,616,1980,121633,197.45616883116884,17.98719565428266,1970,26.827825,0.16521717171717293,0.21535911957347986,0.2835,-0.16713131313131305,1990,142301,231.00811688311688,0.12217194570135746,0.8235294117647058,0.31719424739044133,Medium
LCA,Saint Lucia,North America,616,1990,142301,231.00811688311688,16.99209918360971,1980,27.082583333333332,-0.16713131313131305,0.25982027910023564,0.25198333333333334,0.5198333333333316,2000,159500,258.92857142857144,0.803921568627451,0.8491704374057315,0.8262363040143385,High
LIE,Liechtenstein,Europe,160,1970,21089,131.80625,,1960,4.713416666666666,-0.2714545454545457,0.6071009019386151,0.44784999999999997,0.2775757575757575,1980,25003,156.26875,0.555052790346908,0.755656108597285,0.6476334083566174,High
LIE,Liechtenstein,Europe,160,1980,25003,156.26875,18.559438569870544,1970,4.840616666666667,0.2775757575757575,0.33435049000764183,0.3940666666666667,0.8933080808080813,1990,28765,179.78125,0.9396681749622926,0.7828054298642534,0.8576580610191429,High
LIE,Liechtenstein,Europe,160,1990,28765,179.78125,15.046194456665196,1980,5.0146250000000006,0.8933080808080813,0.529010754535073,0.3393333333333334,-0.16096969696969737,2000,33026,206.4125,0.13122171945701358,0.8054298642533937,0.32509981803956667,Medium
LKA,Sri Lanka,Asia,65610,1970,12388769,188.82440176802317,,1960,27.16120833333333,0.29644949494949635,0.11810365979739236,0.2579916666666667,0.3671464646464634,1980,14943645,227.7647462277092,0.6621417797888386,0.8205128205128205,0.7370860325049707,High
LKA,Sri Lanka,Asia,65610,1980,14943645,227.7647462277092,20.622517055568636,1970,27.181558333333335,0.3671464646464634,0.20444120761235032,0.25115,-0.007626262626260427,1990,17204094,262.2175582990398,0.2473604826546003,0.8536953242835595,0.4595329013843914,Medium
LKA,Sri Lanka,Asia,65610,1990,17204094,262.2175582990398,15.126490223770706,1980,27.481583333333333,-0.007626262626260427,0.24480015250234355,0.33045833333333335,0.2971616161616134,2000,18776371,286.1815424477976,0.5822021116138764,0.8672699849170438,0.7105817451623969,High
LSO,Lesotho,Africa,30355,1970,1023481,33.71704826223028,,1960,13.973400000000002,-0.057393939393939886,0.26620374861074214,0.3017333333333333,0.03924747474747282,1980,1407672,46.373645198484596,0.2850678733031674,0.4238310708898944,0.34759260926893454,Medium
LSO,Lesotho,Africa,30355,1980,1407672,46.373645198484596,37.53767778786319,1970,13.890025,0.03924747474747282,0.3015642715827733,0.31329166666666663,0.061727272727272915,1990,1798997,59.26526107725251,0.3076923076923077,0.4841628959276018,0.38597046356807463,Medium
LSO,Lesotho,Africa,30355,1990,1798997,59.26526107725251,27.799444757017255,1980,14.252799999999999,0.061727272727272915,0.4015614776622777,0.30522499999999997,0.09499494949495002,2000,1998630,65.8418711909076,0.34087481146304677,0.5082956259426847,0.41625133712782714,Medium
LTU,Lithuania,Europe,65300,1970,3210147,49.15998468606432,,1960,5.890849999999999,-0.8754747474747473,0.7276290172519927,0.31786666666666663,-0.8535858585858584,1980,3521206,53.92352220520674,0.012066365007541479,0.46153846153846156,0.07462634616502553,Low
LTU,Lithuania,Europe,65300,1980,3521206,53.92352220520674,9.68986778487091,1970,6.259883333333333,-0.8535858585858584,0.8874890004640233,0.2592083333333334,0.6866464646464654,1990,3785847,57.976217457886676,0.8853695324283559,0.4766214177978884,0.6496045580359304,High
LTU,Lithuania,Europe,65300,1990,3785847,57.976217457886676,7.5156352681439165,1980,6.2421500000000005,0.6866464646464654,1.1272438225408097,0.2409333333333333,-0.7144545454545453,2000,3599637,55.124609494640126,0.01809954751131222,0.4660633484162896,0.09184517253477123,Low
LUX,Luxembourg,Europe,2586,1970,339342,131.22273781902553,,1960,9.177833333333334,-0.0064949494949497885,0.6878648911001018,0.26488333333333336,-0.07342929292929293,1980,363741,140.65777262180976,0.19457013574660634,0.7315233785822021,0.3772699339631442,Medium
LUX,Luxembourg,Europe,2586,1980,363741,140.65777262180976,7.190091412203614,1970,9.396408333333333,-0.07342929292929293,0.444160214502213,0.24696666666666664,0.6852777777777784,1990,381267,147.43503480278423,0.8838612368024132,0.7450980392156863,0.8115191152894856,High
LUX,Luxembourg,Europe,2586,1990,381267,147.43503480278423,4.8182635446650135,1980,9.461408333333335,0.6852777777777784,0.6721356405062026,0.22044166666666665,-0.024550505050505395,2000,435628,168.45630317092034,0.23076923076923078,0.7677224736048266,0.42091177778489036,Medium
LVA,Latvia,Europe,64559,1970,2397414,37.13524063259964,,1960,5.281000000000001,-1.1291919191919186,0.6957653850302987,0.29721666666666663,-0.9375707070707073,1980,2572037,39.84009975371366,0.004524886877828055,0.3891402714932127,0.041962074640252055,Low
LVA,Latvia,Europe,64559,1980,2572037,39.84009975371366,7.283806634982537,1970,5.687775,-0.9375707070707073,0.9293494933094617,0.266875,0.6792070707070698,1990,2689391,41.65787883951114,0.8793363499245852,0.39819004524886875,0.5917288069423743,High
LVA,Latvia,Europe,64559,1990,2689391,41.65787883951114,4.5626870842060185,1980,5.665441666666667,0.6792070707070698,1.1310134772198004,0.2565333333333333,-0.7046565656565668,2000,2392530,37.05958890317384,0.0196078431372549,0.3695324283559578,0.08512187667886856,Low
MAC,Macau,Asia,30,1970,247284,8242.8,,1960,22.72139166666667,-0.3914090909090909,0.2730777574027282,0.34685,0.3218838383838413,1980,245332,8177.733333333334,0.6153846153846154,0.9924585218702866,0.7815009313918508,High
MAC,Macau,Asia,30,1980,245332,8177.733333333334,-0.7893757784571576,1970,22.672341666666668,0.3218838383838413,0.2730657951298254,0.26897499999999996,0.025040404040404605,1990,350227,11674.233333333334,0.27601809954751133,0.9939668174962293,0.5237870101277782,Medium
MAC,Macau,Asia,30,1990,350227,11674.233333333334,42.75634650188316,1980,22.730783333333335,0.025040404040404605,0.33699439746741944,0.25903333333333334,0.2641212121212119,2000,431896,14396.533333333333,0.5460030165912518,0.9969834087481146,0.737804817460485,High
MAF,Saint Martin,North America,53,1970,5802,109.47169811320755,,1960,26.82451666666667,-0.3831515151515186,0.19652735114348563,0.35830833333333334,0.15963636363636516,1980,7776,146.71698113207546,0.4374057315233786,0.7420814479638009,0.569728600823703,High
MAF,Saint Martin,North America,53,1980,7776,146.71698113207546,34.02275077559462,1970,26.748399999999997,0.15963636363636516,0.2400512064246888,0.3485083333333333,-0.14423232323232413,1990,28127,530.6981132075472,0.15082956259426847,0.9457013574660633,0.37767674285215425,Medium
MAF,Saint Martin,North America,53,1990,28127,530.6981132075472,261.71553497942386,1980,27.048000000000002,-0.14423232323232413,0.21073963294046585,0.31251666666666666,0.514823232323232,2000,29610,558.6792452830189,0.7978883861236803,0.9487179487179487,0.870040822599223,High
MAR,Morocco,Africa,446550,1970,15274351,34.20524241406338,,1960,17.868850000000002,-0.6360404040404046,0.2374019827077388,0.4554666666666666,0.6504393939393938,1980,19678444,44.06772813794648,0.8717948717948718,0.4117647058823529,0.5991446895152781,High
MAR,Morocco,Africa,446550,1980,19678444,44.06772813794648,28.833257792753365,1970,17.42460833333333,0.6504393939393938,0.4289978319138184,0.4473583333333333,0.45047979797979865,1990,24570814,55.02365692531632,0.7375565610859729,0.4645550527903469,0.5853508581792298,High
MAR,Morocco,Africa,446550,1990,24570814,55.02365692531632,24.86156933952706,1980,18.199891666666666,0.45047979797979865,0.3560592165684384,0.3563583333333333,0.7779898989899006,2000,28554415,63.94449669689844,0.9215686274509803,0.5007541478129713,0.6793226867184589,High
MCO,Monaco,Europe,2,1970,24270,12135.0,,1960,9.11915,-0.2926262626262633,0.4601824099937323,0.34045000000000003,-0.040252525252525026,1980,27076,13538.0,0.22171945701357465,0.995475113122172,0.4698044290467841,Medium
MCO,Monaco,Europe,2,1980,27076,13538.0,11.561598681499795,1970,9.095766666666666,-0.040252525252525026,0.17895764729364988,0.33416666666666667,0.8829141414141413,1990,30329,15164.5,0.9366515837104072,0.9984917043740573,0.9670774716762172,High
MCO,Monaco,Europe,2,1990,30329,15164.5,12.014330033978426,1980,9.413375,0.8829141414141413,0.39060972599693006,0.30484999999999995,0.14466666666666658,2000,32465,16232.5,0.416289592760181,1.0,0.6452050780644717,High
MDA,Moldova,Europe,33846,1970,3711140,109.64781658098445,,1960,9.287816666666668,-0.7781515151515149,0.6645358061913872,0.3247833333333333,-0.33921717171717386,1980,4103240,121.2326419665544,0.05279034690799397,0.6953242835595776,0.19158917021236474,Low
MDA,Moldova,Europe,33846,1980,4103240,121.2326419665544,10.565486615972453,1970,9.262058333333334,-0.33921717171717386,0.5894041347203465,0.2863583333333333,0.3738232323232318,1990,4480199,132.3701175914436,0.6726998491704375,0.7194570135746606,0.6956857225186439,High
MDA,Moldova,Europe,33846,1990,4480199,132.3701175914436,9.186862089470749,1980,9.068591666666666,0.3738232323232318,0.8893966025667703,0.26644166666666663,-0.4343383838383827,2000,4251573,125.61522779648999,0.04072398190045249,0.7058823529411765,0.16954745697009227,Low
MDG,Madagascar,Africa,587041,1970,6639751,11.310540490357573,,1960,22.828308333333332,0.14404545454545636,0.3884224264499259,0.3283333333333333,0.2718585858585822,1980,8948162,15.242822903340652,0.5535444947209653,0.2066365007541478,0.33820481575646305,Medium
MDG,Madagascar,Africa,587041,1980,8948162,15.242822903340652,34.766529648476286,1970,22.882,0.2718585858585822,0.22859947929136987,0.30859166666666665,0.1262575757575753,1990,11882762,20.24179231092888,0.3815987933634992,0.25188536953242835,0.31003089052462784,Low
MDG,Madagascar,Africa,587041,1990,11882762,20.24179231092888,32.7955618148174,1980,23.011158333333334,0.1262575757575753,0.21844040881985893,0.2737,0.3427272727272719,2000,16216431,27.62401774322407,0.6395173453996983,0.31070889894419307,0.44576196590204226,Medium
MEX,Mexico,North America,1964375,1970,50289306,25.600664842507157,,1960,20.7012,-0.23125252525252366,0.21132515469380425,0.22640833333333332,-0.023393939393941285,1980,67705186,34.46652803054407,0.23378582202111614,0.3574660633484163,0.28908562306791025,Low
MEX,Mexico,North America,1964375,1980,67705186,34.46652803054407,34.63137868715069,1970,20.599383333333332,-0.023393939393941285,0.23048590976797548,0.22368333333333332,-0.18906565656565688,1990,81720428,41.6012360165447,0.10407239819004525,0.39668174962292607,0.20318371244142822,Low
MEX,Mexico,North America,1964375,1990,81720428,41.6012360165447,20.70039656932632,1980,20.763841666666668,-0.18906565656565688,0.20226510760899702,0.20990000000000003,0.49816666666666587,2000,97873442,49.82421482659879,0.7782805429864253,0.4434389140271493,0.5874690449635287,High
MKD,North Macedonia,Europe,25713,1970,1656783,64.43367168358418,,1960,10.688566666666667,-0.4732929292929282,0.3337718705624402,0.38260833333333333,0.13646969696969424,1980,1907023,74.16571384124762,0.40271493212669685,0.5354449472096531,0.4643615784850403,Medium
MKD,North Macedonia,Europe,25713,1980,1907023,74.16571384124762,15.103969560286412,1970,10.400425,0.13646969696969424,0.39805752722132176,0.3595166666666667,0.6391262626262618,1990,2044174,79.49963053708241,0.8672699849170438,0.5535444947209653,0.6928726618849702,High
MKD,North Macedonia,Europe,25713,1990,2044174,79.49963053708241,7.191890186956318,1980,10.493108333333334,0.6391262626262618,0.13959272054134225,0.3188916666666667,0.210181818181817,2000,2037936,79.25702951814257,0.48717948717948717,0.5520361990950227,0.5185949405650101,Medium
MLI,Mali,Africa,1240192,1970,6153587,4.961801882289194,,1960,28.518008333333334,0.3969848484848518,0.26381604092848204,0.3836333333333333,0.10865151515151633,1980,7372581,5.944709367581794,0.3559577677224736,0.0889894419306184,0.1779788838612368,Low
MLI,Mali,Africa,1240192,1980,7372581,5.944709367581794,19.809486727009794,1970,28.554025000000003,0.10865151515151633,0.3866140410315998,0.31218333333333337,-0.035176767676767765,1990,8945026,7.212613853338838,0.22624434389140272,0.10407239819004525,0.15344637970871647,Low
MLI,Mali,Africa,1240192,1990,8945026,7.212613853338838,21.32828381268379,1980,28.913175000000003,-0.035176767676767765,0.356286197194945,0.3475583333333333,0.23812121212121334,2000,11239101,9.06238792058004,0.5098039215686274,0.13122171945701358,0.25864521486809644,Low
MLT,Malta,Europe,316,1970,315414,998.1455696202531,,1960,18.641558333333332,-0.5534090909090904,0.1605412369100134,0.4046,0.12480808080808176,1980,333587,1055.6550632911392,0.3770739064856712,0.9788838612368024,0.6075455222058169,High
MLT,Malta,Europe,316,1980,333587,1055.6550632911392,5.761633916059528,1970,18.420483333333333,0.12480808080808176,0.279064803450521,0.3703166666666666,1.0287676767676763,1990,365392,1156.3037974683543,0.9607843137254902,0.9803921568627451,0.9705387192756535,High
MLT,Malta,Europe,316,1990,365392,1156.3037974683543,9.534244439981165,1980,18.758933333333335,1.0287676767676763,0.2889575201434239,0.3584833333333333,0.567318181818179,2000,399212,1263.3291139240507,0.8355957767722474,0.9819004524886877,0.905799023685887,High
MMR,Myanmar,Asia,676578,1970,27284112,40.32663196261185,,1960,24.03014166666667,-0.16157070707070995,0.2107755319062326,0.29967499999999997,0.37634343434343137,1980,33465781,49.4633006098336,0.6757164404223228,0.43891402714932126,0.5445928975636445,Medium
MMR,Myanmar,Asia,676578,1980,33465781,49.4633006098336,22.65666186973576,1970,23.97771666666667,0.37634343434343137,0.2368953706962499,0.30152500000000004,0.12755555555555514,1990,40099553,59.268189329242155,0.38461538461538464,0.4856711915535445,0.43219973639045484,Medium
MMR,Myanmar,Asia,676578,1990,40099553,59.268189329242155,19.82255247531799,1980,24.11671666666667,0.12755555555555514,0.16221328108287217,0.292625,0.5669595959595943,2000,45538332,67.3068471041033,0.8340874811463047,0.5143288084464555,0.6549772670238901,High
MNE,Montenegro,Europe,13812,1970,530268,38.39183318853171,,1960,10.480625,-0.6282878787878786,0.28553403541713535,0.3803833333333333,0.09445454545454676,1980,589324,42.66753547639733,0.33634992458521873,0.3996983408748115,0.36665856980313427,Medium
MNE,Montenegro,Europe,13812,1980,589324,42.66753547639733,11.137009964772538,1970,10.239966666666668,0.09445454545454676,0.3661604618720918,0.3385916666666666,0.7772121212121209,1990,621442,44.99290472053287,0.9200603318250377,0.41478129713423834,0.6177570864637223,High
MNE,Montenegro,Europe,13812,1990,621442,44.99290472053287,5.4499731896206605,1980,10.372966666666667,0.7772121212121209,0.24468591459531733,0.3390916666666667,0.08874747474747394,2000,633324,45.85317115551694,0.33031674208144796,0.42081447963800905,0.37282981095229895,Medium
MNG,Mongolia,Asia,1564110,1970,1293880,0.8272308213616689,,1960,-0.5656666666666668,-1.0340707070707071,0.49703091556078766,0.3389333333333334,0.9029242424242419,1980,1697780,1.0854607412522137,0.942684766214178,0.016591251885369532,0.12506126660465308,Low
MNG,Mongolia,Asia,1564110,1980,1697780,1.0854607412522137,31.21618697251678,1970,-0.37382499999999974,0.9029242424242419,0.4327635632901181,0.2639833333333333,0.5978080808080808,1990,2161433,1.3818932172289673,0.8476621417797888,0.021116138763197588,0.13378845768649583,Low
MNG,Mongolia,Asia,1564110,1990,2161433,1.3818932172289673,27.30936870501479,1980,-0.3156333333333334,0.5978080808080808,0.5876732484402245,0.2899666666666666,1.1921666666666675,2000,2450979,1.5670119109269809,0.975867269984917,0.024132730015082957,0.1534612047297364,Low
MOZ,Mozambique,Africa,801590,1970,8411676,10.493738694344989,,1960,23.6265,0.13030303030302656,0.28310203670660794,0.2541,0.06945959595959596,1980,11413587,14.23868436482491,0.3137254901960784,0.19607843137254902,0.24802177726810817,Low
MOZ,Mozambique,Africa,801590,1980,11413587,14.23868436482491,35.68743018632672,1970,23.659558333333333,0.06945959595959596,0.21792119605458615,0.245525,0.3696161616161614,1990,13303459,16.596338527177235,0.665158371040724,0.2171945701357466,0.3800904977375566,Medium
MOZ,Mozambique,Africa,801590,1990,13303459,16.596338527177235,16.558089932639053,1980,23.918716666666665,0.3696161616161614,0.34112419547943185,0.23054166666666664,-0.03814141414141403,2000,17768505,22.166575181826122,0.22322775263951736,0.2654600301659125,0.24342975567821437,Low
MRT,Mauritania,Africa,1030700,1970,1122198,1.0887726787620065,,1960,27.731399999999997,-0.05700000000000044,0.2811612883412801,0.37063333333333337,0.415252525252524,1980,1506694,1.461816241389347,0.7058823529411765,0.02262443438914027,0.12637321306578228,Low
MRT,Mauritania,Africa,1030700,1980,1506694,1.461816241389347,34.26275933480545,1970,27.6127,0.415252525252524,0.5734379014946233,0.38397500000000007,0.05269191919191679,1990,2006027,1.9462763170660715,0.2956259426847662,0.03167420814479638,0.09676630426754412,Low
MRT,Mauritania,Africa,1030700,1990,2006027,1.9462763170660715,33.14096956648132,1980,28.140525000000004,0.05269191919191679,0.5174562196130571,0.4791833333333334,0.37547979797979797,2000,2695003,2.6147307654991754,0.6742081447963801,0.049773755656108594,0.18318807674205576,Low
MSR,Montserrat,North America,102,1970,11402,111.7843137254902,,1960,26.61885833333334,-0.3637727272727303,0.18577005475465172,0.38045,0.12765656565656816,1980,11452,112.27450980392157,0.3861236802413273,0.6757164404223228,0.5107936166157883,Medium
MSR,Montserrat,North America,102,1980,11452,112.27450980392157,0.43851955797229447,1970,26.53511666666667,0.12765656565656816,0.23663548305885707,0.300125,-0.19585858585858645,1990,10805,105.93137254901961,0.09954751131221719,0.6485671191553545,0.254092980286449,Low
MSR,Montserrat,North America,102,1990,10805,105.93137254901961,-5.6496681802305275,1980,26.819,-0.19585858585858645,0.2329758346371532,0.2656,0.5616818181818191,2000,5138,50.372549019607845,0.8310708898944194,0.4479638009049774,0.6101554512241827,High
MTQ,Martinique,North America,1128,1970,326428,289.38652482269504,,1960,26.388199999999994,-0.23352525252525316,0.1854062856524736,0.37602499999999994,0.1205707070707086,1980,333786,295.9095744680851,0.3680241327300151,0.8808446455505279,0.5693611215639952,High
MTQ,Martinique,North America,1128,1980,333786,295.9095744680851,2.254095849620752,1970,26.278991666666666,0.1205707070707086,0.21048155802850874,0.30630833333333335,-0.11994949494949696,1990,374271,331.8005319148936,0.16138763197586728,0.8989441930618401,0.38089168354888936,Medium
MTQ,Martinique,North America,1128,1990,374271,331.8005319148936,12.129028778918238,1980,26.544400000000003,-0.11994949494949696,0.2319882348831609,0.2669916666666666,0.5278232323232311,2000,432543,383.4601063829787,0.8099547511312217,0.9260935143288085,0.8660795817489456,High
MUS,Mauritius,Africa,2040,1970,830115,406.91911764705884,,1960,23.50925833333333,0.17504545454545362,0.3775937977805442,0.3337,0.5423131313131357,1980,954865,468.07107843137254,0.8205128205128205,0.9381598793363499,0.8773666329911549,High
MUS,Mauritius,Africa,2040,1980,954865,468.07107843137254,15.02803828385224,1970,23.718133333333334,0.5423131313131357,0.27511399257981545,0.33316666666666667,0.24918686868686474,1990,1090290,534.4558823529412,0.5233785822021116,0.947209653092006,0.7040946280745566,High
MUS,Mauritius,Africa,2040,1990,1090290,534.4558823529412,14.182633147094093,1980,23.826908333333336,0.24918686868686474,0.21617461997332965,0.33497499999999997,0.3343282828282814,2000,1215930,596.0441176470588,0.6274509803921569,0.9547511312217195,0.7739893625338714,High
MWI,Malawi,Africa,118484,1970,4625141,39.03599642145775,,1960,21.405691666666666,0.16025757575757382,0.2541610081613315,0.29430833333333334,0.19718686868686924,1980,6267369,52.89633199419331,0.4720965309200603,0.4555052790346908,0.4637267105182228,Medium
MWI,Malawi,Africa,118484,1980,6267369,52.89633199419331,35.50654996247682,1970,21.460258333333332,0.19718686868686924,0.2146738100367051,0.3054833333333334,0.28433333333333666,1990,9539665,80.51437324870868,0.5686274509803921,0.5565610859728507,0.5625619180424685,High
MWI,Malawi,Africa,118484,1990,9539665,80.51437324870868,52.211637770171194,1980,21.720733333333335,0.28433333333333666,0.393487362731803,0.29594166666666666,-0.19921212121211684,2000,11229387,94.77555619324129,0.09502262443438914,0.6138763197586727,0.24152047321416323,Low
MYS,Malaysia,Asia,330803,1970,10306508,31.156029419322074,,1960,26.074283333333334,0.062252525252524574,0.13610864403728531,0.22329999999999997,0.020757575757578195,1980,13215707,39.95038436773548,0.2654600301659125,0.39215686274509803,0.3226483730225264,Medium
MYS,Malaysia,Asia,330803,1980,13215707,39.95038436773548,28.22681552277455,1970,26.108449999999998,0.020757575757578195,0.1836376225148813,0.22383333333333333,0.059121212121215586,1990,17517054,52.95312920378594,0.30165912518853694,0.45701357466063347,0.3712981485698694,Medium
MYS,Malaysia,Asia,330803,1990,17517054,52.95312920378594,32.54723337919039,1980,26.23245,0.059121212121215586,0.19018533166780816,0.20292500000000002,0.30355555555555946,2000,22945150,69.36197676562789,0.5882352941176471,0.5188536953242836,0.5524563838649238,Medium
MYT,Mayotte,Africa,374,1970,35383,94.60695187165776,,1960,26.418825,-0.004106060606061479,0.32598073530004346,0.3198,0.3228282828282809,1980,52233,139.66042780748663,0.6184012066365008,0.7285067873303167,0.6712000270619396,High
MYT,Mayotte,Africa,374,1980,52233,139.66042780748663,47.62173925331374,1970,26.431700000000006,0.3228282828282809,0.24957307079774144,0.31527499999999997,0.09051010101009724,1990,92659,247.75133689839572,0.3333333333333333,0.8431372549019608,0.5301374837096382,Medium
MYT,Mayotte,Africa,374,1990,92659,247.75133689839572,77.39551624451974,1980,26.615025000000003,0.09051010101009724,0.25069898762869924,0.30995833333333334,0.3071212121212088,2000,159215,425.7085561497326,0.5912518853695324,0.9306184012066365,0.7417748204630592,High
NAM,Namibia,Africa,825615,1970,754467,0.9138242401119165,,1960,20.633166666666668,-0.16939393939393887,0.1609303256848382,0.5632333333333333,-0.39173737373737216,1980,975994,1.182141797326841,0.048265460030165915,0.01809954751131222,0.02955643731865072,Low
NAM,Namibia,Africa,825615,1980,975994,1.182141797326841,29.36205294598704,1970,20.56025,-0.39173737373737216,0.3749952668487931,0.49340833333333334,0.31824747474747395,1990,1369011,1.6581711814828946,0.6093514328808446,0.027149321266968326,0.12862145161585425,Low
NAM,Namibia,Africa,825615,1990,1369011,1.6581711814828946,40.26838279743523,1980,20.970774999999996,0.31824747474747395,0.2615439604131244,0.5760083333333333,0.256363636363637,2000,1819141,2.2033768766313595,0.5354449472096531,0.03469079939668175,0.13629018031984888,Low
NCL,New Caledonia,Oceania,18575,1970,110982,5.974804845222073,,1960,22.628333333333334,-0.2073838383838394,0.2997087023222077,0.37567500000000004,-0.3029797979797978,1980,148599,7.9999461641991925,0.06033182503770739,0.1191553544494721,0.08478714523411883,Low
NCL,New Caledonia,Oceania,18575,1980,148599,7.9999461641991925,33.89468562469589,1970,22.99926666666667,-0.3029797979797978,0.2984466766270802,0.37392499999999995,0.44053535353535334,1990,177264,9.54314939434724,0.7285067873303167,0.14027149321266968,0.31966972780416403,Medium
NCL,New Caledonia,Oceania,18575,1990,177264,9.54314939434724,19.2901701895706,1980,23.091749999999998,0.44053535353535334,0.2577405234566821,0.34453333333333336,0.971277777777778,2000,221537,11.926621803499327,0.9547511312217195,0.16591251885369532,0.3980014636397842,Medium
NER,Niger,Africa,1267000,1970,4669708,3.6856416732438833,,1960,27.490383333333334,0.7117272727272712,0.45778253601528235,0.5066750000000001,0.07929292929292973,1980,6173177,4.872278610891871,0.3212669683257919,0.0784313725490196,0.1587369184545746,Low
NER,Niger,Africa,1267000,1980,6173177,4.872278610891871,32.1962101270572,1970,27.517666666666667,0.07929292929292973,0.30372467456032465,0.383225,-0.0021464646464654934,1990,8370647,6.6066669297553275,0.248868778280543,0.09803921568627451,0.1562014719246454,Low
NER,Niger,Africa,1267000,1990,8370647,6.6066669297553275,35.597067765916954,1980,27.71794166666667,-0.0021464646464654934,0.2874607524895331,0.4141916666666667,0.7038737373737376,2000,11622665,9.17337411207577,0.8914027149321267,0.13423831070889894,0.34591963606279263,Medium
NFK,Northern Mariana Islands,Oceania,464,1970,10143,21.85991379310345,,1960,26.877783333333333,-0.09766666666667073,0.10333778962911876,0.5371916666666667,0.24728282828283282,1980,17613,37.95905172413793,0.5203619909502263,0.3740573152337858,0.44118613904399717,Medium
NFK,Northern Mariana Islands,Oceania,464,1980,17613,37.95905172413793,73.64685004436558,1970,27.068666666666665,0.24728282828283282,0.13616637454343689,0.49175,0.13848484848484718,1990,48002,103.45258620689656,0.4117647058823529,0.6455505279034691,0.5155724228994115,Medium
NFK,Northern Mariana Islands,Oceania,464,1990,48002,103.45258620689656,172.53733038096863,1980,27.44195,0.13848484848484718,0.1904473244481277,0.4845750000000001,0.461550505050507,2000,80338,173.14224137931035,0.7481146304675717,0.7722473604826546,0.7600852246406575,High
NGA,Nigeria,Africa,923768,1970,55569264,60.154999956699086,,1960,26.7642,0.3209595959595962,0.22074344957295536,0.29428333333333334,-0.05099494949494997,1980,72951439,78.97160217717003,0.2081447963800905,0.5490196078431373,0.3380467045885627,Medium
NGA,Nigeria,Africa,923768,1980,72951439,78.97160217717003,31.280196548941163,1970,26.877391666666664,-0.05099494949494997,0.266703273669321,0.2861416666666667,-0.05009090909091034,1990,95214257,103.07161213638057,0.2096530920060332,0.6425339366515838,0.36702755555654565,Medium
NGA,Nigeria,Africa,923768,1990,95214257,103.07161213638057,30.517311659883784,1980,26.989683333333335,-0.05009090909091034,0.3048916077105126,0.3042916666666667,0.4044646464646451,2000,122851984,132.99008409037768,0.693815987933635,0.7209653092006033,0.7072603892972483,High
NIC,Nicaragua,North America,130373,1970,2444767,18.752095909429098,,1960,26.1185,-0.06756565656565679,0.17517330921762084,0.383625,0.3633737373737358,1980,3303309,25.33737046781159,0.6591251885369532,0.2911010558069382,0.4380320060133212,Medium
NIC,Nicaragua,North America,130373,1980,3303309,25.33737046781159,35.11753880840178,1970,26.19471666666667,0.3633737373737358,0.21673683017442785,0.315975,0.1602979797979792,1990,4227820,32.42864703581263,0.43891402714932126,0.334841628959276,0.38336234533891644,Medium
NIC,Nicaragua,North America,130373,1990,4227820,32.42864703581263,27.98742109805652,1980,26.386858333333333,0.1602979797979792,0.2932577416693534,0.3547333333333333,0.33803030303030346,2000,5123222,39.29664884600339,0.6319758672699849,0.38461538461538464,0.4930189055783627,Medium
NIU,Niue,Oceania,260,1970,5185,19.942307692307693,,1960,25.113625,-0.20504545454545092,0.1788539438231652,0.4352083333333333,-0.19639898989898905,1980,3637,13.988461538461538,0.09803921568627451,0.19155354449472098,0.1370392617616876,Low
NIU,Niue,Oceania,260,1980,3637,13.988461538461538,-29.855351976856316,1970,25.35000833333334,-0.19639898989898905,0.24386538166243113,0.4450333333333333,0.24697979797979785,1990,2533,9.742307692307692,0.5173453996983409,0.14177978883861236,0.27083042946806823,Low
NIU,Niue,Oceania,260,1990,2533,9.742307692307692,-30.35468792961232,1980,25.390866666666668,0.24697979797979785,0.2245405335282621,0.3900416666666667,0.14427272727272736,2000,2074,7.976923076923077,0.41478129713423834,0.11764705882352941,0.22090224005847375,Low
NLD,Netherlands,Europe,41850,1970,13037686,311.533715651135,,1960,9.504841666666668,0.1843989898989903,0.6856618434555728,0.2513,-0.26524242424242556,1980,14130387,337.6436559139785,0.0693815987933635,0.9049773755656109,0.2505768887758092,Low
NLD,Netherlands,Europe,41850,1980,14130387,337.6436559139785,8.38109615463971,1970,9.736633333333334,-0.26524242424242556,0.4460173983297005,0.23842500000000003,0.5284191919191915,1990,14944548,357.0979211469534,0.8114630467571644,0.9155354449472096,0.8619299168557957,High
NLD,Netherlands,Europe,41850,1990,14944548,357.0979211469534,5.761774252892016,1980,9.805058333333331,0.5284191919191915,0.6832742212599995,0.20525,0.052015151515151195,2000,15899135,379.90764635603347,0.29411764705882354,0.9230769230769231,0.5210501057189062,Medium
NOR,Norway,Europe,323802,1970,3875546,11.968876041531553,,1960,-0.016274999999999918,-1.099308080808081,0.5785791485972729,0.3490666666666667,-0.8849999999999997,1980,4085776,12.618130833039944,0.00904977375565611,0.17345399698340874,0.03961968487651191,Low
NOR,Norway,Europe,323802,1980,4085776,12.618130833039944,5.424525989370266,1970,0.3737166666666667,-0.8849999999999997,0.6939230622756564,0.30578333333333335,0.7761464646464649,1990,4241636,13.099474370139777,0.918552036199095,0.17647058823529413,0.4026132364351444,Medium
NOR,Norway,Europe,323802,1990,4241636,13.099474370139777,3.814697624147767,1980,0.24677499999999997,0.7761464646464649,0.7133058740991253,0.28063333333333335,-0.8162373737373734,2000,4491202,13.870210807839358,0.015082956259426848,0.18552036199095023,0.05289797259954806,Low
NPL,Nepal,Asia,147181,1970,12501285,84.93817136722811,,1960,14.989833333333332,0.029414141414143877,0.3038141859535308,0.4358833333333333,0.2610151515151502,1980,15600442,105.99494499969425,0.5414781297134238,0.6500754147812972,0.5932972440256696,High
NPL,Nepal,Asia,147181,1980,15600442,105.99494499969425,24.790707515267442,1970,15.029225000000002,0.2610151515151502,0.278926991742971,0.39455,0.4328181818181812,1990,19616530,133.28167358558508,0.717948717948718,0.7239819004524887,0.7209589983126229,High
NPL,Nepal,Asia,147181,1990,19616530,133.28167358558508,25.743424449127783,1980,15.1491,0.4328181818181812,0.334555532575841,0.47780000000000006,0.4713333333333336,2000,24559500,166.86596775399,0.7571644042232277,0.7662141779788839,0.7616758507244219,High
NZL,New Zealand,Oceania,270467,1970,2824061,10.441425386461194,,1960,10.488775,-0.2519545454545464,0.2551871926308768,0.3186333333333333,-0.5318434343434344,1980,3147168,11.636051717954501,0.03167420814479638,0.16138763197586728,0.07149703103765509,Low
NZL,New Zealand,Oceania,270467,1980,3147168,11.636051717954501,11.441218868855874,1970,10.808775,-0.5318434343434344,0.3667156579096114,0.2915166666666667,0.7129393939393946,1990,3397389,12.561196005427648,0.8944193061840121,0.17043740573152338,0.39043886356533736,Medium
NZL,New Zealand,Oceania,270467,1990,3397389,12.561196005427648,7.950671842113288,1980,10.865749999999998,0.7129393939393946,0.24876263160997844,0.2607416666666667,0.9454949494949494,2000,3855266,14.254108634325075,0.9487179487179487,0.1975867269984917,0.4329596682508688,Medium
OMN,Oman,Asia,309500,1970,670693,2.1670210016155087,,1960,26.91000833333333,0.09033838383838298,0.22144315398131623,0.7167416666666667,0.3725606060606082,1980,1017462,3.287437802907916,0.6711915535444947,0.06184012066365008,0.20373160446924846,Low
OMN,Oman,Asia,309500,1980,1017462,3.287437802907916,51.70308919281996,1970,27.014491666666668,0.3725606060606082,0.2890861879198244,0.7453583333333333,-0.18182323232323508,1990,1804524,5.830449111470113,0.11312217194570136,0.08597285067873303,0.09861762315702881,Low
OMN,Oman,Asia,309500,1990,1804524,5.830449111470113,77.35541966186452,1980,26.948158333333332,-0.18182323232323508,0.3205770019639259,0.6552083333333334,0.9858636363636331,2000,2344253,7.574323101777059,0.9562594268476622,0.1085972850678733,0.322253281715201,Medium
PAK,Pakistan,Asia,881912,1970,59290872,67.22991863133737,,1960,20.572458333333337,0.019479797979796973,0.3414759318013877,0.27665,-0.08278787878787747,1980,80624057,91.41961669645043,0.19004524886877827,0.6003016591251885,0.33776393857957504,Medium
PAK,Pakistan,Asia,881912,1980,80624057,91.41961669645043,35.98055532055593,1970,20.661566666666666,-0.08278787878787747,0.3965270259328791,0.2973166666666667,0.16031313131313615,1990,115414069,130.8680106405174,0.44042232277526394,0.7149321266968326,0.5611346254389211,Medium
PAK,Pakistan,Asia,881912,1990,115414069,130.8680106405174,43.15090717898258,1980,21.039633333333335,0.16031313131313615,0.4466326416970171,0.3022083333333333,0.4992878787878752,2000,154369924,175.04005388292708,0.779788838612368,0.7767722473604827,0.7782790814582837,High
PAN,Panama,North America,75417,1970,1516188,20.104061418513066,,1960,26.470708333333334,0.01975252525252813,0.13660599156803407,0.35435,0.3061969696969695,1980,1956987,25.948884203826722,0.5897435897435898,0.30015082956259426,0.42072797350635094,Medium
PAN,Panama,North America,75417,1980,1956987,25.948884203826722,29.072845847612562,1970,26.438391666666668,0.3061969696969695,0.22417142685794847,0.36565833333333336,-0.04448484848484751,1990,2449968,32.48561995306098,0.2171945701357466,0.33634992458521873,0.27028388277046295,Low
PAN,Panama,North America,75417,1990,2449968,32.48561995306098,25.190816290552775,1980,26.715733333333333,-0.04448484848484751,0.30579250417835935,0.36491666666666667,-0.028924242424242085,2000,3001731,39.801782091570864,0.22926093514328807,0.38763197586727,0.2981088212025448,Low
PER,Peru,South America,1285216,1970,13562371,10.552600496725843,,1960,20.112399999999997,0.3192828282828291,0.18346133683111374,0.26927500000000004,0.016040404040404483,1980,17492406,13.610479483604312,0.26244343891402716,0.18250377073906485,0.21885364334992777,Low
PER,Peru,South America,1285216,1980,17492406,13.610479483604312,28.97749220987982,1970,20.05105,0.016040404040404483,0.2512563398347298,0.26164166666666666,-0.08271212121212299,1990,22109099,17.202632864825834,0.19155354449472098,0.22171945701357465,0.20608529271734832,Low
PER,Peru,South America,1285216,1990,22109099,17.202632864825834,26.392555718178514,1980,20.316075,-0.08271212121212299,0.3676246419337285,0.295725,0.16654545454545505,2000,26654439,20.739267951846227,0.45248868778280543,0.2609351432880845,0.34361344645232333,Medium
PHL,Philippines,Asia,342353,1970,37435586,109.3479128268191,,1960,26.720041666666667,0.16389393939394015,0.16760260622650489,0.23875833333333335,-0.03431313131312986,1980,48419546,141.43163927291423,0.2277526395173454,0.7345399698340875,0.40901517937688414,Medium
PHL,Philippines,Asia,342353,1980,48419546,141.43163927291423,29.34095916115751,1970,26.741166666666665,-0.03431313131312986,0.1849131969186833,0.24712499999999998,0.25572222222222446,1990,61558898,179.81118319395478,0.530920060331825,0.7843137254901961,0.6452967460450528,High
PHL,Philippines,Asia,342353,1990,61558898,179.81118319395478,27.136462617803158,1980,26.90434166666667,0.25572222222222446,0.20270592511860536,0.2225416666666667,0.444651515151517,2000,77958223,227.7129833826489,0.7315233785822021,0.8190045248868778,0.7740290415219316,High
PLW,Palau,Oceania,459,1970,11366,24.762527233115467,,1960,27.354791666666664,0.20122727272727214,0.11087085679078217,0.3849166666666667,-0.08345959595959435,1980,12252,26.69281045751634,0.1885369532428356,0.3076923076923077,0.24085549657121133,Low
PLW,Palau,Oceania,459,1980,12252,26.69281045751634,7.7951786028506165,1970,27.483541666666667,-0.08345959595959435,0.10857247325690303,0.3031666666666667,0.2091868686868701,1990,15293,33.31808278867102,0.4856711915535445,0.34238310708898945,0.40778132814992196,Medium
PLW,Palau,Oceania,459,1990,15293,33.31808278867102,24.82043747959517,1980,27.617825,0.2091868686868701,0.095857687531492,0.38792499999999996,0.2858282828282815,2000,19726,42.9760348583878,0.5701357466063348,0.40271493212669685,0.47916821524134273,Medium
PNG,Papua New Guinea,Oceania,462840,1970,2489059,5.377795782559848,,1960,24.43475,0.13795959595959725,0.18607132536197038,0.3046916666666667,0.02056565656565888,1980,3104788,6.708123757670037,0.26395173453996984,0.10105580693815988,0.16332132600081234,Low
PNG,Papua New Guinea,Oceania,462840,1980,3104788,6.708123757670037,24.737420848601822,1970,24.592066666666664,0.02056565656565888,0.1742370794842209,0.3375833333333333,0.3185404040404052,1990,3864972,8.350557428052891,0.6108597285067874,0.12518853695324283,0.276536861368281,Low
PNG,Papua New Guinea,Oceania,462840,1990,3864972,8.350557428052891,24.48424819987709,1980,24.845341666666666,0.3185404040404052,0.14644708891048494,0.2922083333333333,0.35029292929292943,2000,5508297,11.901082447498055,0.6485671191553545,0.16440422322775264,0.3265381653586566,Medium
POL,Poland,Europe,312679,1970,32482943,103.88591174974974,,1960,7.5118583333333335,-0.24387373737373705,0.7899301917733276,0.366225,-0.1161313131313129,1980,35521429,113.60350071479057,0.16289592760180996,0.6787330316742082,0.33250991983482053,Medium
POL,Poland,Europe,312679,1980,35521429,113.60350071479057,9.354097010237039,1970,7.735666666666665,-0.1161313131313129,0.6621495578792044,0.30445833333333333,0.7865959595959586,1990,38064255,121.73588568467981,0.9230769230769231,0.698340874811463,0.802883768661325,High
POL,Poland,Europe,312679,1990,38064255,121.73588568467981,7.158568986624947,1980,7.8297333333333325,0.7865959595959586,0.933450046855113,0.27405,-0.4355858585858588,2000,38504431,123.14364252156365,0.0392156862745098,0.7013574660633484,0.1658439457906903,Low
PRI,Puerto Rico,North America,8870,1970,2737619,308.6379932356257,,1960,25.691150000000004,-0.3254747474747458,0.23754994410572172,0.2515166666666667,0.2134949494949473,1980,3214568,362.40901916572716,0.49019607843137253,0.918552036199095,0.6710220607252406,High
PRI,Puerto Rico,North America,8870,1980,3214568,362.40901916572716,17.422037179023086,1970,25.5614,0.2134949494949473,0.21140403744992756,0.23521666666666663,-0.32477272727272843,1990,3543776,399.5237880496054,0.05731523378582202,0.9276018099547512,0.23057691687961354,Low
PRI,Puerto Rico,North America,8870,1990,3543776,399.5237880496054,10.241127268111928,1980,25.908591666666666,-0.32477272727272843,0.261349992329176,0.22135833333333332,0.4867323232323224,2000,3827108,431.46651634723787,0.770739064856712,0.9321266968325792,0.8476004121310454,High
PRK,North Korea,Asia,120538,1970,14996879,124.41619240405515,,1960,6.9169166666666655,-1.117969696969697,0.2971362236578573,0.2952166666666666,0.8928838383838389,1980,17973650,149.1118983225207,0.9381598793363499,0.7481146304675717,0.837765558762841,High
PRK,North Korea,Asia,120538,1980,17973650,149.1118983225207,19.849269971438723,1970,7.065391666666668,0.8928838383838389,0.35844337252820024,0.25224166666666664,1.0188181818181805,1990,20799523,172.55573346164695,0.9577677224736049,0.770739064856712,0.8591792588099698,High
PRK,North Korea,Asia,120538,1990,20799523,172.55573346164695,15.722310159594732,1980,7.0653999999999995,1.0188181818181805,0.4794947666335438,0.24427500000000002,0.6040959595959597,2000,23367059,193.85636894589257,0.8521870286576169,0.7918552036199095,0.8214674266822287,High
PRT,Portugal,Europe,92090,1970,8683631,94.29504832229341,,1960,14.895075,-0.5777727272727283,0.3011276819492675,0.29320833333333335,0.4457222222222221,1980,9785252,106.25748724074275,0.7345399698340875,0.6515837104072398,0.6918195422123581,High
PRT,Portugal,Europe,92090,1980,9785252,106.25748724074275,12.686179318305912,1970,14.514675,0.4457222222222221,0.24748329369562788,0.27750833333333336,0.631025252525253,1990,10007346,108.66919318058422,0.8642533936651584,0.6621417797888386,0.7564775477633104,High
PRT,Portugal,Europe,92090,1990,10007346,108.66919318058422,2.2696809443435884,1980,15.173458333333333,0.631025252525253,0.39572048257241826,0.2676833333333334,0.47615151515151355,2000,10300626,111.85390378977088,0.7601809954751131,0.6726998491704375,0.7151039371995805,High
PRY,Paraguay,South America,406752,1970,2408787,5.922004071276847,,1960,23.555083333333336,0.3123535353535344,0.44338169113830367,0.37149166666666666,0.2905707070707062,1980,3078912,7.569506726457399,0.5761689291101055,0.10708898944193061,0.24839756111169964,Low
PRY,Paraguay,South America,406752,1980,3078912,7.569506726457399,27.820018955598826,1970,23.532541666666667,0.2905707070707062,0.40671150500956654,0.2989,-0.08711111111111164,1990,4059195,9.97953298324286,0.1870286576168929,0.14328808446455504,0.16370393425297297,Low
PRY,Paraguay,South America,406752,1990,4059195,9.97953298324286,31.83861701795958,1980,23.654200000000003,-0.08711111111111164,0.2748388542071392,0.26406666666666667,0.06742424242424354,2000,5123819,12.596911631657619,0.3092006033182504,0.17194570135746606,0.23057691687961354,Low
PSE,Palestine,Asia,6220,1970,1118241,179.78151125401928,,1960,23.282366666666668,-0.4164848484848491,0.19950335030899016,0.24886666666666665,0.23029292929292944,1980,1453620,233.7009646302251,0.5052790346907994,0.8295625942684767,0.6474261246254828,High
PSE,Palestine,Asia,6220,1980,1453620,233.7009646302251,29.9916565391539,1970,23.38355,0.23029292929292944,0.1825065705862272,0.2418333333333334,0.3595404040404031,1990,2124609,341.57700964630226,0.6561085972850679,0.9064856711915535,0.7712023354376616,High
PSE,Palestine,Asia,6220,1990,2124609,341.57700964630226,46.159862962810095,1980,23.425941666666667,0.3595404040404031,0.20212301635203314,0.231075,0.868828282828285,2000,3139954,504.81575562700965,0.9351432880844646,0.9441930618401206,0.9396572803079368,High
PYF,French Polynesia,Oceania,4167,1970,117891,28.29157667386609,,1960,26.163183333333336,0.29712121212121256,0.2248242404308252,0.3887583333333333,-0.11201515151515325,1980,163591,39.258699304055675,0.167420814479638,0.38310708898944196,0.25325896010118876,Low
PYF,French Polynesia,Oceania,4167,1980,163591,39.258699304055675,38.76462155720115,1970,26.224991666666664,-0.11201515151515325,0.27561807432681734,0.34899166666666664,0.2986262626262639,1990,211089,50.65730741540677,0.5852187028657617,0.4494720965309201,0.5128737440210597,Medium
PYF,French Polynesia,Oceania,4167,1990,211089,50.65730741540677,29.034604593162207,1980,26.461333333333336,0.2986262626262639,0.13439898165577213,0.36084166666666667,0.001954545454547682,2000,250927,60.21766258699304,0.25188536953242835,0.48868778280542985,0.3508465515833507,Medium
QAT,Qatar,Asia,11586,1970,118007,10.185309856723633,,1960,26.908791666666662,0.1664191919191908,0.3570142249390483,0.6193833333333333,0.6032575757575751,1980,277450,23.947005006041774,0.8506787330316742,0.277526395173454,0.48588661458101684,Medium
QAT,Qatar,Asia,11586,1980,277450,23.947005006041774,135.1131712525528,1970,26.950258333333334,0.6032575757575751,0.3561956285324593,0.5295500000000001,0.12160606060606077,1990,441675,38.12143966856551,0.37104072398190047,0.3755656108597285,0.37329631146864867,Medium
QAT,Qatar,Asia,11586,1990,441675,38.12143966856551,59.19084519733284,1980,26.994466666666664,0.12160606060606077,0.4277886416041482,0.5583833333333333,1.7852474747474754,2000,645937,55.75151044363887,0.9939668174962293,0.46907993966817496,0.6828249371422364,High
REU,Reunion,Africa,2511,1970,473925,188.73954599761052,,1960,23.296100000000003,0.1957777777777789,0.388607814827309,0.3698916666666667,0.5208080808080799,1980,551674,219.70290720828356,0.8054298642533937,0.8129713423831071,0.8091918177648147,High
REU,Reunion,Africa,2511,1980,551674,219.70290720828356,16.40533839742575,1970,23.49686666666667,0.5208080808080799,0.2538368485813627,0.36526666666666663,0.215772727272729,1990,658992,262.442054958184,0.4947209653092006,0.8552036199095022,0.6504515050159786,High
REU,Reunion,Africa,2511,1990,658992,262.442054958184,19.45315530548839,1980,23.593208333333333,0.215772727272729,0.20067633629117887,0.35934166666666667,0.3381262626262659,2000,785424,312.7933094384707,0.6334841628959276,0.889894419306184,0.7508222301450161,High
ROU,Romania,Europe,238391,1970,19922618,83.57118347588626,,1960,9.089175000000001,-0.4158636363636361,0.5388858077595975,0.2997,-0.1998181818181825,1980,22125224,92.81065140881996,0.09351432880844646,0.6078431372549019,0.23841569369740018,Low
ROU,Romania,Europe,238391,1980,22125224,92.81065140881996,11.05580601906837,1970,9.0265,-0.1998181818181825,0.46677459075514727,0.25340833333333335,0.6096262626262614,1990,22836234,95.79318850124376,0.8536953242835595,0.6184012066365008,0.72658531408011,High
ROU,Romania,Europe,238391,1990,22836234,95.79318850124376,3.2135719846271282,1980,8.899199999999999,0.6096262626262614,0.5255283906284495,0.23476666666666665,-0.32536868686868836,2000,21919876,91.94925982943987,0.05580693815987934,0.6033182503770739,0.18349208236193723,Low
RUS,Russia,Europe,17098242,1970,130093010,7.608560575993719,,1960,-5.504250000000001,-0.9476565656565659,0.7425917698971907,0.23424999999999999,-0.37779292929292935,1980,138257420,8.086060543534241,0.049773755656108594,0.12217194570135746,0.07798048841454337,Low
RUS,Russia,Europe,17098242,1980,138257420,8.086060543534241,6.275825273010449,1970,-5.344241666666667,-0.37779292929292935,0.5463460231491111,0.21739166666666665,0.1240909090909095,1990,148005704,8.65619424499899,0.3755656108597285,0.1282051282051282,0.21942980036838383,Low
RUS,Russia,Europe,17098242,1990,148005704,8.65619424499899,7.050821576158439,1980,-4.902166666666667,0.1240909090909095,0.7580793173559862,0.20001666666666668,-0.6262929292929305,2000,146844839,8.588300422932369,0.02262443438914027,0.12669683257918551,0.05353918355746259,Low
RWA,Rwanda,Africa,26338,1970,3896367,147.9370870984889,,1960,19.17536666666667,0.13734343434343285,0.14258956462961964,0.463075,0.4396161616161617,1980,5247532,199.23805907813806,0.7254901960784313,0.7978883861236803,0.7608286283372702,High
RWA,Rwanda,Africa,26338,1980,5247532,199.23805907813806,34.67755989104722,1970,19.337766666666667,0.4396161616161617,0.18725944259303573,0.36692500000000006,-0.10817171717171921,1990,7319962,277.92398815399804,0.17496229260935142,0.861236802413273,0.3881803259179595,Medium
RWA,Rwanda,Africa,26338,1990,7319962,277.92398815399804,39.493422812857546,1980,19.660050000000002,-0.10817171717171921,0.2745168726079089,0.5075999999999999,0.2779494949494926,2000,8109989,307.91969777507785,0.5565610859728507,0.8838612368024132,0.7013720623207472,High
SAU,Saudi Arabia,Asia,2149690,1970,6106191,2.840498397443352,,1960,25.782550000000004,-0.22348484848484698,0.40006314284871825,0.5033083333333332,0.7384444444444448,1980,10171710,4.7317101535570245,0.9019607843137255,0.07541478129713423,0.26080869480830443,Low
SAU,Saudi Arabia,Asia,2149690,1980,10171710,4.7317101535570245,66.58027893329901,1970,25.695083333333336,0.7384444444444448,0.3602983423126609,0.4857666666666667,0.18675757575757415,1990,16004763,7.44514930059683,0.46304675716440424,0.10558069381598793,0.22110811357944576,Low
SAU,Saudi Arabia,Asia,2149690,1990,16004763,7.44514930059683,57.34584450402145,1980,25.653383333333334,0.18675757575757415,0.47462432952883515,0.385075,1.3993131313131313,2000,21547390,10.0234871074434,0.9803921568627451,0.14479638009049775,0.37677212660020504,Medium
SDN,Sudan,Africa,1886068,1970,11305206,5.994060659530834,,1960,27.112366666666674,0.058232323232324745,0.4153739327437301,0.3200833333333334,0.3521414141414169,1980,16673586,8.84039493804041,0.6500754147812972,0.1297134238310709,0.29038510257877487,Low
SDN,Sudan,Africa,1886068,1980,16673586,8.84039493804041,47.485910473457984,1970,27.176300000000005,0.3521414141414169,0.30727825692554117,0.3137333333333333,-0.2740353535353567,1990,21090886,11.182463198569723,0.06636500754147813,0.1568627450980392,0.10203037420988093,Low
SDN,Sudan,Africa,1886068,1990,21090886,11.182463198569723,26.492801248633626,1980,27.31954166666667,-0.2740353535353567,0.2913824911270894,0.367225,0.437419191919191,2000,26298773,13.94370351440139,0.7239819004524887,0.1885369532428356,0.36945546648313393,Medium
SEN,Senegal,Africa,196722,1970,4367744,22.202620957493316,,1960,28.037158333333338,0.0694292929292915,0.3314346389743895,0.3277,0.13729797979797745,1980,5703869,28.99456593568589,0.4042232277526395,0.31825037707390647,0.3586700359025118,Medium
SEN,Senegal,Africa,196722,1980,5703869,28.99456593568589,30.590735171292096,1970,28.134725000000003,0.13729797979797745,0.4120538728108138,0.31024166666666664,-0.11515656565656596,1990,7536001,38.30787100578481,0.16591251885369532,0.3770739064856712,0.25012253320930616,Low
SEN,Senegal,Africa,196722,1990,7536001,38.30787100578481,32.12086392587208,1980,28.42174166666667,-0.11515656565656596,0.3397268215231944,0.31662500000000005,0.2686212121212106,2000,9704287,49.32995292849808,0.5490196078431373,0.4358974358974359,0.48919959047022854,Medium
SGP,Singapore,Asia,710,1970,2061831,2903.987323943662,,1960,26.76636666666667,0.13639393939393651,0.14651291805546338,0.2902166666666667,0.0728787878787864,1980,2400729,3381.3084507042254,0.31975867269984914,0.9834087481146304,0.5607615143878496,Medium
SGP,Singapore,Asia,710,1980,2400729,3381.3084507042254,16.436749665709762,1970,26.79175,0.0728787878787864,0.1560105039954112,0.3093916666666667,-0.011045454545453672,1990,3022209,4256.632394366197,0.24434389140271492,0.9849170437405732,0.4905695294007055,Medium
SGP,Singapore,Asia,710,1990,3022209,4256.632394366197,25.887136782202404,1980,26.927141666666664,-0.011045454545453672,0.22893482254603797,0.2696,0.40844444444444794,2000,4053602,5709.298591549295,0.6968325791855203,0.9894419306184012,0.8303465375776076,High
SLB,Solomon Islands,Oceania,28896,1970,172833,5.981208471760797,,1960,26.610433333333333,-0.03214141414141014,0.1559653798445793,0.3004833333333333,0.34757070707070625,1980,233668,8.086517165005537,0.6440422322775264,0.12368024132730016,0.282232703124669,Low
SLB,Solomon Islands,Oceania,28896,1980,233668,8.086517165005537,35.19871783745003,1970,26.764408333333336,0.34757070707070625,0.1604883601363178,0.3724166666666667,0.19694444444444512,1990,324171,11.218542358803987,0.47058823529411764,0.1583710407239819,0.2729973417013277,Low
SLB,Solomon Islands,Oceania,28896,1990,324171,11.218542358803987,38.73144803738637,1980,26.989675,0.19694444444444512,0.12212476459576894,0.3638,0.08558080808080754,2000,429978,14.880191029900333,0.3257918552036199,0.20361990950226244,0.25756107639380466,Low
SLE,Sierra Leone,Africa,71740,1970,2778557,38.730931140228606,,1960,26.145325000000003,0.055227272727272014,0.16956560960169995,0.29943333333333333,0.09623232323232339,1980,3367477,46.94001951491497,0.34238310708898945,0.4253393665158371,0.3816136971794314,Medium
SLE,Sierra Leone,Africa,71740,1980,3367477,46.94001951491497,21.195174329697043,1970,26.252183333333335,0.09623232323232339,0.26015424138697896,0.323,0.0862626262626264,1990,4325388,60.29255645386117,0.3273001508295626,0.49019607843137253,0.4005511832545853,Medium
SLE,Sierra Leone,Africa,71740,1990,4325388,60.29255645386117,28.445955235922927,1980,26.431833333333334,0.0862626262626264,0.22444002093767434,0.32935000000000003,0.28960606060605876,2000,4584067,63.89834123222749,0.5746606334841629,0.49924585218702866,0.5356276110154691,Medium
SLV,El Salvador,North America,21041,1970,3619090,172.0018059978138,,1960,25.059425,0.06805555555555846,0.19609877544877763,0.379225,0.22798989898989996,1980,4508992,214.2955182738463,0.5037707390648567,0.808446455505279,0.6381783985565934,High
SLV,El Salvador,North America,21041,1980,4508992,214.2955182738463,24.58910941700814,1970,25.167633333333335,0.22798989898989996,0.2412705668132781,0.32609999999999995,0.04331313131313279,1990,5367179,255.08193526923625,0.2911010558069382,0.8476621417797888,0.4967447477726031,Medium
SLV,El Salvador,North America,21041,1990,5367179,255.08193526923625,19.0327904773395,1980,25.335566666666665,0.04331313131313279,0.28383891649691884,0.3771583333333333,0.06146464646464827,2000,5958482,283.1843543557816,0.3046757164404223,0.8642533936651584,0.5131442505777478,Medium
SMR,San Marino,Europe,61,1970,18169,297.8524590163934,,1960,13.956975,-0.2520858585858581,0.3849933192704821,0.3487083333333334,-0.037969696969697944,1980,21346,349.9344262295082,0.22473604826546004,0.9110105580693816,0.4524786323669044,Medium
SMR,San Marino,Europe,61,1980,21346,349.9344262295082,17.485827508393427,1970,13.903166666666667,-0.037969696969697944,0.2948737701931519,0.31365000000000004,0.7598232323232332,1990,23132,379.21311475409834,0.9140271493212669,0.9215686274509803,0.9177901423816516,High
SMR,San Marino,Europe,61,1990,23132,379.21311475409834,8.366907148880355,1980,14.085641666666666,0.7598232323232332,0.337972769453224,0.326325,0.34120202020202206,2000,26823,439.72131147540983,0.6365007541478129,0.9336349924585219,0.7708822068245166,High
SOM,Somalia,Africa,637657,1970,3720977,5.835389558963518,,1960,26.796766666666667,0.05935353535353555,0.2059442045668865,0.6113333333333333,0.1512373737373755,1980,5892224,9.240428631693842,0.42684766214177977,0.13574660633484162,0.24071377517231468,Low
SOM,Somalia,Africa,637657,1980,5892224,9.240428631693842,58.351529719210845,1970,26.983641666666664,0.1512373737373755,0.3334235829284196,0.8184583333333334,-0.10610606060605975,1990,6999096,10.976270941901367,0.17647058823529413,0.15535444947209653,0.16557623948897726,Low
SOM,Somalia,Africa,637657,1990,6999096,10.976270941901367,18.78530076249647,1980,27.144641666666665,-0.10610606060605975,0.2753551365173877,0.6020166666666665,0.3415606060606061,2000,8721465,13.677361026382522,0.6380090497737556,0.18401206636500755,0.34263882384873395,Medium
SPM,Saint Pierre and Miquelon,North America,242,1970,5537,22.880165289256198,,1960,4.8927916666666675,0.3951161616161611,0.4902287596655435,0.38375,0.3163838383838385,1980,6106,25.231404958677686,0.6048265460030166,0.28808446455505277,0.4174220066718584,Medium
SPM,Saint Pierre and Miquelon,North America,242,1980,6106,25.231404958677686,10.276322918547942,1970,4.536766666666667,0.3163838383838385,0.7017618436905838,0.39896666666666664,-0.5219393939393943,1990,6324,26.132231404958677,0.033182503770739065,0.3031674208144796,0.10029882394296409,Low
SPM,Saint Pierre and Miquelon,North America,242,1990,6324,26.132231404958677,3.570258761873557,1980,4.734533333333333,-0.5219393939393943,0.6973146217899528,0.324925,2.418732323232323,2000,6274,25.925619834710744,1.0,0.2986425339366516,0.5464819612179816,Medium
SRB,Serbia,Europe,88361,1970,7193533,81.41072418827311,,1960,10.218025,-0.3785707070707079,0.42983928539642413,0.3493583333333333,0.02255555555555556,1980,7777010,88.01405597492106,0.27149321266968324,0.583710407239819,0.39808719362756145,Medium
SRB,Serbia,Europe,88361,1980,7777010,88.01405597492106,8.111132596458503,1970,10.101166666666668,0.02255555555555556,0.4163451371771128,0.2934833333333333,0.7325909090909093,1990,7987529,90.39654372404115,0.8989441930618401,0.5957767722473605,0.7318265298367443,High
SRB,Serbia,Europe,88361,1990,7987529,90.39654372404115,2.7069400707984137,1980,10.129825,0.7325909090909093,0.3116819730572239,0.26740833333333336,-0.29656060606060664,2000,7935022,89.80231097429862,0.06184012066365008,0.5912518853695324,0.19121476913110683,Low
STP,Sao Tome and Principe,Africa,964,1970,77583,80.48029045643153,,1960,25.917658333333332,0.09823737373737154,0.1597725519883625,0.297125,0.12676262626263074,1980,97210,100.84024896265561,0.38310708898944196,0.6319758672699849,0.4920512522302752,Medium
STP,Sao Tome and Principe,Africa,964,1980,97210,100.84024896265561,25.298067875694418,1970,25.94959166666667,0.12676262626263074,0.2484859582658415,0.3033416666666666,0.2617323232323262,1990,120343,124.83713692946058,0.5429864253393665,0.7043740573152338,0.6184379932405389,High
STP,Sao Tome and Principe,Africa,964,1990,120343,124.83713692946058,23.796934471762164,1980,26.043875000000003,0.2617323232323262,0.206873474012272,0.37385833333333335,0.5108333333333338,2000,143714,149.08091286307055,0.7888386123680241,0.746606334841629,0.7674320198959951,High
SUR,Suriname,South America,163820,1970,379918,2.3191185447442315,,1960,26.492558333333335,0.1850757575757557,0.20759439214446992,0.2959666666666667,0.33910101010100585,1980,375112,2.28978146746429,0.6349924585218703,0.0392156862745098,0.15780261417376248,Low
SUR,Suriname,South America,163820,1980,375112,2.28978146746429,-1.2650098179080804,1970,26.314100000000003,0.33910101010100585,0.2196811128628758,0.251075,-0.020282828282829173,1990,412756,2.519570260041509,0.23529411764705882,0.048265460030165915,0.10656725027243255,Low
SUR,Suriname,South America,163820,1990,412756,2.519570260041509,10.035402759709111,1980,26.55145,-0.020282828282829173,0.3065423873789853,0.26264166666666666,0.4762525252525265,2000,478998,2.9239287022341593,0.7616892911010558,0.05580693815987934,0.20617358503338626,Low
SVK,Slovakia,Europe,49037,1970,4522867,92.23376226114975,,1960,7.672108333333332,-0.07248989898989958,0.625236417993793,0.3376,0.007954545454545863,1980,4973883,101.43122540122765,0.2549019607843137,0.6365007541478129,0.4027968349838066,Medium
SVK,Slovakia,Europe,49037,1980,4973883,101.43122540122765,9.97190498858358,1970,7.818175000000001,0.007954545454545863,0.45884994273672364,0.2962916666666666,0.6945505050505062,1990,5261305,107.29255460162734,0.8868778280542986,0.6561085972850679,0.7628159461678378,High
SVK,Slovakia,Europe,49037,1990,5261305,107.29255460162734,5.778624064940807,1980,7.749958333333334,0.6945505050505062,0.6552155324028748,0.27667500000000006,-0.24197474747474743,2000,5376690,109.64557375043334,0.08144796380090498,0.6666666666666666,0.2330206912141852,Low
SVN,Slovenia,Europe,20273,1970,1741286,85.89187589404627,,1960,9.702558333333332,-0.13147979797979864,0.5228651981100749,0.34007499999999996,0.15208585858585955,1980,1901570,93.79815518176885,0.42835595776772245,0.6093514328808446,0.5109004958392663,Medium
SVN,Slovenia,Europe,20273,1980,1901570,93.79815518176885,9.204920960715235,1970,9.779641666666667,0.15208585858585955,0.39901024270579555,0.2918916666666667,0.7534696969696958,1990,1986024,97.9639915158092,0.9110105580693816,0.6274509803921569,0.7560518949174319,High
SVN,Slovenia,Europe,20273,1990,1986024,97.9639915158092,4.441277470721561,1980,9.883241666666667,0.7534696969696958,0.4364228987126627,0.2933166666666666,-0.06781313131313253,2000,1984339,97.88087604202634,0.19607843137254902,0.6259426847662142,0.3503339260735123,Medium
SWE,Sweden,Europe,450295,1970,8027702,17.82765076227806,,1960,2.3549333333333333,-1.1254949494949495,0.6699157311208755,0.2975583333333333,-0.8471161616161614,1980,8311763,18.45848388278795,0.013574660633484163,0.2383107088989442,0.05687694610849111,Low
SWE,Sweden,Europe,450295,1980,8311763,18.45848388278795,3.538509526138367,1970,2.6887750000000006,-0.8471161616161614,0.8237285095723162,0.26719166666666666,1.1137222222222225,1990,8548406,18.98401270278373,0.9683257918552036,0.24132730015082957,0.48340815985544805,Medium
SWE,Sweden,Europe,450295,1990,8548406,18.98401270278373,2.847085510017555,1980,2.502925,1.1137222222222225,1.0457749050128964,0.23376666666666662,-0.9012474747474747,2000,8871043,19.70051410741847,0.007541478129713424,0.2458521870286576,0.04305913249960844,Low
SWZ,Eswatini,Africa,17364,1970,442865,25.504780004607234,,1960,18.98979166666667,0.060126262626261986,0.2723504666825567,0.30169999999999997,0.16579292929292977,1980,598564,34.47155033402442,0.4494720965309201,0.358974358974359,0.40168265798892566,Medium
SWZ,Eswatini,Africa,17364,1980,598564,34.47155033402442,35.15721495263793,1970,19.028108333333336,0.16579292929292977,0.2954407664072337,0.302925,0.5106919191919191,1990,854011,49.182849573830914,0.7873303167420814,0.43288084464555054,0.5837980922599534,High
SWZ,Eswatini,Africa,17364,1990,854011,49.182849573830914,42.676639423687355,1980,19.305574999999997,0.5106919191919191,0.3226979414846944,0.31271666666666664,0.09134848484848544,2000,1030496,59.3466943100668,0.334841628959276,0.48717948717948717,0.4038910411023302,Medium
SXM,Sint Maarten,North America,34,1970,6260,184.11764705882354,,1960,26.82451666666667,-0.3831515151515186,0.19652735114348563,0.35830833333333334,0.15963636363636516,1980,12243,360.0882352941176,0.4374057315233786,0.9170437405731523,0.6333404994032318,High
SXM,Sint Maarten,North America,34,1980,12243,360.0882352941176,95.57507987220448,1970,26.748399999999997,0.15963636363636516,0.2400512064246888,0.3485083333333333,-0.14423232323232413,1990,27845,818.9705882352941,0.15082956259426847,0.9728506787330317,0.38305958066969215,Medium
SXM,Sint Maarten,North America,34,1990,27845,818.9705882352941,127.43608592665194,1980,27.048000000000002,-0.14423232323232413,0.21073963294046585,0.31251666666666666,0.514823232323232,2000,30489,896.7352941176471,0.7978883861236803,0.975867269984917,0.8824019271959843,High
SYC,Seychelles,Africa,452,1970,54379,120.3075221238938,,1960,26.834600000000002,0.07390909090908897,0.16026912218632372,0.5095666666666666,0.13819191919191937,1980,65290,144.44690265486724,0.4072398190045249,0.7390648567119156,0.5486133779629928,Medium
SYC,Seychelles,Africa,452,1980,65290,144.44690265486724,20.06473087037275,1970,26.851266666666668,0.13819191919191937,0.24532876219863806,0.7119166666666668,0.10220202020202002,1990,71057,157.20575221238937,0.3514328808446455,0.7571644042232277,0.515841514274674,Medium
SYC,Seychelles,Africa,452,1990,71057,157.20575221238937,8.832899372032465,1980,27.060499999999998,0.10220202020202002,0.250175789972801,0.6064416666666667,0.20819191919191818,2000,80060,177.12389380530973,0.48114630467571645,0.7812971342383107,0.6131217081399829,High
SYR,Syria,Asia,185180,1970,6319199,34.12463008964251,,1960,18.42941666666667,-0.7796565656565653,0.6566894125525008,0.29425833333333334,0.6795252525252533,1980,8898954,48.05569715952047,0.8808446455505279,0.4298642533936652,0.6153402521494797,High
SYR,Syria,Asia,185180,1980,8898954,48.05569715952047,40.82408229270831,1970,18.2337,0.6795252525252533,0.48831369384746154,0.27115,0.4001515151515157,1990,12408996,67.0104546927314,0.6877828054298643,0.5113122171945701,0.5930191828201222,High
SYR,Syria,Asia,185180,1990,12408996,67.0104546927314,39.44330985416937,1980,18.232016666666667,0.4001515151515157,0.3689863836114882,0.2523333333333333,1.1951767676767695,2000,16307654,88.06379738632681,0.9773755656108597,0.5852187028657617,0.7562925761366943,High
TCA,Turks and Caicos Islands,North America,948,1970,5665,5.975738396624473,,1960,26.92096666666667,-0.029323232323234034,0.13370102653614954,0.45830000000000004,0.3866111111111126,1980,7598,8.014767932489452,0.6787330316742082,0.12066365007541478,0.2861789737708941,Low
TCA,Turks and Caicos Islands,North America,948,1980,7598,8.014767932489452,34.12180052956752,1970,26.845425,0.3866111111111126,0.15580513344897798,0.3940666666666667,-0.2893080808080824,1990,11709,12.35126582278481,0.06485671191553545,0.1689291101055807,0.1046718043613724,Low
TCA,Turks and Caicos Islands,North America,948,1990,11709,12.35126582278481,54.106343774677555,1980,27.137058333333336,-0.2893080808080824,0.183002401708423,0.45820833333333333,0.3438282828282837,2000,18744,19.772151898734176,0.6410256410256411,0.2473604826546003,0.39820147156694075,Medium
TCD,Chad,Africa,1284000,1970,3667394,2.856225856697819,,1960,27.119558333333334,0.4036818181818199,0.43667568169299564,0.5349166666666666,0.14928787878787697,1980,4408230,3.4332009345794394,0.4253393665158371,0.06334841628959276,0.1641480284816023,Low
TCD,Chad,Africa,1284000,1980,4408230,3.4332009345794394,20.20061111514062,1970,27.194975,0.14928787878787697,0.3185569990067118,0.4177916666666667,-0.10839393939394021,1990,5827069,4.538215732087227,0.17345399698340874,0.07390648567119155,0.11322268033687068,Low
TCD,Chad,Africa,1284000,1990,5827069,4.538215732087227,32.18613820059297,1980,27.342583333333334,-0.10839393939394021,0.24311308138870708,0.5455833333333333,0.542080808080805,2000,8259137,6.43234968847352,0.8190045248868778,0.09502262443438914,0.27896945958006064,Low
TGO,Togo,Africa,56785,1970,2197383,38.6965395791142,,1960,26.887416666666667,0.17004040404040494,0.1627886415744785,0.2592833333333333,-0.06371717171717013,1980,2838110,49.97992427577705,0.20060331825037708,0.444947209653092,0.29876058425210056,Low
TGO,Togo,Africa,56785,1980,2838110,49.97992427577705,29.158640073214357,1970,27.022033333333333,-0.06371717171717013,0.3046292840357052,0.24775833333333336,0.14223232323232277,1990,3875947,68.25652901294356,0.4132730015082956,0.5158371040723982,0.46171587398458275,Medium
TGO,Togo,Africa,56785,1990,3875947,68.25652901294356,36.56789201264221,1980,27.279533333333337,0.14223232323232277,0.2657974061230806,0.26958333333333334,0.29086363636363877,2000,5008035,88.19292066566875,0.5776772247360482,0.5867269984917044,0.5821845275910373,High
THA,Thailand,Asia,513120,1970,35791728,69.75313376987839,,1960,26.357400000000002,0.13665656565656742,0.23158396070290513,0.2428,0.49711111111111256,1980,45737753,89.13656259744309,0.77526395173454,0.5882352941176471,0.6753055742901701,High
THA,Thailand,Asia,513120,1980,45737753,89.13656259744309,27.78861361485536,1970,26.2725,0.49711111111111256,0.2929480905294584,0.21471666666666667,-0.09363636363636546,1990,55228410,107.63254209541628,0.18099547511312217,0.6576168929110106,0.3450009883679227,Medium
THA,Thailand,Asia,513120,1990,55228410,107.63254209541628,20.75016015762734,1980,26.35865,-0.09363636363636546,0.22318447687573212,0.1984,0.19434848484848502,2000,63066603,122.90809752104771,0.4660633484162896,0.6998491704374057,0.5711164922854355,High
TJK,Tajikistan,Asia,143100,1970,2993019,20.915576519916144,,1960,4.129150000000001,-0.6570808080808084,0.4858825710582875,0.4713166666666667,-0.10510101010101044,1980,4045965,28.273689727463314,0.1779788838612368,0.3152337858220211,0.2368648504019866,Low
TJK,Tajikistan,Asia,143100,1980,4045965,28.273689727463314,35.18006400894882,1970,4.260816666666666,-0.10510101010101044,0.6541153461750904,0.4847833333333333,-0.32689898989899047,1990,5417860,37.86065688329839,0.05429864253393665,0.37254901960784315,0.14222835878282092,Low
TJK,Tajikistan,Asia,143100,1990,5417860,37.86065688329839,33.90773276585437,1980,4.677516666666667,-0.32689898989899047,0.46822271923248443,0.42214999999999997,0.728277777777778,2000,6272998,43.83646401118099,0.8974358974358975,0.41025641025641024,0.6067774136512427,High
TKM,Turkmenistan,Asia,488100,1970,2201432,4.51020692481049,,1960,15.064283333333332,-1.0231414141414137,0.7050348800715257,0.4029583333333333,0.12545959595959627,1980,2862903,5.86540258143823,0.37858220211161386,0.08748114630467571,0.18198572749331857,Low
TKM,Turkmenistan,Asia,488100,1980,2862903,5.86540258143823,30.0473055720095,1970,14.992241666666667,0.12545959595959627,0.8091492521136224,0.36113333333333336,0.335,1990,3720278,7.621958615037902,0.6289592760180995,0.11161387631975868,0.2649539258883497,Low
TKM,Turkmenistan,Asia,488100,1990,3720278,7.621958615037902,29.947748840949195,1980,15.474516666666668,0.335,0.5917310617017801,0.29525833333333334,1.0902626262626267,2000,4569132,9.361057160417948,0.9638009049773756,0.13725490196078433,0.36371197220106033,Medium
TLS,Timor-Leste,Asia,14874,1970,554021,37.247613284926715,,1960,25.97765,0.29924242424242703,0.20208922942559626,0.5177666666666666,-0.16205050505050705,1980,642224,43.17762538658061,0.1282051282051282,0.4042232277526395,0.2276477338730124,Low
TLS,Timor-Leste,Asia,14874,1980,642224,43.17762538658061,15.920515648323796,1970,26.322000000000003,-0.16205050505050705,0.2920782155954807,0.49940833333333334,0.5174141414141415,1990,758106,50.968535699878984,0.8009049773755657,0.45098039215686275,0.6009928791401907,High
TLS,Timor-Leste,Asia,14874,1990,758106,50.968535699878984,18.043860086200446,1980,26.410249999999998,0.5174141414141415,0.24504124688106402,0.47953333333333326,0.04011616161616397,2000,878360,59.053381739948904,0.2865761689291101,0.4796380090497738,0.37074630558681226,Medium
TON,Tonga,Oceania,747,1970,86484,115.77510040160642,,1960,23.198583333333335,-0.25706060606060965,0.24421252186597375,0.47454999999999997,-0.4961868686868659,1980,96708,129.46184738955824,0.03469079939668175,0.7073906485671192,0.15665231273278582,Low
TON,Tonga,Oceania,747,1980,96708,129.46184738955824,11.82183987789649,1970,23.604075,-0.4961868686868659,0.3289965190248827,0.46570833333333334,0.27962121212121316,1990,98727,132.16465863453814,0.5595776772247361,0.717948717948718,0.6338360008363526,High
TON,Tonga,Oceania,747,1990,98727,132.16465863453814,2.0877280059560688,1980,23.582641666666667,0.27962121212121316,0.3035119933951217,0.34321666666666667,0.4852575757575736,2000,102603,137.35341365461846,0.7692307692307693,0.726998491704374,0.7478165610651885,High
TTO,Trinidad and Tobago,North America,5130,1970,988890,192.76608187134502,,1960,26.438216666666666,-0.19229292929292907,0.22830140322510584,0.32537499999999997,0.4351161616161606,1980,1127852,219.8541910331384,0.7209653092006033,0.8144796380090498,0.7662973078739022,High
TTO,Trinidad and Tobago,North America,5130,1980,1127852,219.8541910331384,14.052321289526649,1970,26.327875,0.4351161616161606,0.22789650512925946,0.3147666666666667,-0.14962626262626127,1990,1266518,246.88460038986355,0.14177978883861236,0.8416289592760181,0.34543592188221384,Medium
TTO,Trinidad and Tobago,North America,5130,1990,1266518,246.88460038986355,12.294698240549295,1980,26.546083333333335,-0.14962626262626127,0.3075782664198055,0.31966666666666665,0.5005909090909089,2000,1332203,259.688693957115,0.7812971342383107,0.8506787330316742,0.8152501801748492,High
TUN,Tunisia,Africa,163610,1970,5047404,30.850216979402237,,1960,20.175508333333333,-0.43806565656565577,0.1725615572485075,0.3849166666666667,0.2082979797979797,1980,6578156,40.206319907096145,0.48265460030165913,0.3936651583710407,0.4358948263816216,Medium
TUN,Tunisia,Africa,163610,1980,6578156,40.206319907096145,30.327510934333766,1970,19.889608333333335,0.2082979797979797,0.3474620904265341,0.3293416666666667,1.0920909090909094,1990,8440023,51.586229448077745,0.9668174962292609,0.45248868778280543,0.6614181583493424,High
TUN,Tunisia,Africa,163610,1990,8440023,51.586229448077745,28.303783005450157,1980,20.3622,1.0920909090909094,0.2925907438355264,0.32529166666666665,1.0277676767676813,2000,9893316,60.468895544282134,0.9592760180995475,0.4917043740573152,0.6867897888202996,High
TUR,Turkey,Asia,783562,1970,35540990,45.358235851151534,,1960,12.13455,-0.8038484848484853,0.7115159551107086,0.236775,0.4038787878787876,1980,44089069,56.26749255323765,0.6923076923076923,0.4720965309200603,0.5716957756252307,High
TUR,Turkey,Asia,783562,1980,44089069,56.26749255323765,24.0513249630919,1970,11.856683333333333,0.4038787878787876,0.5514839578373645,0.2092416666666667,-0.15120202020202186,1990,54324142,69.32973012984294,0.13725490196078433,0.5173453996983409,0.2664736236768258,Low
TUR,Turkey,Asia,783562,1990,54324142,69.32973012984294,23.21453646480944,1980,11.951616666666666,-0.15120202020202186,0.3450263842473298,0.20079166666666665,1.545666666666667,2000,64113547,81.8231958670788,0.9864253393665159,0.5641025641025641,0.7459524537344143,High
TWN,Taiwan,Asia,36193,1970,14957870,413.2807448954218,,1960,22.218025,-0.42297474747474634,0.27215160198527294,0.2439,0.28228787878787875,1980,18100281,500.1044677147515,0.5656108597285068,0.942684766214178,0.7302004800541887,High
TWN,Taiwan,Asia,36193,1980,18100281,500.1044677147515,21.008412293996415,1970,22.234858333333335,0.28228787878787875,0.18833585350359483,0.23185833333333333,-0.11076767676767799,1990,20586174,568.7888265686735,0.17043740573152338,0.951734539969834,0.4027544735164879,Medium
TWN,Taiwan,Asia,36193,1990,20586174,568.7888265686735,13.734002251125265,1980,22.233449999999998,-0.11076767676767799,0.20970147503683143,0.19435000000000002,0.5179696969696962,2000,22194731,613.2326969303457,0.8024132730015083,0.9577677224736049,0.8766558805855611,High
TZA,Tanzania,Africa,945087,1970,13618192,14.409458600107715,,1960,22.275166666666667,0.0877878787878824,0.233369750224542,0.30780833333333335,0.24577272727272712,1980,19297659,20.418923337216572,0.5143288084464555,0.2564102564102564,0.3631517336499129,Medium
TZA,Tanzania,Africa,945087,1980,19297659,20.418923337216572,41.705000193858346,1970,22.338308333333334,0.24577272727272712,0.1576710152374728,0.29968333333333336,0.060469696969697825,1990,26206012,27.728676830810286,0.3031674208144796,0.31221719457013575,0.3076590346662366,Low
TZA,Tanzania,Africa,945087,1990,26206012,27.728676830810286,35.79891737127285,1980,22.649308333333334,0.060469696969697825,0.29452972283264306,0.3418,0.18462121212121455,2000,34463704,36.46617083929839,0.46153846153846156,0.3665158371040724,0.4112920563133878,Medium
UGA,Uganda,Africa,241550,1970,10317212,42.712531566963364,,1960,22.968466666666664,0.0338585858585887,0.14134613964146667,0.36678333333333335,0.22562121212120984,1980,13284026,54.99493272614365,0.502262443438914,0.46304675716440424,0.4822561515210139,Medium
UGA,Uganda,Africa,241550,1980,13284026,54.99493272614365,28.75596624359371,1970,23.153491666666664,0.22562121212120984,0.13907117220024232,0.386525,-0.14165151515151392,1990,17586630,72.80741047402194,0.15233785822021115,0.5248868778280543,0.28277224541354734,Low
UGA,Uganda,Africa,241550,1990,17586630,72.80741047402194,32.38930727777858,1980,23.439258333333335,-0.14165151515151392,0.26657356718696434,0.42233333333333334,0.40040909090908566,2000,24020697,99.44399503208446,0.6892911010558069,0.6304675716440422,0.6592235483039898,High
UKR,Ukraine,Europe,603500,1970,47279086,78.34148467274234,,1960,8.004841666666668,-0.8676818181818192,0.7484018695790717,0.26399166666666674,-0.619212121212122,1980,49973920,82.80682684341342,0.02564102564102564,0.5701357466063348,0.12090849969128857,Low
UKR,Ukraine,Europe,603500,1980,49973920,82.80682684341342,5.699843689871664,1970,8.028766666666666,-0.619212121212122,0.6937830271609817,0.22032500000000002,0.16136363636363582,1990,51589817,85.48436951118475,0.4434389140271493,0.5776772247360482,0.5061270208111504,Medium
UKR,Ukraine,Europe,603500,1990,51589817,85.48436951118475,3.233480583472348,1980,7.880633333333333,0.16136363636363582,1.0707445573126162,0.210725,-0.09974747474747409,2000,48879755,80.99379453189727,0.1794871794871795,0.5595776772247361,0.3169180004181763,Low
URY,Uruguay,South America,181034,1970,2790265,15.412933482108333,,1960,17.383116666666666,0.1250404040404045,0.41488917548759374,0.3368083333333333,0.14517676767676807,1980,2953750,16.315995890274756,0.4177978883861237,0.21417797888386123,0.29913727169392484,Low
URY,Uruguay,South America,181034,1980,2953750,16.315995890274756,5.859120907870752,1970,17.408258333333333,0.14517676767676807,0.29423011484971207,0.30309166666666665,-0.21985858585858714,1990,3117012,17.217826485632532,0.08748114630467571,0.22322775263951736,0.13974340659910067,Low
URY,Uruguay,South America,181034,1990,3117012,17.217826485632532,5.527278882776132,1980,17.754683333333332,-0.21985858585858714,0.374566038228261,0.2940583333333333,0.022424242424242916,2000,3292224,18.185666780825702,0.26998491704374056,0.23378582202111614,0.25123424480825407,Low
USA,United States,North America,9372610,1970,200328340,21.37380516206265,,1960,8.721916666666667,-0.1103939393939394,0.19981832327797308,0.19353333333333333,0.2559545454545441,1980,223140018,23.80767128900061,0.5324283559577677,0.27601809954751133,0.3833534439087106,Medium
USA,United States,North America,9372610,1980,223140018,23.80767128900061,11.38714472450577,1970,8.696925,0.2559545454545441,0.2525247155953887,0.18774166666666664,0.10156060606060621,1990,248083732,26.469012580273798,0.34841628959276016,0.3046757164404223,0.3258128030805233,Medium
USA,United States,North America,9372610,1990,248083732,26.469012580273798,11.178503176422616,1980,9.104308333333332,0.10156060606060621,0.4278023069839971,0.17015833333333333,0.3179444444444449,2000,282398554,30.13019361735952,0.6078431372549019,0.32277526395173456,0.4429409995345897,Medium
UZB,Uzbekistan,Asia,447400,1970,12011361,26.84702950379973,,1960,12.633083333333335,-0.8902121212121201,0.7370997651448927,0.394275,0.3208989898989906,1980,15947129,35.64400759946357,0.6123680241327301,0.3650075414781297,0.47277790448423856,Medium
UZB,Uzbekistan,Asia,447400,1980,15947129,35.64400759946357,32.76704446731724,1970,12.577033333333336,0.3208989898989906,0.8027230836750121,0.37451666666666666,0.03072727272727411,1990,20579100,45.99709432275369,0.2790346907993967,0.42232277526395173,0.3432822526920375,Medium
UZB,Uzbekistan,Asia,447400,1990,20579100,45.99709432275369,29.045798776695175,1980,13.048600000000002,0.03072727272727411,0.613944732731282,0.29445,0.8028282828282839,2000,24925554,55.712011622708985,0.9276018099547512,0.4675716440422323,0.6585744478015324,High
VCT,Saint Vincent and the Grenadines,North America,389,1970,98459,253.10796915167094,,1960,27.09744166666667,-0.218318181818183,0.19760176326703294,0.3071833333333333,0.20464141414141238,1980,107480,276.29820051413884,0.4781297134238311,0.8597285067873304,0.6411409709046244,High
VCT,Saint Vincent and the Grenadines,North America,389,1980,107480,276.29820051413884,9.16218933769386,1970,26.977741666666667,0.20464141414141238,0.21627749883005984,0.2778083333333333,-0.17513636363636642,1990,112487,289.1696658097686,0.12066365007541478,0.8717948717948718,0.32433617027367995,Medium
VCT,Saint Vincent and the Grenadines,North America,389,1990,112487,289.1696658097686,4.658541123930027,1980,27.222575,-0.17513636363636642,0.2731132055832772,0.252025,0.5263989898989919,2000,113813,292.5784061696658,0.8069381598793364,0.8763197586726998,0.8409137015944339,High
VEN,Venezuela,South America,916445,1970,11355475,12.390787226729373,,1960,25.36564166666667,-0.06656060606060758,0.18736293913043717,0.300275,0.5019090909090893,1980,15210443,16.597224055998996,0.7828054298642534,0.22021116138763197,0.4151897070628699,Medium
VEN,Venezuela,South America,916445,1980,15210443,16.597224055998996,33.94809992536641,1970,25.255316666666666,0.5019090909090893,0.25795145702378897,0.32030833333333336,-0.15393434343434342,1990,19750579,21.551297677438363,0.13574660633484162,0.26244343891402716,0.18874799651234578,Low
VEN,Venezuela,South America,916445,1990,19750579,21.551297677438363,29.848808479805623,1980,25.440608333333337,-0.15393434343434342,0.2889051052978989,0.3346083333333333,0.23766666666666958,2000,24427729,26.654877270321734,0.5082956259426847,0.30618401206636503,0.3945022104715201,Medium
VGB,British Virgin Islands,North America,151,1970,9581,63.450331125827816,,1960,26.572900000000004,-0.4222424242424255,0.19920593177606444,0.306925,0.1479494949494965,1980,11109,73.56953642384106,0.42232277526395173,0.5294117647058824,0.4728452661579414,Medium
VGB,British Virgin Islands,North America,151,1980,11109,73.56953642384106,15.948230873604018,1970,26.46023333333333,0.1479494949494965,0.23114076014573426,0.2880916666666667,-0.151045454545451,1990,15617,103.42384105960265,0.14027149321266968,0.6440422322775264,0.30056740610649996,Low
VGB,British Virgin Islands,North America,151,1990,15617,103.42384105960265,40.57971014492754,1980,26.774041666666665,-0.151045454545451,0.21138137425419903,0.27458333333333335,0.4624949494949455,2000,20104,133.13907284768212,0.751131221719457,0.722473604826546,0.7366630718676102,High
VIR,United States Virgin Islands,North America,347,1970,63446,182.84149855907782,,1960,26.572900000000004,-0.4222424242424255,0.19920593177606444,0.306925,0.1479494949494965,1980,96640,278.5014409221902,0.42232277526395173,0.8627450980392157,0.6036198341251651,High
VIR,United States Virgin Islands,North America,347,1980,96640,278.5014409221902,52.31850707688428,1970,26.46023333333333,0.1479494949494965,0.23114076014573426,0.2880916666666667,-0.151045454545451,1990,100685,290.1585014409222,0.14027149321266968,0.8733031674208145,0.349999341887198,Medium
VIR,United States Virgin Islands,North America,347,1990,100685,290.1585014409222,4.185637417218535,1980,26.774041666666665,-0.151045454545451,0.21138137425419903,0.27458333333333335,0.4624949494949455,2000,108185,311.7723342939481,0.751131221719457,0.8868778280542986,0.8161872496567952,High
VNM,Vietnam,Asia,331212,1970,41928849,126.59217963117278,,1960,24.001375,0.07901515151515265,0.2656971456456859,0.25305833333333333,0.16817676767676742,1980,52968270,159.9225571537263,0.4539969834087481,0.7601809954751131,0.5874690449635287,High
VNM,Vietnam,Asia,331212,1980,52968270,159.9225571537263,26.328938817280665,1970,23.895441666666667,0.16817676767676742,0.2610753184508783,0.25166666666666665,0.009545454545455552,1990,66912613,202.0235166600244,0.2594268476621418,0.8009049773755657,0.45582480577241735,Medium
VNM,Vietnam,Asia,331212,1990,66912613,202.0235166600244,26.32584186721598,1980,24.048383333333334,0.009545454545455552,0.23776162953756655,0.26003333333333334,0.21533333333333446,2000,79001142,238.5213760371001,0.49321266968325794,0.8340874811463047,0.6413910767430063,High
WSM,Samoa,Oceania,2842,1970,142771,50.23610133708656,,1960,26.376741666666668,-0.09226767676767708,0.17914899135010082,0.349775,0.1288232323232322,1980,164905,58.02427867698804,0.3891402714932127,0.4781297134238311,0.4313461794089773,Medium
WSM,Samoa,Oceania,2842,1980,164905,58.02427867698804,15.503148398484278,1970,26.47964166666667,0.1288232323232322,0.17302149118072047,0.3117833333333333,-0.008742424242422707,1990,168186,59.17874736101337,0.2458521870286576,0.48265460030165913,0.3444730599968675,Medium
WSM,Samoa,Oceania,2842,1990,168186,59.17874736101337,1.989630393256725,1980,26.633574999999997,-0.008742424242422707,0.09951901695782257,0.29539166666666666,0.13342424242424303,2000,184008,64.74595355383532,0.39668174962292607,0.5037707390648567,0.44703093649218717,Medium
YEM,Yemen,Asia,527968,1970,6843607,12.962162479544215,,1960,26.273041666666664,0.15921717171717054,0.20024218303081368,0.6993916666666666,0.41100505050504643,1980,9204938,17.434651342505607,0.702865761689291,0.22624434389140272,0.39877237002721827,Medium
YEM,Yemen,Asia,527968,1980,9204938,17.434651342505607,34.50418763087946,1970,26.300225,0.41100505050504643,0.3339825368958168,0.924825,-0.29393939393939617,1990,13375121,25.333203906297353,0.06334841628959276,0.2895927601809955,0.13544461128593455,Low
YEM,Yemen,Asia,527968,1990,13375121,25.333203906297353,45.3037597863234,1980,26.280400000000004,-0.29393939393939617,0.3763135635611478,0.7664333333333333,0.9223888888888919,2000,18628700,35.283767198012,0.9457013574660633,0.363499245852187,0.5863119734751318,High
ZAF,South Africa,Africa,1221037,1970,22368306,18.319105809242473,,1960,17.495358333333336,-0.17079292929292847,0.2403686716424283,0.2514333333333333,-0.01201515151515161,1980,29463549,24.129939551381327,0.24132730015082957,0.28054298642533937,0.2601973894762935,Low
ZAF,South Africa,Africa,1221037,1980,29463549,24.129939551381327,31.720073035481544,1970,17.43609166666667,-0.01201515151515161,0.28047311560047145,0.25984166666666664,0.1732272727272709,1990,39877570,32.65877282997976,0.4555052790346908,0.3393665158371041,0.3931707510629585,Medium
ZAF,South Africa,Africa,1221037,1990,39877570,32.65877282997976,35.34543988573813,1980,17.779908333333335,0.1732272727272709,0.3391481334954138,0.23684166666666662,0.24103030303030196,2000,46813266,38.33894140799992,0.5113122171945701,0.37858220211161386,0.4399701184763485,Medium
ZMB,Zambia,Africa,752612,1970,4281671,5.6890814921898665,,1960,21.310158333333334,0.0615808080808103,0.221404735986996,0.28526666666666667,-0.1999242424242434,1980,5720438,7.600779684618369,0.09200603318250378,0.11010558069381599,0.10064977750046981,Low
ZMB,Zambia,Africa,752612,1980,5720438,7.600779684618369,33.602932126265664,1970,21.252458333333333,-0.1999242424242434,0.28460103358297617,0.29153333333333337,0.44028787878787917,1990,7686401,10.212966309333362,0.726998491704374,0.1493212669683258,0.3294788853103625,Medium
ZMB,Zambia,Africa,752612,1990,7686401,10.212966309333362,34.3673508916625,1980,21.666858333333334,0.44028787878787917,0.3802192048212805,0.40460833333333335,-0.1821969696969704,2000,9891136,13.14241069767689,0.11161387631975868,0.1779788838612368,0.14094294282019507,Low
ZWE,Zimbabwe,Africa,390757,1970,5202918,13.31497068510609,,1960,21.21174166666667,0.09896464646464646,0.22095476666776526,0.24714166666666665,-0.40622727272727177,1980,7049926,18.041713904037547,0.04675716440422323,0.23227752639517346,0.1042143871500736,Low
ZWE,Zimbabwe,Africa,390757,1980,7049926,18.041713904037547,35.49946395465007,1970,21.111908333333332,-0.40622727272727177,0.3603544186918026,0.22031666666666666,0.43690909090909136,1990,10113893,25.88281975754753,0.722473604826546,0.2971342383107089,0.46332671439247686,Medium
ZWE,Zimbabwe,Africa,390757,1990,10113893,25.88281975754753,43.460981008878676,1980,21.5227,0.43690909090909136,0.48612226607691766,0.23678333333333335,-0.5882272727272703,2000,11834676,30.286536133709696,0.027149321266968326,0.32428355957767724,0.09383005137252363,Low
ABW,Aruba,North America,180,2000,89101,495.00555555555553,35.59319454589725,1990,28.53163333333334,0.3221515151515145,0.2243152929993867,0.31716666666666665,0.30730303030303324,2010,100341,557.45,0.5912518853695324,0.947209653092006,0.7483578644143919,High
AFG,Afghanistan,Asia,652230,2000,19542982,29.963328887049048,82.7335649974062,1990,14.732458333333335,0.7997121212121227,0.3241004891206741,0.4517749999999999,-0.42433333333333517,2010,28189672,43.22044677491069,0.042232277526395176,0.4042232277526395,0.13065706080064987,Low
AGO,Angola,Africa,1246700,2000,16394062,13.14996550894361,38.59636248907101,1990,22.477566666666668,0.4132525252525284,0.29470275203286134,0.4946,-0.44629797979797725,2010,23364185,18.74082377476538,0.03770739064856712,0.2398190045248869,0.09509442091190416,Low
AIA,Anguilla,North America,91,2000,11047,121.3956043956044,32.840307840307844,1990,27.266525,0.514823232323232,0.1753312746056579,0.2825583333333333,0.17423737373737228,2010,13172,144.74725274725276,0.4555052790346908,0.7390648567119156,0.5802137052684079,High
ALB,Albania,Europe,28748,2000,3182021,110.68669124808682,-3.43073553003187,1990,13.149891666666665,0.307762626262628,0.4984907696048337,0.3289,0.11667171717171737,2010,2913399,101.3426673159872,0.36048265460030166,0.6349924585218703,0.47843888543797913,Medium
AND,Andorra,Europe,468,2000,66097,141.23290598290598,23.386660195262188,1990,12.089525,0.5479848484848479,0.48304450795041154,0.27648333333333336,-0.047878787878786536,2010,71519,152.81837606837607,0.2096530920060332,0.7496229260935143,0.3964350694554095,Medium
ARE,United Arab Emirates,Asia,83600,2000,3275333,39.17862440191387,72.37224831079214,1990,28.272633333333335,1.5170808080808074,0.4302592618713908,0.3300416666666667,-0.02280303030303153,2010,8481771,101.4565909090909,0.23378582202111614,0.6365007541478129,0.3857523195335406,Medium
ARG,Argentina,South America,2780400,2000,37070774,13.332892389584233,13.582828571303395,1990,15.197791666666669,0.28212626262626384,0.23909272538460183,0.21525833333333333,0.2918131313131322,2010,41100123,14.782089987052222,0.5776772247360482,0.20211161387631976,0.341694711974002,Medium
ARM,Armenia,Asia,29743,2000,3168523,106.5300406818411,-10.909932380890519,1990,9.277333333333333,1.9615050505050502,0.7522238013364401,0.335975,-0.25961616161616186,2010,2946293,99.05836667451165,0.07239819004524888,0.6289592760180995,0.21339051805523251,Low
ASM,American Samoa,Oceania,199,2000,58230,292.61306532663315,21.774227278430725,1990,27.103125,0.09477272727272655,0.16695187255529484,0.4056666666666667,-0.25355555555555365,2010,54849,275.62311557788945,0.07390648567119155,0.8567119155354449,0.25162783413179757,Low
ATG,Antigua and Barbuda,North America,442,2000,75055,169.80769230769232,18.51787518948964,1990,27.097283333333337,0.5504242424242403,0.18185021100461918,0.2507666666666667,0.15089393939394094,2010,85695,193.88009049773757,0.4253393665158371,0.7918552036199095,0.5803509202887176,High
AUS,Australia,Oceania,7692024,2000,19017963,2.472426373084639,11.555371030847429,1990,22.206200000000003,-0.011626262626267255,0.24298193838476936,0.1803,0.7316464646464648,2010,22019168,2.8625974125925766,0.8974358974358975,0.05429864253393665,0.22074770891675055,Low
AUT,Austria,Europe,83871,2000,8010428,95.50891249657212,4.319712285718125,1990,7.0532916666666665,-0.13279292929292913,0.6380952883955323,0.23961666666666664,-0.03726262626262632,2010,8362829,99.71061511130188,0.22473604826546004,0.6304675716440422,0.3764157151485613,Medium
AZE,Azerbaijan,Asia,86600,2000,8190337,94.57663972286375,10.265452818290544,1990,11.930708333333332,1.6308838383838384,0.67304026195364,0.3303083333333333,-0.16012626262626384,2010,9237202,106.66515011547344,0.13273001508295626,0.6546003016591252,0.29476279940406896,Low
BDI,Burundi,Africa,27834,2000,6307659,226.61705108859667,15.02365242451711,1990,20.537008333333336,0.258833333333335,0.19548129350684904,0.5664750000000001,0.11884848484848455,2010,9126605,327.89412229647195,0.363499245852187,0.8974358974358975,0.571154332837132,High
BEL,Belgium,Europe,30528,2000,10264343,336.2271685010482,3.0602054709244264,1990,10.342208333333335,0.06836868686868747,0.6638032478185389,0.20431666666666665,-0.146767676767677,2010,10877947,356.3268802410901,0.14177978883861236,0.9140271493212669,0.3599869111836263,Medium
BEN,Benin,Africa,112622,2000,6998023,62.137264477633146,36.322848378439396,1990,27.596991666666668,0.3690050505050515,0.22089117568290445,0.27487500000000004,0.41496464646464554,2010,9445710,83.8709133206656,0.7043740573152338,0.5746606334841629,0.6362201207024046,High
BFA,Burkina Faso,Africa,272967,2000,11882888,43.532324420168,30.132715156043012,1990,28.528008333333332,0.21261111111111122,0.28301356538035527,0.3011166666666667,0.18854545454545008,2010,16116845,59.04319936109493,0.46304675716440424,0.4781297134238311,0.4705278029031344,Medium
BGD,Bangladesh,Asia,147570,2000,129193327,875.4714847191163,20.575043684345438,1990,25.275833333333335,0.4103737373737399,0.22449629387022538,0.22388333333333335,0.5198484848484815,2010,148391139,1005.564403334011,0.803921568627451,0.9773755656108597,0.8864159846505615,High
BGR,Bulgaria,Europe,110879,2000,8097691,73.03178239341986,-7.6426091080317065,1990,11.006483333333332,0.11622222222222355,0.6778246182205572,0.25494999999999995,0.341449494949495,2010,7592273,68.47349813760947,0.6365007541478129,0.5158371040723982,0.5730014884444066,High
BHR,Bahrain,Asia,765,2000,711442,929.9895424836601,37.49850217812292,1990,26.48645,1.9247676767676734,0.5160637192598662,0.396675,-0.09067676767676836,2010,1213645,1586.4640522875818,0.18552036199095023,0.9819004524886877,0.42680502267988735,Medium
BHS,Bahamas,North America,13943,2000,325014,23.310191493939612,20.073592705751086,1990,25.8156,0.10120202020201696,0.2997364737003027,0.316675,0.19783333333333164,2010,373272,26.77128308111597,0.4720965309200603,0.3076923076923077,0.3811305170834871,Medium
BIH,Bosnia and Herzegovina,Europe,51209,2000,4179350,81.61358354976664,-7.00797230275615,1990,11.067466666666668,-0.18862626262626417,0.5625664598640195,0.3301583333333334,0.05420202020202056,2010,3811088,74.42223046730066,0.2971342383107089,0.5354449472096531,0.3988721932479851,Medium
BLM,Saint Barthelemy,North America,21,2000,7082,337.23809523809524,37.035603715170275,1990,27.266525,0.514823232323232,0.1753312746056579,0.2825583333333333,0.17423737373737228,2010,8988,428.0,0.4555052790346908,0.9306184012066365,0.6510772569491633,High
BLR,Belarus,Europe,207600,2000,10256483,49.40502408477842,-1.6497251528859502,1990,6.779725000000001,-0.4666212121212123,0.6621371064419157,0.20791666666666667,0.17234848484848506,2010,9731427,46.87585260115607,0.4539969834087481,0.4238310708898944,0.43865479327018797,Medium
BLZ,Belize,North America,22966,2000,240406,10.46790908299225,31.66510578402861,1990,25.77119166666667,0.16609595959595724,0.2842766776926755,0.36151666666666665,0.34372727272727305,2010,322106,14.02534180963163,0.6395173453996983,0.19155354449472098,0.35000259181492777,Medium
BOL,Bolivia,South America,1098581,2000,8592656,7.8215953124985775,21.08823405898994,1990,21.46904166666667,-0.26042929292929073,0.3048601969184724,0.3089666666666667,0.026383838383838978,2010,10223270,9.30588641165285,0.27601809954751133,0.13574660633484162,0.19356787001092704,Low
BRA,Brazil,South America,8515767,2000,175873720,20.652716308466402,16.699533873952554,1990,25.432500000000005,0.38545454545454266,0.18240593604663782,0.18735,0.1402424242424238,2010,196353492,23.057640257184115,0.4117647058823529,0.27149321266968324,0.33435209415223827,Medium
BRB,Barbados,North America,430,2000,264657,615.4813953488372,2.236274858228904,1990,27.110741666666666,0.5349040404040405,0.16476239393530875,0.2453,0.20473737373737086,2010,274711,638.8627906976744,0.4781297134238311,0.9592760180995475,0.6772432115778574,High
BTN,Bhutan,Asia,38394,2000,587207,15.294238683127572,5.150937787630583,1990,12.220116666666666,0.5696767676767662,0.3215962981798653,0.32100000000000006,0.906606060606062,2010,705516,18.375683700578215,0.942684766214178,0.2368024132730015,0.47247225060866016,Medium
BWA,Botswana,Africa,582000,2000,1726985,2.967328178694158,28.73786595938497,1990,22.71541666666667,0.1209898989898942,0.44331696536538145,0.3426083333333333,-0.27546464646464586,2010,2091664,3.5939243986254295,0.06485671191553545,0.06636500754147813,0.06560652540250843,Low
CAF,Central African Republic,Africa,622984,2000,3759170,6.034135708140177,33.81538867892557,1990,25.700483333333334,0.3588181818181829,0.2781195115601159,0.5061583333333334,0.7207727272727305,2010,4660067,7.480235447459325,0.8959276018099548,0.10558069381598793,0.3075591939903426,Low
CAN,Canada,North America,9984670,2000,30683313,3.0730422738057444,10.941485625228054,1990,-4.243991666666667,1.916176767676768,0.5380434479133626,0.23377499999999998,-0.12283333333333354,2010,33963412,3.4015557850184335,0.1583710407239819,0.06184012066365008,0.09896304496123227,Low
CHE,Switzerland,Europe,41284,2000,7182059,173.96713012305008,7.008157256298819,1990,7.895841666666667,-0.09317676767676819,0.5052192364137559,0.22924166666666665,-0.14407070707070674,2010,7822435,189.47861156864644,0.15082956259426847,0.7903469079939668,0.34526464984191846,Medium
CHL,Chile,South America,756102,2000,15351799,20.303873022422902,15.056215800081363,1990,9.929525,0.37097474747474757,0.19675374175666588,0.29455,0.30200505050504994,2010,17004162,22.48924351476388,0.5867269984917044,0.2654600301659125,0.3946549970781609,Medium
CHN,China,Asia,9706961,2000,1264099069,130.22603768573913,9.568727584094926,1990,7.344066666666666,0.6612626262626264,0.35518326017303425,0.16601666666666665,0.4584595959595966,2010,1348191368,138.8891299759008,0.7435897435897436,0.726998491704374,0.7352473203192147,High
CIV,Ivory Coast,Africa,322463,2000,16799670,52.097977132260134,41.04876856968702,1990,26.43854166666667,0.3710555555555555,0.20634394630556704,0.28051666666666664,0.3575656565656568,2010,21120042,65.49601659725302,0.6530920060331825,0.5067873303167421,0.5753075300991307,High
CMR,Cameroon,Africa,475442,2000,15091594,31.742239852600317,32.028936566315444,1990,24.753008333333334,0.2984898989899001,0.24073862034160798,0.4182166666666666,0.7679595959595936,2010,19878036,41.80959191657447,0.9140271493212669,0.39819004524886875,0.6032880837103695,High
COD,DR Congo,Africa,2344858,2000,48616317,20.733160387537325,35.092078116701565,1990,24.26676666666667,0.33728282828283107,0.21285946810335182,0.3731583333333333,0.1842323232323263,2010,66391257,28.313551183056713,0.46003016591251883,0.3152337858220211,0.38081104342302863,Medium
COG,Republic of the Congo,Africa,342000,2000,3134030,9.163830409356725,31.381907283157993,1990,24.883900000000004,0.4981111111111117,0.2420521697499486,0.2932166666666667,0.6493737373737352,2010,4437884,12.976269005847954,0.8702865761689291,0.17496229260935142,0.39021447255792396,Medium
COL,Colombia,South America,1141748,2000,39215135,34.34657647747139,20.28668529593198,1990,25.343600000000002,0.061686868686865806,0.2840684846563145,0.2633833333333333,0.1626919191919203,2010,44816108,39.25218874918108,0.4434389140271493,0.3815987933634992,0.4113584258565523,Medium
COM,Comoros,Africa,1862,2000,536758,288.26960257787323,24.503443364825017,1990,26.277750000000005,0.2461313131313139,0.17329117175869793,0.36064166666666664,0.20716161616161538,2010,656024,352.3222341568206,0.4781297134238311,0.9125188536953243,0.6605318902302812,High
CPV,Cape Verde,Africa,4033,2000,458251,113.62534093726754,25.69871325395061,1990,24.86723333333334,0.6243535353535339,0.3079022511429311,0.6731083333333334,-0.23327272727272794,2010,521212,129.23679642945697,0.08295625942684766,0.7058823529411765,0.2419862797668948,Low
CRI,Costa Rica,North America,51100,2000,3979193,77.87070450097848,25.993484372531263,1990,26.35871666666667,0.11973737373737603,0.3313743991966609,0.3679,0.22532323232323373,2010,4622252,90.45502935420744,0.5007541478129713,0.5957767722473605,0.5462029749767843,Medium
CUB,Cuba,North America,109884,2000,11105791,101.06831749845291,4.508567115976025,1990,26.106958333333335,0.1334797979797972,0.277197933626918,0.31572500000000003,0.15830303030302975,2010,11290417,102.74850751701794,0.43137254901960786,0.6410256410256411,0.5258525123607939,Medium
CUW,Curacao,North America,444,2000,141424,318.52252252252254,-9.02049586351531,1990,27.956141666666667,0.3539747474747463,0.20976237515591586,0.3378333333333333,0.3683484848484869,2010,159380,358.963963963964,0.6621417797888386,0.9155354449472096,0.7785976297017039,High
CYM,Cayman Islands,North America,264,2000,39658,150.21969696969697,52.37253621239481,1990,27.409550000000003,0.19620202020201968,0.23376661285045863,0.34259999999999996,0.18159090909091039,2010,54074,204.82575757575756,0.45852187028657615,0.8024132730015083,0.6065674197312485,High
CYP,Cyprus,Europe,9251,2000,948237,102.50102691600908,20.258338617628404,1990,19.25460833333333,1.1560656565656569,0.491443429537003,0.27634166666666665,0.47614646464646493,2010,1129686,122.11501459301697,0.7586726998491704,0.698340874811463,0.7278819663298742,High
CZE,Czech Republic,Europe,78865,2000,10234710,129.7750586445191,-0.6453816218550235,1990,8.442733333333333,-0.23391919191919197,0.7544166624856516,0.21584166666666665,0.17356060606060517,2010,10464749,132.6919292461802,0.4555052790346908,0.7194570135746606,0.5724652545978587,High
DEU,Germany,Europe,357114,2000,81551677,228.36314734230527,2.748488866022214,1990,9.0448,-0.17907070707070818,0.7321789208059584,0.18703333333333333,0.025580808080808606,2010,81325090,227.72865247512,0.27601809954751133,0.8190045248868778,0.4754577504679974,Medium
DJI,Djibouti,Africa,23200,2000,742033,31.98418103448276,28.56335968591739,1990,29.22409166666667,0.4167525252525285,0.23936871389457995,0.8014083333333334,0.05862121212121234,2010,919199,39.620646551724136,0.30015082956259426,0.38461538461538464,0.33976848993814,Medium
DMA,Dominica,North America,751,2000,68346,91.00665778961385,-1.6335401044889952,1990,26.77110833333333,0.5278232323232311,0.16500644204567688,0.26925,0.19621717171717043,2010,68755,91.55126498002663,0.4675716440422323,0.6003016591251885,0.5297962190110874,Medium
DNK,Denmark,Europe,43094,2000,5340655,123.93036153524852,3.8104249815778424,1990,-17.777908333333333,1.4445303030303034,0.5925015306349116,0.6404333333333333,-0.03765151515151374,2010,5550849,128.80793149858448,0.22473604826546004,0.7058823529411765,0.3982928703106857,Medium
DOM,Dominican Republic,North America,48671,2000,8540791,175.48008054077377,19.803425555659658,1990,26.21379166666667,0.490601010101009,0.25468962530413597,0.4500916666666666,0.252015151515154,2010,9775755,200.8537938402745,0.5279034690799397,0.7978883861236803,0.6490054290784363,High
DZA,Algeria,Africa,2381741,2000,30774621,12.921061106140424,20.59930933659022,1990,23.651741666666666,0.9577727272727315,0.3657654112721061,0.353425,-0.3382222222222224,2010,35856344,15.05467806952981,0.05279034690799397,0.20361990950226244,0.10367818314379729,Low
ECU,Ecuador,South America,276841,2000,12626507,45.609237793534916,20.829702893930314,1990,22.492716666666666,0.054191919191919,0.39548735837696364,0.24640833333333334,0.20873737373737444,2010,14989585,54.14510495193992,0.48265460030165913,0.46153846153846156,0.4719784546753049,Medium
EGY,Egypt,Africa,1002450,2000,71371371,71.19693850067335,24.74321864879665,1990,23.235899999999997,0.7459898989898955,0.27785740968004435,0.3566083333333333,0.5515555555555544,2010,87252413,87.03916704075016,0.8250377073906485,0.5806938159879337,0.6921663778591184,High
ERI,Eritrea,Africa,117600,2000,2392880,20.347619047619048,11.298814861671836,1990,27.151316666666663,0.4505151515151514,0.31363369920711465,0.6268333333333332,0.30869696969696986,2010,3147727,26.76638605442177,0.5972850678733032,0.3076923076923077,0.4286957206272221,Medium
ESH,Western Sahara,Africa,266000,2000,270375,1.0164473684210527,51.44598356569521,1990,23.082625,0.612702020202023,0.42128252809855105,0.5484,-0.04849494949494987,2010,413296,1.5537443609022557,0.2096530920060332,0.02262443438914027,0.06887149355554072,Low
ESP,Spain,Europe,505992,2000,40741651,80.5183698556499,4.761551260791719,1990,14.4124,0.5078686868686868,0.49181356088084094,0.2192416666666667,-0.0006565656565667819,2010,46572772,92.04250660089488,0.248868778280543,0.6033182503770739,0.38748816225234173,Medium
EST,Estonia,Europe,45227,2000,1396877,30.88590885975192,-11.065122361483038,1990,5.809791666666667,-0.7490656565656567,0.6577064683028725,0.26114166666666666,0.3822676767676764,2010,1331535,29.44115240895925,0.6757164404223228,0.31975867269984914,0.4648292074632452,Medium
ETH,Ethiopia,Africa,1104300,2000,67031867,60.700776057230826,40.00535694074405,1990,23.354408333333332,0.2886818181818184,0.16013122144294087,0.5401666666666667,0.2164444444444424,2010,89237791,80.80937335868876,0.4962292609351433,0.5580693815987934,0.5262417284682978,Medium
FIN,Finland,Europe,338424,2000,5176209,15.29504113183462,3.8035152595634836,1990,2.1301916666666663,-0.9149444444444449,0.4256797647761961,0.22657500000000003,0.21092424242424235,2010,5363271,15.847785618041273,0.48717948717948717,0.21116138763197587,0.3207389850620827,Medium
FJI,Fiji,Oceania,18272,2000,832509,45.562007443082315,6.673116102661347,1990,25.465325,0.5734090909090956,0.24358330992096644,0.24073333333333333,-0.19614141414141895,2010,905169,49.53858362521891,0.09803921568627451,0.43891402714932126,0.20743863424016187,Low
FLK,Falkland Islands,South America,12173,2000,3080,0.25301897642323173,32.0754716981132,1990,6.664250000000001,0.678717171717172,0.4571883210202241,0.5527333333333333,0.3389898989898987,2010,3187,0.26180892138338946,0.6334841628959276,0.00904977375565611,0.0757158395053462,Low
FRA,France,Europe,551695,2000,58665453,106.3367494720815,3.9929805413113195,1990,13.658283333333333,0.3250404040404031,0.42175042189531226,0.21839999999999998,-0.1421818181818182,2010,62444567,113.18675536301761,0.15082956259426847,0.6772247360482655,0.31960211312846293,Medium
FRO,Faroe Islands,Europe,1393,2000,45660,32.77817659727207,-3.8311674635101878,1990,7.108833333333334,-0.26510101010101006,0.3483724911402159,0.3677833333333333,0.4039494949494947,2010,48410,34.75233309404164,0.6923076923076923,0.36048265460030166,0.49956472525918577,Medium
FSM,Micronesia,Oceania,702,2000,111709,159.12962962962962,13.291684837175332,1990,27.228458333333332,0.08658080808080995,0.15278215050369154,0.3303583333333334,-0.09226262626263115,2010,107588,153.25925925925927,0.18401206636500755,0.751131221719457,0.37177574990828804,Medium
GAB,Gabon,Africa,267668,2000,1272935,4.755648788798063,29.491225071920635,1990,24.683325000000004,0.593419191919191,0.2529852628683779,0.3319416666666667,0.6883838383838374,2010,1711105,6.392639389093953,0.8853695324283559,0.09351432880844646,0.28774074715355447,Low
GBR,United Kingdom,Europe,242900,2000,58850043,242.28095100864553,2.86591213541052,1990,9.208949999999998,0.4453939393939394,0.4032362122542766,0.21603333333333335,0.1958333333333323,2010,62760039,258.3780938657884,0.4660633484162896,0.8476621417797888,0.6285413718472412,High
GEO,Georgia,Asia,69700,2000,4265172,61.19328550932568,-20.89280507808762,1990,8.793249999999999,1.636616161616162,0.696864354647679,0.3501416666666667,0.11442929292929395,2010,3836831,55.047790530846484,0.3574660633484163,0.4645550527903469,0.40750787223019513,Medium
GGY,Guernsey,Europe,78,2000,59114,757.8717948717949,2.4026885166386514,1990,11.743841666666665,0.5824696969696973,0.530419531931184,0.22789166666666666,-0.15840404040404066,2010,60782,779.2564102564103,0.13273001508295626,0.971342383107089,0.359063071284863,Medium
GHA,Ghana,Africa,238533,2000,19665502,82.44352772991577,27.30967123545558,1990,27.13018333333333,0.3215353535353516,0.20139151636507222,0.2952,0.2964292929292876,2010,25574719,107.21669119157517,0.5776772247360482,0.6546003016591252,0.6149371395303942,High
GIN,Guinea,Africa,245857,2000,8336967,33.90982156294106,31.205173945511167,1990,26.002325000000003,0.19255050505050303,0.20751781884106,0.4112,0.08795959595959602,2010,10270728,41.775210793266005,0.3288084464555053,0.39819004524886875,0.36184008922772487,Medium
GLP,Guadeloupe,North America,1628,2000,424067,260.48341523341526,8.193881378029388,1990,26.99,0.5548383838383849,0.18127224618047855,0.2453666666666666,0.1538484848484818,2010,403072,247.58722358722358,0.42835595776772245,0.8416289592760181,0.6004304946750542,High
GMB,Gambia,Africa,10689,2000,1437539,134.48769763308073,38.14308063685357,1990,28.17825833333334,0.2485909090909114,0.28071909015198276,0.3996416666666667,-0.16876767676767243,2010,1937275,181.24005987463747,0.12066365007541478,0.7858220211161387,0.3079288121912481,Low
GNB,Guinea-Bissau,Africa,36125,2000,1230849,34.071944636678204,26.42881574771121,1990,27.40230833333333,0.22232828282828213,0.22040575674352647,0.43706666666666677,-0.10656565656565654,2010,1567220,43.38325259515571,0.17496229260935142,0.4057315233785822,0.2664352032187215,Low
GNQ,Equatorial Guinea,Africa,28051,2000,684977,24.418986845388755,47.1331696556109,1990,25.338983333333335,0.5076767676767693,0.24869830002453094,0.3946666666666667,0.6775959595959617,2010,1094524,39.01907240383587,0.8763197586726998,0.38009049773755654,0.5771315389503175,High
GRC,Greece,Europe,131990,2000,11038109,83.6283733616183,7.14264983734143,1990,15.199324999999998,0.6335707070707074,0.5093778992995283,0.26552499999999996,0.2820202020202014,2010,11033783,83.5955981513751,0.5625942684766214,0.5716440422322775,0.5671011036567352,High
GRD,Grenada,North America,344,2000,107432,312.30232558139534,8.465677910486935,1990,27.38876666666667,0.583555555555554,0.17620312994982637,0.21960833333333332,0.22617676767676617,2010,114039,331.5087209302326,0.502262443438914,0.8974358974358975,0.6713779462239943,High
GRL,Greenland,North America,2166086,2000,56184,0.025938028314665254,1.052177197431603,1990,-18.323375000000006,1.4857929292929315,0.6095501616288139,0.6553333333333333,-0.04752020202020298,2010,56351,0.02601512589989502,0.2096530920060332,0.004524886877828055,0.030800268260425548,Low
GTM,Guatemala,North America,108889,2000,11735894,107.77850838927715,29.18192845616514,1990,23.827833333333338,0.10686868686868656,0.2800540114786867,0.3014833333333334,0.20615656565656404,2010,14543121,133.55913820496102,0.4781297134238311,0.7239819004524887,0.5883513054182756,High
GUF,French Guiana,South America,83534,2000,164351,1.9674743218330262,44.25485600933898,1990,26.385583333333336,0.5462525252525283,0.20044376621328847,0.2529666666666667,0.3885303030303033,2010,228453,2.734850480044054,0.6787330316742082,0.05128205128205128,0.1865658654125638,Low
GUM,Guam,Oceania,549,2000,160188,291.78142076502735,15.85746005800539,1990,27.348658333333333,0.461550505050507,0.09642477436768612,0.35159166666666664,-0.07482828282828191,2010,164905,300.3734061930783,0.19306184012066366,0.8808446455505279,0.41238027126721116,Medium
GUY,Guyana,South America,214969,2000,759051,3.530978885327652,1.5974761616669886,1990,26.592575,0.3485707070707034,0.2315563223190216,0.35938333333333333,0.41323737373737246,2010,747932,3.4792551484167484,0.702865761689291,0.06485671191553545,0.21350775681734782,Low
HKG,Hong Kong,Asia,1104,2000,6731195,6097.096920289855,15.288339241739513,1990,23.084841666666666,0.3234090909090898,0.36022263586644887,0.26386666666666664,-0.11426767676767598,2010,7132438,6460.541666666667,0.16591251885369532,0.9909502262443439,0.40547632248361726,Medium
HND,Honduras,North America,112492,2000,6656725,59.175096895779255,31.731975997945085,1990,25.514566666666667,0.4318181818181822,0.29761778308629844,0.3433,0.18157575757575597,2010,8450933,75.12474664865057,0.45852187028657615,0.5369532428355958,0.49619029128089503,Medium
HRV,Croatia,Europe,56594,2000,4548434,80.3695444746793,-6.674036826588059,1990,12.061066666666667,-0.17828282828282718,0.5798917997846994,0.262575,0.007232323232324104,2010,4368682,77.19337738982931,0.25339366515837103,0.5399698340874811,0.36989854735370936,Medium
HTI,Haiti,North America,27750,2000,8360225,301.2693693693694,20.719500627479025,1990,26.974533333333333,0.4505252525252521,0.2828445124597288,0.49176666666666674,0.25289393939394095,2010,9842880,354.6983783783784,0.5279034690799397,0.9140271493212669,0.6946352301459701,High
HUN,Hungary,Europe,93028,2000,10202055,109.66649825858882,-1.6763124941632124,1990,10.381166666666669,-0.4104747474747491,0.6527290201792302,0.2584916666666667,0.31990909090909336,2010,9986825,107.35289375241862,0.6108597285067874,0.6561085972850679,0.6330800262277477,High
IDN,Indonesia,Asia,1904569,2000,214072421,112.39940427466792,17.518977313302276,1990,26.241108333333337,0.3151969696969725,0.17607209848934616,0.183175,-0.04973737373737359,2010,244016173,128.12146632650223,0.2096530920060332,0.7058823529411765,0.3846952272729825,Medium
IMN,Isle of Man,Europe,572,2000,75562,132.1013986013986,9.724823930879257,1990,10.065516666666667,0.48188888888888787,0.44650225495861445,0.23982500000000004,0.2632979797979793,2010,83828,146.55244755244755,0.5429864253393665,0.7405731523378583,0.6341302458408996,High
IND,India,Asia,3287590,2000,1059633675,322.31320663464726,21.73370549316744,1990,24.374716666666664,0.41095959595959236,0.17444909098124567,0.20178333333333334,0.2059696969696958,2010,1240613620,377.3626334184007,0.4781297134238311,0.9200603318250377,0.6632557446325966,High
IRL,Ireland,Europe,70273,2000,3768950,53.63297425753846,8.136171326233566,1990,10.116450000000002,0.6487979797979798,0.358444456016561,0.21758333333333332,0.23212626262626107,2010,4524585,64.38582385838089,0.5052790346907994,0.502262443438914,0.5037684811322128,Medium
IRN,Iran,Asia,1648195,2000,65544383,39.76737157921241,17.476464920394406,1990,18.277791666666666,1.3790050505050546,0.4912160245664547,0.22635000000000005,-0.21143434343434453,2010,75373855,45.73115135041667,0.08748114630467571,0.4193061840120664,0.19152385133453967,Low
IRQ,Iraq,Asia,438317,2000,24628858,56.18960250229856,39.47404351508783,1990,22.436783333333334,1.5811717171717208,0.6764695396230234,0.39240833333333336,-0.14304040404040066,2010,31264875,71.32936892705507,0.15082956259426847,0.521870286576169,0.28055920418911423,Low
ISL,Iceland,Europe,103000,2000,281462,2.732640776699029,10.369031327077582,1990,1.8432916666666668,-0.1401969696969696,0.42082050575509394,0.3343083333333333,-0.02196464646464618,2010,318333,3.090611650485437,0.23378582202111614,0.06033182503770739,0.11876331635010273,Low
ISR,Israel,Asia,20770,2000,6116958,294.50929224843526,27.350292114470733,1990,20.190933333333334,1.1300606060606069,0.45161373986369197,0.2568083333333333,0.27941414141413967,2010,7328445,352.8379874819451,0.5580693815987934,0.9125188536953243,0.7136167265269148,High
ITA,Italy,Europe,301336,2000,56966397,189.04610468048955,0.36971232277445143,1990,13.535191666666666,0.3092878787878793,0.41212299069048336,0.21379166666666666,-0.15318686868686907,2010,59822450,198.52407279581595,0.13574660633484162,0.7963800904977375,0.32879460858977283,Medium
JAM,Jamaica,North America,10991,2000,2612205,237.66763715767445,9.204525026860022,1990,26.792166666666667,0.2560707070707066,0.25610695014404444,0.4108833333333333,0.17258585858586128,2010,2733896,248.73951414793922,0.4539969834087481,0.8431372549019608,0.6186935997123478,High
JEY,Jersey,Europe,116,2000,86192,743.0344827586207,4.0036682192243545,1990,11.743841666666665,0.5824696969696973,0.530419531931184,0.2278833333333333,-0.15840404040404066,2010,96151,828.8879310344828,0.13273001508295626,0.9728506787330317,0.3593417388248957,Medium
JOR,Jordan,Asia,89342,2000,5056174,56.593472275077794,45.26785280758676,1990,19.941300000000002,1.174303030303031,0.5215135873871406,0.2974,0.17970707070707234,2010,6931258,77.58118242260079,0.45701357466063347,0.5414781297134238,0.49745638568711326,Medium
JPN,Japan,Asia,377930,2000,126803861,335.522083454608,2.52052124664619,1990,12.777841666666667,-0.04205555555555436,0.5116739299560885,0.17350833333333332,0.3344898989898981,2010,128105431,338.96602810044186,0.6274509803921569,0.9049773755656109,0.7535442532004101,High
KAZ,Kazakhstan,Asia,2724900,2000,15236253,5.591490696906308,-9.665928974385595,1990,6.180108333333334,0.696732323232324,0.8486033667531144,0.25683333333333336,-0.04934343434343485,2010,16627837,6.102182465411575,0.2096530920060332,0.09049773755656108,0.13774298711108143,Low
KEN,Kenya,Africa,580367,2000,30851606,53.15878745690227,33.19768456190539,1990,24.437408333333334,0.40746969696969504,0.07626781461045358,0.321175,0.40784848484848585,2010,41517895,71.5373117355053,0.6953242835595776,0.521870286576169,0.602386157812915,High
KGZ,Kyrgyzstan,Asia,199951,2000,4935182,24.681957079484473,12.297627114633114,1990,4.019758333333334,0.7393080808080807,0.5141123388251693,0.40553333333333336,-0.0620050505050506,2010,5483774,27.425589269370995,0.20060331825037708,0.3092006033182504,0.2490515348891863,Low
KHM,Cambodia,Asia,181035,2000,12118841,66.94197807053885,36.00159491709394,1990,27.149275,0.11878282828282774,0.3206375642461244,0.26243333333333335,-0.1027171717171757,2010,14363532,79.34118816803381,0.1779788838612368,0.5520361990950227,0.3134498150676303,Low
KIR,Kiribati,Oceania,811,2000,88826,109.5265104808878,18.239177892550984,1990,27.28289166666667,0.08283333333333331,0.1838319616482861,0.6099333333333334,0.03322222222222418,2010,107995,133.1627620221948,0.2790346907993967,0.722473604826546,0.4489935399685621,Medium
KNA,Saint Kitts and Nevis,North America,261,2000,45461,174.18007662835248,11.873708042130126,1990,26.50710833333333,0.511429292929295,0.18159451805095328,0.22391666666666668,0.2027929292929314,2010,47403,181.6206896551724,0.4751131221719457,0.7858220211161387,0.6110272939271677,High
KOR,South Korea,Asia,100210,2000,46788591,466.9054086418521,6.048389939093202,1990,12.768725,0.4500656565656568,0.5529005486136848,0.21989166666666665,0.4123585858585853,2010,48813042,487.10749426204967,0.702865761689291,0.9396681749622926,0.8126872630539116,High
KWT,Kuwait,Asia,17818,2000,1934901,108.59249073970143,15.520753604013994,1990,25.725475,1.6111868686868671,0.5669076562398234,0.510075,-0.18277777777778337,2010,2943356,165.19003255135257,0.11010558069381599,0.7631975867269984,0.2898832755967394,Low
LAO,Laos,Asia,236800,2000,5430853,22.93434543918919,25.876109616003728,1990,24.043116666666666,0.29644444444444434,0.33063034930365665,0.25931666666666664,0.10514646464646553,2010,6323418,26.703623310810812,0.3514328808446455,0.3076923076923077,0.3288361204400222,Medium
LBN,Lebanon,Asia,10452,2000,4320642,413.37944890929964,20.228232740629437,1990,18.213091666666667,1.1269141414141435,0.5223591380980217,0.29355833333333337,0.18939898989898812,2010,4995800,477.9755070799847,0.46304675716440424,0.9396681749622926,0.6596289117578789,High
LBR,Liberia,Africa,111369,2000,2895224,25.996677711032692,31.021558732714528,1990,25.922125,0.4103585858585851,0.17929286086449978,0.3385166666666667,0.38670202020201705,2010,4019956,36.095825588808374,0.6787330316742082,0.3650075414781297,0.497737556561086,Medium
LBY,Libya,Africa,1759540,2000,5154790,2.929623651636223,21.661805109909583,1990,23.0025,0.8290101010100979,0.25004580998171594,0.5115916666666667,0.2866363636363631,2010,6491988,3.6895938711254077,0.5701357466063348,0.0693815987933635,0.19888923960032498,Low
LCA,Saint Lucia,North America,616,2000,159500,258.92857142857144,12.086352168993898,1990,27.29710833333333,0.5198333333333316,0.16666814536381155,0.22690833333333335,0.2180303030303024,2010,170935,277.4918831168831,0.49924585218702866,0.8597285067873304,0.6551457021308484,High
LIE,Liechtenstein,Europe,160,2000,33026,206.4125,14.813140969928739,1990,5.5556833333333335,-0.16096969696969737,0.5871358537155554,0.3863416666666667,-0.14123737373737263,2010,35926,224.5375,0.15233785822021115,0.8159879336349924,0.3525703534664969,Medium
LKA,Sri Lanka,Asia,65610,2000,18776371,286.1815424477976,9.13897006142841,1990,27.52505,0.2971616161616134,0.23631385624856877,0.30780833333333335,-0.050196969696971246,2010,20668557,315.02144490169184,0.2081447963800905,0.889894419306184,0.43037993994407375,Medium
LSO,Lesotho,Africa,30355,2000,1998630,65.8418711909076,11.096905664656465,1990,14.330525,0.09499494949495002,0.4331411433641721,0.29994166666666666,0.05146464646464886,2010,2022747,66.63636962609125,0.29260935143288086,0.5082956259426847,0.38565794876192966,Medium
LTU,Lithuania,Europe,65300,2000,3599637,55.124609494640126,-4.9185822881907315,1990,6.9060500000000005,-0.7144545454545453,0.7058506836024793,0.20423333333333335,0.05335858585858631,2010,3139019,48.07073506891271,0.2956259426847662,0.4298642533936652,0.3564814513210827,Medium
LUX,Luxembourg,Europe,2586,2000,435628,168.45630317092034,14.25798718483373,1990,10.044275,-0.024550505050505395,0.6437589146553845,0.2055833333333333,-0.24695959595959643,2010,507070,196.08275328692963,0.07541478129713423,0.7933634992458521,0.24460444555394953,Low
LVA,Latvia,Europe,64559,2000,2392530,37.05958890317384,-11.038223895298227,1990,6.338616666666668,-0.7046565656565668,0.6935016124064889,0.2288333333333333,0.21091919191919284,2010,2101530,32.55208414008891,0.48717948717948717,0.33634992458521873,0.40479968351307544,Medium
MAC,Macau,Asia,30,2000,431896,14396.533333333333,23.318876043251958,1990,22.83076666666667,0.2641212121212119,0.3738016241387318,0.2880333333333333,-0.11901515151515266,2010,557297,18576.566666666666,0.16138763197586728,1.0,0.4017307954039213,Medium
MAF,Saint Martin,North America,53,2000,29610,558.6792452830189,5.272513954563229,1990,27.266525,0.514823232323232,0.1753312746056579,0.2825583333333333,0.17423737373737228,2010,36458,687.8867924528302,0.4555052790346908,0.9638009049773756,0.6625831269777452,High
MAR,Morocco,Africa,446550,2000,28554415,63.94449669689844,16.212735158061918,1990,18.288116666666667,0.7779898989899006,0.4506965154787881,0.32695833333333335,-0.21270202020201967,2010,32464865,72.70152278580227,0.08748114630467571,0.5233785822021116,0.21397606950861742,Low
MCO,Monaco,Europe,2,2000,32465,16232.5,7.042764350951236,1990,9.890866666666668,0.14466666666666658,0.3983236722057905,0.3211166666666666,-0.020787878787878678,2010,33178,16589.0,0.23378582202111614,1.0,0.4835140349784235,Medium
MDA,Moldova,Europe,33846,2000,4251573,125.61522779648999,-5.103032253701234,1990,9.624958333333332,-0.4343383838383827,0.8358090246534237,0.26255,0.6122777777777765,2010,3678186,108.67417124623293,0.8536953242835595,0.6621417797888386,0.7518426307536211,High
MDG,Madagascar,Africa,587041,2000,16216431,27.62401774322407,36.47021626790134,1990,23.40611666666667,0.3427272727272719,0.12732528201844803,0.35248333333333337,0.10485858585858557,2010,21731053,37.017947639091645,0.3514328808446455,0.3680241327300151,0.35963284219556674,Medium
MEX,Mexico,North America,1964375,2000,97873442,49.82421482659879,19.766188693970133,1990,21.07770833333333,0.49816666666666587,0.22574650032150545,0.20452499999999998,0.1526111111111113,2010,112532401,57.28661839007318,0.42835595776772245,0.4751131221719457,0.4511291793887608,Medium
MKD,North Macedonia,Europe,25713,2000,2037936,79.25702951814257,-0.30515993256934326,1990,10.902000000000001,0.210181818181817,0.5752025878170446,0.3303916666666667,0.3018838383838384,2010,2093828,81.43071598024346,0.5867269984917044,0.5610859728506787,0.5737632689066778,High
MLI,Mali,Africa,1240192,2000,11239101,9.06238792058004,25.646375985938995,1990,28.966199999999997,0.23812121212121334,0.33684380774135064,0.38567500000000005,-0.12762626262626584,2010,15529181,12.521594237021365,0.1583710407239819,0.1689291101055807,0.16356490753213826,Low
MLT,Malta,Europe,316,2000,399212,1263.3291139240507,9.255812935149098,1990,19.245775,0.567318181818179,0.38243509462303077,0.3502833333333334,-0.04128282828282803,2010,418755,1325.1740506329113,0.22021116138763197,0.9819004524886877,0.46500047205306716,Medium
MMR,Myanmar,Asia,676578,2000,45538332,67.3068471041033,13.563191090933113,1990,24.123916666666666,0.5669595959595943,0.2639736089240368,0.24637499999999996,0.37069696969696786,2010,49390988,73.00117355279066,0.665158371040724,0.5248868778280543,0.5908746911458977,High
MNE,Montenegro,Europe,13812,2000,633324,45.85317115551694,1.912004660129174,1990,10.826916666666666,0.08874747474747394,0.5112616049757788,0.3498666666666666,-0.0060151515151510605,2010,631044,45.68809730668983,0.2473604826546003,0.4193061840120664,0.3220555543027994,Medium
MNG,Mongolia,Asia,1564110,2000,2450979,1.5670119109269809,13.396020140342069,1990,0.6151083333333334,1.1921666666666675,0.4719198414226669,0.30243333333333333,0.7543383838383843,2010,2702520,1.7278324414523276,0.9110105580693816,0.02865761689291101,0.16157781889402206,Low
MOZ,Mozambique,Africa,801590,2000,17768505,22.166575181826122,33.56304552071758,1990,24.279,-0.03814141414141403,0.2465366174068455,0.26365,-0.04304545454545575,2010,23073723,28.784943674447035,0.2171945701357466,0.3167420814479638,0.26228736192198077,Low
MRT,Mauritania,Africa,1030700,2000,2695003,2.6147307654991754,34.34530043713271,1990,28.253591666666672,0.37547979797979797,0.3702799174226696,0.5056166666666666,-0.23605050505050965,2010,3419461,3.3176103618899777,0.08144796380090498,0.06184012066365008,0.07097007756270643,Low
MSR,Montserrat,North America,102,2000,5138,50.372549019607845,-52.44794076816288,1990,27.04345833333333,0.5616818181818191,0.18565187634904123,0.25075,0.1434848484848491,2010,4938,48.411764705882355,0.4132730015082956,0.43137254901960786,0.4222258022689018,Medium
MTQ,Martinique,North America,1128,2000,432543,383.4601063829787,15.569467043933404,1990,26.77110833333333,0.5278232323232311,0.16500644204567688,0.26925,0.19621717171717043,2010,392181,347.6781914893617,0.4675716440422323,0.9095022624434389,0.6521176796490098,High
MUS,Mauritius,Africa,2040,2000,1215930,596.0441176470588,11.523539608727962,1990,24.039008333333335,0.3343282828282814,0.15168079730919554,0.34245833333333336,0.1140606060606083,2010,1283330,629.0833333333334,0.3574660633484163,0.9592760180995475,0.5855840006818743,High
MWI,Malawi,Africa,118484,2000,11229387,94.77555619324129,17.712592632969827,1990,22.084733333333332,-0.19921212121211684,0.22985195157068575,0.36469999999999997,0.08441919191919137,2010,14718422,124.22286553458694,0.32428355957767724,0.702865761689291,0.4774178579670839,Medium
MYS,Malaysia,Asia,330803,2000,22945150,69.36197676562789,30.987493673308308,1990,26.39635,0.30355555555555946,0.235123765237425,0.17960833333333334,-0.02765151515151498,2010,28717731,86.81218429095262,0.22926093514328807,0.5806938159879337,0.36487039792961845,Medium
MYT,Mayotte,Africa,374,2000,159215,425.7085561497326,71.82896426682784,1990,26.92751666666667,0.3071212121212088,0.1840202263745132,0.3796583333333334,0.2765252525252514,2010,211786,566.2727272727273,0.5535444947209653,0.9487179487179487,0.7246775817946817,High
NAM,Namibia,Africa,825615,2000,1819141,2.2033768766313595,32.87994033649109,1990,21.204349999999998,0.256363636363637,0.32743290318577284,0.5690583333333333,-0.5374090909090916,2010,2099271,2.5426754601115533,0.02865761689291101,0.048265460030165915,0.037191034708711775,Low
NCL,New Caledonia,Oceania,18575,2000,221537,11.926621803499327,24.97574239552307,1990,23.302175000000002,0.971277777777778,0.4157042616182478,0.31204166666666666,0.13531818181818028,2010,261426,14.074078061911171,0.3996983408748115,0.19155354449472098,0.27670134427434456,Low
NER,Niger,Africa,1267000,2000,11622665,9.17337411207577,38.85025852840289,1990,27.89970833333333,0.7038737373737376,0.3020548042799964,0.5132583333333334,0.4786515151515164,2010,16647543,13.139339384372533,0.7616892911010558,0.17647058823529413,0.3666275456824371,Medium
NFK,Northern Mariana Islands,Oceania,464,2000,80338,173.14224137931035,67.36385983917337,1990,27.348658333333333,0.461550505050507,0.09642477436768612,0.35159166666666664,-0.07482828282828191,2010,54087,116.56681034482759,0.19306184012066366,0.6847662141779789,0.3635962394767871,Medium
NGA,Nigeria,Africa,923768,2000,122851984,132.99008409037768,29.0268788213093,1990,27.14411666666667,0.4044646464646451,0.24011212393661932,0.3199833333333333,0.7166212121212117,2010,160952853,174.2351467035013,0.8959276018099548,0.77526395173454,0.8334148865044558,High
NIC,Nicaragua,North America,130373,2000,5123222,39.29664884600339,21.178810829221682,1990,26.7589,0.33803030303030346,0.2827462227139997,0.35253333333333337,0.26150000000000084,2010,5855734,44.91523551655634,0.5414781297134238,0.4117647058823529,0.47218807992491135,Medium
NIU,Niue,Oceania,260,2000,2074,7.976923076923077,-18.120805369127513,1990,25.54285,0.14427272727272736,0.2088810333253174,0.35865833333333336,-0.5086515151515157,2010,1812,6.969230769230769,0.033182503770739065,0.10105580693815988,0.0579075530028732,Low
NLD,Netherlands,Europe,41850,2000,15899135,379.90764635603347,6.387526742193872,1990,10.354141666666667,0.052015151515151195,0.7198256410070277,0.20140000000000002,0.10771717171717267,2010,16617116,397.0637037037037,0.35294117647058826,0.9260935143288085,0.5717136822474964,High
NOR,Norway,Europe,323802,2000,4491202,13.870210807839358,5.883720338095966,1990,0.8930250000000001,-0.8162373737373734,0.5128585107130905,0.28305,0.4838686868686868,2010,4889741,15.10102161197275,0.7662141779788839,0.20361990950226244,0.3949891917247999,Medium
NPL,Nepal,Asia,147181,2000,24559500,166.86596775399,25.19798353735345,1990,15.334483333333333,0.4713333333333336,0.3018916881234477,0.4170166666666667,0.47118181818181837,2010,27161567,184.54533533540334,0.755656108597285,0.7858220211161387,0.7705914679820137,High
NZL,New Zealand,Oceania,270467,2000,3855266,14.254108634325075,13.477320377501666,1990,10.787216666666666,0.9454949494949494,0.48347662411173176,0.27666666666666667,-0.22031818181818177,2010,4346338,16.069753426480865,0.08597285067873303,0.21266968325791855,0.13521767237542023,Low
OMN,Oman,Asia,309500,2000,2344253,7.574323101777059,29.909771219446245,1990,27.446208333333335,0.9858636363636331,0.3467529427573556,0.5450583333333333,0.15642929292929414,2010,2881914,9.31151534733441,0.4298642533936652,0.13574660633484162,0.24156285638079888,Low
PAK,Pakistan,Asia,881912,2000,154369924,175.04005388292708,33.75312501979286,1990,21.186641666666667,0.4992878787878752,0.36039415563883775,0.32505833333333334,-0.23609595959595944,2010,194454498,220.49195157793523,0.08144796380090498,0.8144796380090498,0.25756107639380466,Low
PAN,Panama,North America,75417,2000,3001731,39.801782091570864,22.521232930389303,1990,27.005691666666667,-0.028924242424242085,0.3227031786741095,0.3532,0.2943181818181805,2010,3623617,48.047747855258095,0.5776772247360482,0.42835595776772245,0.49744495261527155,Medium
PER,Peru,South America,1285216,2000,26654439,20.739267951846227,20.558684910678625,1990,20.559416666666667,0.16654545454545505,0.35784362128613384,0.301525,0.0652878787878781,2010,29229572,22.742925702761248,0.3076923076923077,0.2669683257918552,0.28660792076222835,Low
PHL,Philippines,Asia,342353,2000,77958223,227.7129833826489,26.640056162148973,1990,26.970075,0.444651515151517,0.256733118010273,0.20224166666666665,-0.040611111111110515,2010,94636700,276.4301758711038,0.22021116138763197,0.8597285067873304,0.43511126503193714,Medium
PLW,Palau,Oceania,459,2000,19726,42.9760348583878,28.98711828941345,1990,27.672316666666667,0.2858282828282815,0.11729129118737956,0.4179666666666667,-0.006388888888888461,2010,18540,40.3921568627451,0.2473604826546003,0.3951734539969834,0.31265043789027275,Low
PNG,Papua New Guinea,Oceania,462840,2000,5508297,11.901082447498055,42.51841927962221,1990,24.8996,0.35029292929292943,0.19544013995887793,0.29517499999999997,-0.3216818181818162,2010,7583269,16.384212686889637,0.05731523378582202,0.21417797888386123,0.11079558173277199,Low
POL,Poland,Europe,312679,2000,38504431,123.14364252156365,1.156402509388399,1990,8.31035,-0.4355858585858588,0.7222814264324696,0.23615,0.10491919191919258,2010,38597353,123.4408226967593,0.3514328808446455,0.7013574660633484,0.4964675969290879,Medium
PRI,Puerto Rico,North America,8870,2000,3827108,431.46651634723787,7.995200599586427,1990,26.098025,0.4867323232323224,0.19526438153014683,0.23653333333333332,0.27843434343434215,2010,3717922,419.1569334836528,0.5580693815987934,0.9291101055806938,0.7200749280863814,High
PRK,North Korea,Asia,120538,2000,23367059,193.85636894589257,12.344206162804783,1990,7.854875,0.6040959595959597,0.4633413247096451,0.24506666666666668,0.47528282828282814,2010,24686435,204.80209560470556,0.7586726998491704,0.8024132730015083,0.780236530946138,High
PRT,Portugal,Europe,92090,2000,10300626,111.85390378977088,2.9306471466061135,1990,15.475533333333335,0.47615151515151355,0.5272623381242634,0.2749333333333333,0.23473737373737436,2010,10588401,114.97883592138126,0.5067873303167421,0.6832579185520362,0.588444097991271,High
PRY,Paraguay,South America,406752,2000,5123819,12.596911631657619,26.227466283339428,1990,23.791183333333336,0.06742424242424354,0.4464611808106277,0.2925666666666667,-0.1839242424242471,2010,5768613,14.182138010384707,0.1085972850678733,0.19457013574660634,0.14536089053582815,Low
PSE,Palestine,Asia,6220,2000,3139954,504.81575562700965,47.78973448761632,1990,23.64228333333333,0.868828282828285,0.26669432046567715,0.26431666666666664,0.011499999999997852,2010,3992278,641.8453376205788,0.2594268476621418,0.9592760180995475,0.49886065530712814,Medium
PYF,French Polynesia,Oceania,4167,2000,250927,60.21766258699304,18.87260823633634,1990,26.668191666666665,0.001954545454547682,0.13883751898492613,0.38198333333333334,0.10011111111111148,2010,283788,68.1036717062635,0.3453996983408748,0.5143288084464555,0.421484300164819,Medium
QAT,Qatar,Asia,11586,2000,645937,55.75151044363887,46.247127412690325,1990,27.362775,1.7852474747474754,0.4872293636435348,0.36169166666666663,-0.17458080808080617,2010,1713504,147.89435525634386,0.12066365007541478,0.7450980392156863,0.2998437077475518,Low
REU,Reunion,Africa,2511,2000,785424,312.7933094384707,19.185665379852868,1990,23.854525000000002,0.3381262626262659,0.14909500400994496,0.3975416666666667,-0.0074595959595964096,2010,890130,354.4922341696535,0.2473604826546003,0.9140271493212669,0.4754936348843347,Medium
ROU,Romania,Europe,238391,2000,21919876,91.94925982943987,-4.012736951285401,1990,9.356991666666666,-0.32536868686868836,0.7249935210180465,0.23500833333333335,0.48924242424242315,2010,20335211,85.30192414982109,0.770739064856712,0.5761689291101055,0.6663902022252547,High
RUS,Russia,Europe,17098242,2000,146844839,8.588300422932369,-0.7843380144321954,1990,-4.503116666666666,-0.6262929292929305,0.581400428434387,0.2131,0.7076010101010097,2010,143242599,8.377621453714365,0.8914027149321267,0.12518853695324283,0.33405598590431146,Medium
RWA,Rwanda,Africa,26338,2000,8109989,307.91969777507785,10.792774607299883,1990,19.688183333333335,0.2779494949494926,0.19583560301476294,0.5775250000000001,0.15419191919192043,2010,10309031,391.4128255752145,0.42835595776772245,0.9260935143288085,0.6298394035885598,High
SAU,Saudi Arabia,Asia,2149690,2000,21547390,10.0234871074434,34.63110950159025,1990,26.068899999999996,1.3993131313131313,0.4560333500092009,0.3353416666666667,-0.05463131313131654,2010,29411929,13.681939721541246,0.20361990950226244,0.18401206636500755,0.19356787001092704,Low
SDN,Sudan,Africa,1886068,2000,26298773,13.94370351440139,24.692594706547656,1990,27.544258333333335,0.437419191919191,0.24948919980867945,0.5186916666666667,0.44294444444444797,2010,33739933,17.88903316317333,0.7285067873303167,0.22926093514328807,0.4086785378773651,Medium
SEN,Senegal,Africa,196722,2000,9704287,49.32995292849808,28.77236879347549,1990,28.588125,0.2686212121212106,0.3061120269377117,0.35623333333333335,-0.14404040404040375,2010,12530121,63.69455881904413,0.15082956259426847,0.497737556561086,0.273995507158144,Low
SGP,Singapore,Asia,710,2000,4053602,5709.298591549295,34.12712357087151,1990,27.143549999999998,0.40844444444444794,0.22279180292048498,0.25244999999999995,0.08327777777777506,2010,5163590,7272.661971830986,0.32428355957767724,0.9909502262443439,0.5668764122194717,High
SLB,Solomon Islands,Oceania,28896,2000,429978,14.880191029900333,32.639255207899545,1990,27.047874999999998,0.08558080808080754,0.1916194958545325,0.4137166666666666,-0.080328282828286,2010,540394,18.701342746400886,0.19155354449472098,0.2398190045248869,0.2143319396495483,Low
SLE,Sierra Leone,Africa,71740,2000,4584067,63.89834123222749,5.980480826228773,1990,26.608666666666664,0.28960606060605876,0.1767832633315835,0.45800833333333335,0.2095101010101011,2010,6436698,89.72258154446612,0.4856711915535445,0.5897435897435898,0.5351835871379409,Medium
SLV,El Salvador,North America,21041,2000,5958482,283.1843543557816,11.017016574256244,1990,25.71003333333333,0.06146464646464827,0.2721566467949803,0.407625,0.031414141414136745,2010,6114034,290.57715888028133,0.2790346907993967,0.8733031674208145,0.4936414481133049,Medium
SMR,San Marino,Europe,61,2000,26823,439.72131147540983,15.956251080753937,1990,14.647116666666665,0.34120202020202206,0.4443534114683675,0.3491416666666667,-0.09545454545454521,2010,31608,518.1639344262295,0.1794871794871795,0.9441930618401206,0.4116680089113645,Medium
SOM,Somalia,Africa,637657,2000,8721465,13.677361026382522,24.60844943404119,1990,27.239275000000003,0.3415606060606061,0.15132381568729875,0.6699916666666667,0.20960606060605785,2010,12026649,18.860686858295292,0.4856711915535445,0.2398190045248869,0.3412816749911819,Medium
SPM,Saint Pierre and Miquelon,North America,242,2000,6274,25.925619834710744,-0.7906388361796357,1990,4.678358333333334,2.418732323232323,0.6040884682393657,0.2918583333333334,0.10939898989899038,2010,6052,25.00826446280992,0.3574660633484163,0.2865761689291101,0.3200644543784263,Medium
SRB,Serbia,Europe,88361,2000,7935022,89.80231097429862,-0.6573622455705586,1990,10.558608333333334,-0.29656060606060664,0.6259738935483178,0.2579,0.1313484848484849,2010,7653748,86.61907402587114,0.3936651583710407,0.5806938159879337,0.47812019726840016,Medium
STP,Sao Tome and Principe,Africa,964,2000,143714,149.08091286307055,19.420323575114473,1990,26.20310833333333,0.5108333333333338,0.22733177812545002,0.4095083333333333,0.7615454545454523,2010,182138,188.93983402489627,0.9140271493212669,0.7888386123680241,0.8491289113775887,High
SUR,Suriname,South America,163820,2000,478998,2.9239287022341593,16.048706741997698,1990,26.835150000000006,0.4762525252525265,0.21547823144944914,0.2653916666666667,0.39624747474747474,2010,546080,3.333414723476987,0.6817496229260935,0.06184012066365008,0.20532773544786287,Low
SVK,Slovakia,Europe,49037,2000,5376690,109.64557375043334,2.1930870763052113,1990,8.242425,-0.24197474747474743,0.6348153430500811,0.2637833333333333,0.2989242424242428,2010,5396424,110.04800456797928,0.5852187028657617,0.6681749622926093,0.6253227044656703,High
SVN,Slovenia,Europe,20273,2000,1984339,97.88087604202634,-0.08484288205983237,1990,10.466341666666668,-0.06781313131313253,0.578263763794814,0.2796416666666667,-0.08387878787878822,2010,2057286,101.47911014650028,0.1870286576168929,0.6365007541478129,0.3450273635820867,Medium
SWE,Sweden,Europe,450295,2000,8871043,19.70051410741847,3.774235804897419,1990,3.3259249999999994,-0.9012474747474747,0.5497875501749268,0.23293333333333335,0.17716666666666656,2010,9381729,20.834628410264383,0.45701357466063347,0.2609351432880845,0.3453272398590532,Medium
SWZ,Eswatini,Africa,17364,2000,1030496,59.3466943100668,20.665424684225385,1990,19.504625,0.09134848484848544,0.40799103989715646,0.31575833333333336,-0.0025959595959613693,2010,1099920,63.344851416724254,0.2473604826546003,0.497737556561086,0.3508854545664036,Medium
SXM,Sint Maarten,North America,34,2000,30489,896.7352941176471,9.495421080984023,1990,27.266525,0.514823232323232,0.1753312746056579,0.2825583333333333,0.17423737373737228,2010,33034,971.5882352941177,0.4555052790346908,0.9773755656108597,0.6672328901779823,High
SYC,Seychelles,Africa,452,2000,80060,177.12389380530973,12.670109911760985,1990,27.2138,0.20819191919191818,0.22050323341083147,0.5804083333333333,0.2965707070707088,2010,92409,204.4446902654867,0.5806938159879337,0.8024132730015083,0.6826100098142522,High
SYR,Syria,Asia,185180,2000,16307654,88.06379738632681,31.41799707244648,1990,18.51644166666667,1.1951767676767695,0.6172255640397827,0.28664999999999996,0.09893434343434371,2010,22337563,120.62621773409656,0.3453996983408748,0.693815987933635,0.48953430210390114,Medium
TCA,Turks and Caicos Islands,North America,948,2000,18744,19.772151898734176,60.08198821419421,1990,27.343466666666664,0.3438282828282837,0.279333498100821,0.44710833333333333,0.2395505050505031,2010,29726,31.356540084388186,0.5098039215686274,0.3288084464555053,0.4094237846631588,Medium
TCD,Chad,Africa,1284000,2000,8259137,6.43234968847352,41.73741549997092,1990,27.56843333333334,0.542080808080805,0.2448595579207092,0.66225,0.5756818181818193,2010,11894727,9.263806074766356,0.8401206636500754,0.13574660633484162,0.33770331505964324,Medium
TGO,Togo,Africa,56785,2000,5008035,88.19292066566875,29.208036126396976,1990,27.279608333333336,0.29086363636363877,0.22382752379824053,0.2674916666666666,0.3128535353535361,2010,6571855,115.73223562560536,0.6003016591251885,0.6847662141779789,0.6411445191873006,High
THA,Thailand,Asia,513120,2000,63066603,122.90809752104771,14.192320582830465,1990,26.526175000000002,0.19434848484848502,0.3412506777372254,0.18780000000000002,-0.013136363636364782,2010,68270489,133.04975249454318,0.2383107088989442,0.7209653092006033,0.41450422666981607,Medium
TJK,Tajikistan,Asia,143100,2000,6272998,43.83646401118099,15.783685809526272,1990,4.805991666666666,0.728277777777778,0.41962562912839263,0.44312500000000005,-0.2694545454545453,2010,7621779,53.261907756813414,0.06787330316742081,0.45852187028657615,0.17641256732685906,Low
TKM,Turkmenistan,Asia,488100,2000,4569132,9.361057160417948,22.816950776259205,1990,15.730016666666668,1.0902626262626267,0.5241368664658372,0.28090000000000004,-0.19784343434343332,2010,5267970,10.79280885064536,0.09653092006033183,0.15233785822021115,0.12126546752483729,Low
TLS,Timor-Leste,Asia,14874,2000,878360,59.053381739948904,15.862425571094274,1990,26.376891666666666,0.04011616161616397,0.29051863810634854,0.41751666666666665,0.17453535353535465,2010,1088486,73.18044910582223,0.4555052790346908,0.526395173453997,0.489669051877569,Medium
TON,Tonga,Oceania,747,2000,102603,137.35341365461846,3.9259776960709925,1990,23.64974166666667,0.4852575757575736,0.2848771733081711,0.350125,-0.48691919191918875,2010,107383,143.75234270414992,0.03469079939668175,0.7375565610859729,0.15995757782718498,Low
TTO,Trinidad and Tobago,North America,5130,2000,1332203,259.688693957115,5.186266598658684,1990,26.749041666666663,0.5005909090909089,0.2060471018797454,0.2889,0.20109090909091176,2010,1410296,274.91150097465885,0.4751131221719457,0.8567119155354449,0.6379930038738305,High
TUN,Tunisia,Africa,163610,2000,9893316,60.468895544282134,17.219064450416788,1990,20.74335,1.0277676767676813,0.4272249291814606,0.2894916666666666,-0.3260303030303033,2010,10895063,66.59166921337327,0.05429864253393665,0.5082956259426847,0.16613176244964542,Low
TUR,Turkey,Asia,783562,2000,64113547,81.8231958670788,18.020358241461043,1990,12.045566666666668,1.545666666666667,0.6409701407213103,0.24034166666666668,0.24236363636363578,2010,73195345,93.41359713717613,0.5128205128205128,0.6078431372549019,0.5583139165035098,Medium
TWN,Taiwan,Asia,36193,2000,22194731,613.2326969303457,7.813773457855744,1990,22.566983333333333,0.5179696969696962,0.3427022651054669,0.19011666666666666,0.07523737373737413,2010,23083083,637.7775536705993,0.31975867269984914,0.9592760180995475,0.5538382672769261,Medium
TZA,Tanzania,Africa,945087,2000,34463704,36.46617083929839,31.510677778824192,1990,22.817908333333335,0.18462121212121455,0.13340692949912122,0.3706583333333334,0.15315656565656438,2010,45110527,47.731613068426505,0.42835595776772245,0.42835595776772245,0.42835595776772245,Medium
UGA,Uganda,Africa,241550,2000,24020697,99.44399503208446,36.58499098462866,1990,23.425908333333332,0.40040909090908566,0.17717826653208113,0.49243333333333333,0.2003535353535342,2010,32341728,133.89247774787827,0.473604826546003,0.7239819004524887,0.5855606906087929,High
UKR,Ukraine,Europe,603500,2000,48879755,80.99379453189727,-5.25309481132682,1990,8.417550000000002,-0.09974747474747409,0.724845937666784,0.19970000000000002,0.5769797979797971,2010,45683020,75.69680198840099,0.8401206636500754,0.5369532428355958,0.6716438898107395,High
URY,Uruguay,South America,181034,2000,3292224,18.185666780825702,5.621152565341414,1990,17.801833333333335,0.022424242424242916,0.2797793605690905,0.25956666666666667,-0.08320707070706888,2010,3352651,18.519454909022613,0.1885369532428356,0.2398190045248869,0.21263758943999525,Low
USA,United States,North America,9372610,2000,282398554,30.13019361735952,13.83195170572491,1990,9.317558333333334,0.3179444444444449,0.3860576543063997,0.15925833333333334,-0.5735202020202012,2010,311182845,33.20130091831411,0.02865761689291101,0.34087481146304677,0.09883653047002038,Low
UZB,Uzbekistan,Asia,447400,2000,24925554,55.712011622708985,21.12071956499555,1990,13.1377,0.8028282828282839,0.6306629938431595,0.2821666666666666,-0.3151313131313138,2010,28614227,63.95669870362092,0.058823529411764705,0.5007541478129713,0.17162787169320573,Low
VCT,Saint Vincent and the Grenadines,North America,389,2000,113813,292.5784061696658,1.1788028838888076,1990,27.436558333333334,0.5263989898989919,0.1705747717818331,0.21429166666666663,0.23144444444444426,2010,109308,280.9974293059126,0.5052790346907994,0.8627450980392157,0.6602476886150181,High
VEN,Venezuela,South America,916445,2000,24427729,26.654877270321734,23.681077906627458,1990,25.64456666666667,0.23766666666666958,0.22920984239742348,0.31453333333333333,0.33588383838384106,2010,28715022,31.33305544795378,0.6289592760180995,0.3288084464555053,0.454760511072906,Medium
VGB,British Virgin Islands,North America,151,2000,20104,133.13907284768212,28.73151053339309,1990,26.988466666666664,0.4624949494949455,0.18131084099544845,0.278575,0.26412626262626476,2010,27556,182.49006622516555,0.5460030165912518,0.7858220211161387,0.6550276284503167,High
VIR,United States Virgin Islands,North America,347,2000,108185,311.7723342939481,7.448974524507124,1990,26.988466666666664,0.4624949494949455,0.18131084099544845,0.278575,0.26412626262626476,2010,106142,305.8847262247839,0.5460030165912518,0.8823529411764706,0.694094638778111,High
VNM,Vietnam,Asia,331212,2000,79001142,238.5213760371001,18.06614397198927,1990,24.135450000000002,0.21533333333333446,0.3187565022333647,0.22849166666666668,0.08519696969696891,2010,87411012,263.9125756313177,0.32428355957767724,0.8552036199095022,0.5266198572290721,Medium
WSM,Samoa,Oceania,2842,2000,184008,64.74595355383532,9.407441760907576,1990,26.8231,0.13342424242424303,0.1626106048519767,0.3701083333333334,-0.23649494949495203,2010,194672,68.49824067558058,0.08144796380090498,0.5158371040723982,0.20497288059558597,Low
YEM,Yemen,Asia,527968,2000,18628700,35.283767198012,39.27873998298781,1990,26.768391666666666,0.9223888888888919,0.2581577421964462,0.7106916666666667,-0.14141919191919028,2010,24743946,46.866374477241045,0.15233785822021115,0.4238310708898944,0.2540974568675275,Low
ZAF,South Africa,Africa,1221037,2000,46813266,38.33894140799992,17.39247401484092,1990,17.893950000000004,0.24103030303030196,0.37283155172974214,0.2202,0.09985858585858431,2010,51784921,42.41060754096723,0.3453996983408748,0.39819004524886875,0.37085673987578893,Medium
ZMB,Zambia,Africa,752612,2000,9891136,13.14241069767689,28.683580260774843,1990,21.999275000000004,-0.1821969696969704,0.33906654347410775,0.4494083333333333,-0.1941969696969722,2010,13792086,18.325625953346478,0.10105580693815988,0.2368024132730015,0.15469408184609645,Low
ZWE,Zimbabwe,Africa,390757,2000,11834676,30.286536133709696,17.014051859160475,1990,21.94659166666667,-0.5882272727272703,0.41447925230248384,0.2607083333333333,-0.060909090909091926,2010,12839771,32.85871014466792,0.20060331825037708,0.34087481146304677,0.26149688007213173,Low
