cca3,year,annual_mean_temp_c,valid_months,annual_mean_uncertainty_c
ABW,1960,28.253583333333335,12,0.4530833333333333
ABW,1961,28.072833333333335,12,0.3700833333333333
ABW,1962,28.286,12,0.3313333333333333
ABW,1963,28.31725,12,0.31858333333333333
ABW,1964,28.07641666666667,12,0.30116666666666664
ABW,1965,28.04675,12,0.39316666666666666
ABW,1966,28.24116666666667,12,0.33425
ABW,1967,27.95475,12,0.40025
ABW,1968,28.114333333333335,12,0.32008333333333333
ABW,1969,28.631,12,0.36566666666666664
ABW,1970,28.369333333333334,12,0.3466666666666667
ABW,1971,27.89,12,0.2960833333333333
ABW,1972,28.352333333333334,12,0.3056666666666667
ABW,1973,28.331833333333332,12,0.29333333333333333
ABW,1974,27.70025,12,0.29333333333333333
ABW,1975,27.943250000000003,12,0.4699166666666667
ABW,1976,27.810083333333335,12,0.29750000000000004
ABW,1977,28.45441666666667,12,0.28375
ABW,1978,28.391583333333333,12,0.34299999999999997
ABW,1979,28.432333333333332,12,0.3429166666666667
ABW,1980,28.62691666666667,12,0.31224999999999997
ABW,1981,28.44825,12,0.3974166666666667
ABW,1982,28.2465,12,0.2735
ABW,1983,28.687,12,0.3095833333333334
ABW,1984,28.198166666666665,12,0.21583333333333332
ABW,1985,27.885666666666665,12,0.32108333333333333
ABW,1986,27.989333333333335,12,0.3834166666666667
ABW,1987,28.859416666666664,12,0.3990833333333333
ABW,1988,28.34991666666667,12,0.31908333333333333
ABW,1989,28.134583333333335,12,0.3113333333333333
ABW,1990,28.243333333333336,12,0.3646666666666667
ABW,1991,28.343083333333336,12,0.30016666666666664
ABW,1992,28.49875,12,0.33808333333333335
ABW,1993,28.589166666666667,12,0.2841666666666667
ABW,1994,28.482249999999997,12,0.27616666666666667
ABW,1995,28.736416666666667,12,0.32641666666666663
ABW,1996,28.479583333333334,12,0.27899999999999997
ABW,1997,28.763333333333335,12,0.37799999999999995
ABW,1998,28.9825,12,0.3369166666666667
ABW,1999,28.197916666666668,12,0.2880833333333333
ABW,2000,28.128,12,0.3045833333333333
ABW,2001,28.630916666666668,12,0.4985833333333333
ABW,2002,28.849249999999998,12,0.30058333333333337
ABW,2003,28.849666666666668,12,0.3348333333333333
ABW,2004,28.506,12,0.27875
ABW,2005,28.77225,12,0.3293333333333333
ABW,2006,28.804666666666666,12,0.3734166666666667
ABW,2007,28.822833333333335,12,0.34741666666666665
ABW,2008,28.45025,12,0.3115833333333333
ABW,2009,28.832000000000004,12,0.3329166666666667
AFG,1960,13.985416666666666,12,0.4418333333333333
AFG,1961,14.064916666666667,12,0.39808333333333334
AFG,1962,13.768666666666666,12,0.4061666666666666
AFG,1963,15.033416666666668,12,0.40124999999999994
AFG,1964,13.084916666666667,12,0.44941666666666663
AFG,1965,14.101833333333333,12,0.40808333333333335
AFG,1966,14.343000000000002,12,0.34933333333333333
AFG,1967,13.66325,12,0.40399999999999997
AFG,1968,13.762333333333332,12,0.4364166666666667
AFG,1969,13.805083333333334,12,0.42524999999999996
AFG,1970,14.783083333333332,12,0.3774166666666667
AFG,1971,14.823500000000001,12,0.3865
AFG,1972,12.547166666666667,12,0.3910833333333333
AFG,1973,14.235500000000002,12,0.44575000000000004
AFG,1974,13.316749999999999,12,0.3626666666666667
AFG,1975,13.548083333333333,12,0.4046666666666667
AFG,1976,13.708583333333335,12,0.43091666666666667
AFG,1977,14.805416666666666,12,0.47974999999999995
AFG,1978,14.329666666666666,12,0.45999999999999996
AFG,1979,14.262083333333335,12,0.3865
AFG,1980,14.887333333333332,12,0.4008333333333333
AFG,1981,14.860083333333334,12,0.4851666666666667
AFG,1982,13.733083333333333,12,0.46208333333333335
AFG,1983,14.614833333333335,12,0.48500000000000004
AFG,1984,14.245833333333335,12,0.4384166666666667
AFG,1985,14.88875,12,0.39608333333333334
AFG,1986,14.22316666666667,12,0.38033333333333336
AFG,1987,14.984,12,0.35933333333333334
AFG,1988,15.389000000000001,12,0.4390833333333333
AFG,1989,14.125750000000002,12,0.36683333333333334
AFG,1990,14.993333333333332,12,0.36241666666666666
AFG,1991,14.370750000000001,12,0.41100000000000003
AFG,1992,14.056083333333333,12,0.5016666666666666
AFG,1993,14.439250000000001,12,0.53925
AFG,1994,14.754750000000001,12,0.3968333333333333
AFG,1995,14.859166666666667,12,0.43475
AFG,1996,14.426,12,0.37666666666666665
AFG,1997,14.904000000000002,12,0.5340833333333334
AFG,1998,15.1325,12,0.47141666666666665
AFG,1999,15.388750000000002,12,0.48966666666666664
AFG,2000,15.497833333333334,12,0.5006666666666667
AFG,2001,15.778083333333333,12,0.5390833333333334
AFG,2002,15.537666666666668,12,0.44516666666666665
AFG,2003,14.915999999999999,12,0.4566666666666667
AFG,2004,15.770916666666666,12,0.4825
AFG,2005,14.979999999999999,12,0.5284166666666666
AFG,2006,15.595583333333332,12,0.48825
AFG,2007,15.106166666666667,12,0.39608333333333334
AFG,2008,15.216499999999998,12,0.5173333333333333
AFG,2009,15.25775,12,0.3461666666666667
AGO,1960,21.927083333333332,12,0.30241666666666667
AGO,1961,21.93875,12,0.30824999999999997
AGO,1962,21.84866666666667,12,0.32149999999999995
AGO,1963,21.83775,12,0.34725
AGO,1964,21.68641666666667,12,0.29625
AGO,1965,21.819916666666668,12,0.39666666666666667
AGO,1966,22.103250000000003,12,0.26691666666666664
AGO,1967,21.776416666666666,12,0.28891666666666665
AGO,1968,21.748166666666666,12,0.31
AGO,1969,22.1905,12,0.31783333333333336
AGO,1970,22.149833333333333,12,0.33516666666666667
AGO,1971,21.837,12,0.2875833333333333
AGO,1972,22.011,12,0.43825000000000003
AGO,1973,22.349666666666668,12,0.3919166666666667
AGO,1974,21.623499999999996,12,0.3461666666666667
AGO,1975,21.738916666666668,12,0.43249999999999994
AGO,1976,21.44741666666667,12,0.38008333333333333
AGO,1977,21.95075,12,0.44258333333333333
AGO,1978,21.816999999999997,12,0.4414166666666666
AGO,1979,22.144750000000002,12,0.41100000000000003
AGO,1980,22.077583333333333,12,0.46875
AGO,1981,22.02791666666667,12,0.5165833333333333
AGO,1982,21.820000000000004,12,0.6268333333333334
AGO,1983,22.367250000000002,12,0.6234166666666666
AGO,1984,22.356166666666667,12,0.5030833333333333
AGO,1985,22.021833333333333,12,0.4271666666666667
AGO,1986,22.03625,12,0.4663333333333333
AGO,1987,22.749916666666667,12,0.46858333333333335
AGO,1988,22.412333333333333,12,0.48
AGO,1989,22.12216666666667,12,0.5944166666666667
AGO,1990,22.466416666666664,12,0.4661666666666667
AGO,1991,22.095416666666665,12,0.5041666666666667
AGO,1992,22.498583333333332,12,0.501
AGO,1993,22.291,12,0.47008333333333335
AGO,1994,22.18941666666667,12,0.52175
AGO,1995,22.936166666666665,12,0.5244166666666666
AGO,1996,22.479249999999997,12,0.5441666666666667
AGO,1997,22.317166666666665,12,0.4475833333333334
AGO,1998,23.120166666666666,12,0.4535833333333333
AGO,1999,22.382083333333338,12,0.5130833333333333
AGO,2000,22.360666666666663,12,0.5728333333333334
AGO,2001,22.502916666666668,12,0.7524166666666666
AGO,2002,22.9255,12,0.7531666666666667
AGO,2003,23.06658333333333,12,0.8376666666666667
AGO,2004,22.572833333333335,12,0.8353333333333334
AGO,2005,22.966083333333334,12,0.8270833333333334
AGO,2006,21.947083333333335,12,0.7334999999999999
AGO,2007,22.427083333333332,12,0.7392500000000001
AGO,2008,22.287333333333333,12,0.6477499999999999
AGO,2009,22.3165,12,0.6881666666666666
AIA,1960,27.14016666666667,12,0.37074999999999997
AIA,1961,26.935833333333335,12,0.36083333333333334
AIA,1962,26.84691666666667,12,0.34883333333333333
AIA,1963,27.049333333333333,12,0.3175
AIA,1964,26.882416666666668,12,0.3273333333333333
AIA,1965,26.557000000000002,12,0.44083333333333335
AIA,1966,26.691666666666666,12,0.42483333333333334
AIA,1967,26.483999999999998,12,0.37274999999999997
AIA,1968,26.608583333333332,12,0.30491666666666667
AIA,1969,27.04925,12,0.3145
AIA,1970,26.91616666666667,12,0.3665833333333333
AIA,1971,26.553416666666667,12,0.35800000000000004
AIA,1972,26.670749999999998,12,0.3998333333333333
AIA,1973,27.012333333333334,12,0.4134166666666667
AIA,1974,26.491833333333332,12,0.31425
AIA,1975,26.48975,12,0.33116666666666666
AIA,1976,26.4545,12,0.35050000000000003
AIA,1977,27.048333333333332,12,0.3070833333333333
AIA,1978,27.040583333333334,12,0.31958333333333333
AIA,1979,26.80633333333334,12,0.32466666666666666
AIA,1980,27.252083333333335,12,0.27466666666666667
AIA,1981,27.18325,12,0.29325
AIA,1982,26.831166666666665,12,0.32175
AIA,1983,27.263666666666666,12,0.3760833333333333
AIA,1984,26.859333333333336,12,0.3426666666666667
AIA,1985,26.842,12,0.33725
AIA,1986,26.884416666666667,12,0.26533333333333337
AIA,1987,27.379583333333333,12,0.36074999999999996
AIA,1988,27.13791666666667,12,0.264
AIA,1989,26.84658333333333,12,0.28941666666666666
AIA,1990,27.09875,12,0.25725000000000003
AIA,1991,27.097333333333335,12,0.28875
AIA,1992,27.05033333333333,12,0.3115833333333333
AIA,1993,27.163416666666667,12,0.3013333333333333
AIA,1994,27.16925,12,0.287
AIA,1995,27.55033333333333,12,0.2881666666666667
AIA,1996,27.056833333333334,12,0.26391666666666663
AIA,1997,27.393583333333336,12,0.24358333333333335
AIA,1998,27.74083333333333,12,0.26425
AIA,1999,27.344583333333333,12,0.31975000000000003
AIA,2000,27.05275,12,0.25908333333333333
AIA,2001,27.4085,12,0.2723333333333333
AIA,2002,27.53825,12,0.25783333333333336
AIA,2003,27.67741666666667,12,0.2851666666666666
AIA,2004,27.334000000000003,12,0.2668333333333333
AIA,2005,27.732333333333333,12,0.24791666666666665
AIA,2006,27.63625,12,0.30275
AIA,2007,27.685083333333335,12,0.2838333333333333
AIA,2008,27.140416666666667,12,0.2578333333333333
AIA,2009,27.46858333333333,12,0.24625
ALB,1960,13.335083333333332,12,0.31875000000000003
ALB,1961,13.31675,12,0.3433333333333333
ALB,1962,13.06875,12,0.3669166666666667
ALB,1963,13.085833333333333,12,0.3489166666666667
ALB,1964,12.515333333333333,12,0.32241666666666663
ALB,1965,12.378416666666666,12,0.375
ALB,1966,13.204583333333334,12,0.30424999999999996
ALB,1967,12.62175,12,0.34841666666666665
ALB,1968,12.869583333333333,12,0.31808333333333333
ALB,1969,12.802916666666667,12,0.3453333333333333
ALB,1970,12.839666666666666,12,0.35941666666666666
ALB,1971,12.534416666666667,12,0.27691666666666664
ALB,1972,12.60825,12,0.32808333333333334
ALB,1973,12.486666666666666,12,0.33225
ALB,1974,12.559833333333335,12,0.3418333333333334
ALB,1975,12.568416666666666,12,0.34933333333333333
ALB,1976,12.03625,12,0.32116666666666666
ALB,1977,13.22325,12,0.2985
ALB,1978,12.263583333333335,12,0.2738333333333333
ALB,1979,12.989166666666668,12,0.2738333333333333
ALB,1980,12.162083333333333,12,0.29483333333333334
ALB,1981,12.578666666666669,12,0.28875
ALB,1982,13.015250000000002,12,0.3124166666666667
ALB,1983,12.510916666666667,12,0.30116666666666664
ALB,1984,12.640749999999999,12,0.2970833333333333
ALB,1985,12.948166666666667,12,0.33949999999999997
ALB,1986,13.056416666666665,12,0.2966666666666667
ALB,1987,12.996583333333334,12,0.27841666666666665
ALB,1988,13.044083333333333,12,0.302
ALB,1989,12.803833333333335,12,0.3035833333333333
ALB,1990,13.468666666666666,12,0.3388333333333333
ALB,1991,12.338833333333334,12,0.3225
ALB,1992,13.084666666666665,12,0.34308333333333335
ALB,1993,13.122583333333333,12,0.38525000000000004
ALB,1994,14.099666666666666,12,0.3798333333333333
ALB,1995,12.782083333333333,12,0.29775
ALB,1996,12.7365,12,0.2781666666666667
ALB,1997,12.900916666666667,12,0.3289166666666667
ALB,1998,13.311250000000001,12,0.3095
ALB,1999,13.65375,12,0.30516666666666664
ALB,2000,13.746583333333334,12,0.37958333333333333
ALB,2001,13.690416666666666,12,0.33741666666666664
ALB,2002,13.559916666666666,12,0.3
ALB,2003,13.626583333333334,12,0.34191666666666665
ALB,2004,13.258166666666666,12,0.2848333333333333
ALB,2005,12.747083333333334,12,0.247
ALB,2006,12.976916666666666,12,0.31908333333333333
ALB,2007,13.890500000000001,12,0.27999999999999997
ALB,2008,13.955166666666665,12,0.28375
ALB,2009,13.84425,12,0.3409166666666667
AND,1960,11.213999999999999,12,0.3641666666666667
AND,1961,12.2615,12,0.3500833333333333
AND,1962,11.079333333333333,12,0.33408333333333334
AND,1963,10.636166666666666,12,0.35541666666666666
AND,1964,11.541083333333333,12,0.34625
AND,1965,11.025916666666667,12,0.3489166666666667
AND,1966,11.58475,12,0.39375
AND,1967,11.606916666666669,12,0.36041666666666666
AND,1968,11.4365,12,0.3293333333333333
AND,1969,10.884833333333333,12,0.32
AND,1970,11.376583333333334,12,0.28258333333333335
AND,1971,11.192166666666667,12,0.31233333333333335
AND,1972,10.741,12,0.32016666666666665
AND,1973,11.176583333333333,12,0.31633333333333336
AND,1974,11.077333333333334,12,0.32708333333333334
AND,1975,11.247750000000002,12,0.36358333333333337
AND,1976,11.304499999999999,12,0.389
AND,1977,11.134333333333332,12,0.25175
AND,1978,11.040750000000001,12,0.2838333333333333
AND,1979,11.30175,12,0.34358333333333335
AND,1980,10.7725,12,0.25633333333333336
AND,1981,11.546,12,0.3119166666666667
AND,1982,12.185166666666667,12,0.2589166666666667
AND,1983,11.991750000000001,12,0.33841666666666664
AND,1984,11.03275,12,0.25716666666666665
AND,1985,11.325416666666667,12,0.30524999999999997
AND,1986,11.6235,12,0.26275
AND,1987,11.680250000000001,12,0.25066666666666665
AND,1988,11.973916666666668,12,0.23558333333333334
AND,1989,12.585083333333335,12,0.33641666666666664
AND,1990,12.455583333333335,12,0.2816666666666667
AND,1991,11.565416666666666,12,0.24325
AND,1992,11.498416666666666,12,0.32416666666666666
AND,1993,11.432166666666667,12,0.33791666666666664
AND,1994,12.632249999999999,12,0.29616666666666663
AND,1995,12.376416666666666,12,0.24641666666666664
AND,1996,11.741416666666666,12,0.24166666666666667
AND,1997,12.896166666666666,12,0.29283333333333333
AND,1998,12.11875,12,0.304
AND,1999,12.178666666666667,12,0.19674999999999998
AND,2000,12.311916666666667,12,0.26125
AND,2001,12.216083333333332,12,0.3
AND,2002,12.319583333333334,12,0.24925
AND,2003,12.900666666666666,12,0.3010833333333333
AND,2004,12.043,12,0.2871666666666667
AND,2005,11.643416666666667,12,0.24625
AND,2006,12.834333333333333,12,0.2955833333333333
AND,2007,12.15525,12,0.29624999999999996
AND,2008,11.978583333333333,12,0.253
AND,2009,12.566666666666668,12,0.2708333333333333
ARE,1960,27.785666666666668,12,0.68825
ARE,1961,27.760083333333338,12,0.6715
ARE,1962,27.92025,12,0.831
ARE,1963,27.75166666666667,12,0.5645
ARE,1964,27.144500000000004,12,0.7281666666666666
ARE,1965,27.785583333333335,12,0.6046666666666667
ARE,1966,27.89691666666667,12,0.7001666666666666
ARE,1967,27.640833333333333,12,0.7314166666666666
ARE,1968,27.46641666666667,12,0.7078333333333333
ARE,1969,28.266250000000003,12,0.7736666666666667
ARE,1970,28.258666666666667,12,0.6076666666666667
ARE,1971,27.62275,12,0.6623333333333333
ARE,1972,27.422666666666668,12,0.5915833333333333
ARE,1973,27.674583333333334,12,0.64875
ARE,1974,27.6955,12,0.5129166666666666
ARE,1975,27.606250000000003,12,0.656
ARE,1976,27.571166666666667,12,0.6926666666666667
ARE,1977,28.56891666666667,12,0.44258333333333333
ARE,1978,28.069833333333335,12,0.5665833333333333
ARE,1979,28.100166666666667,12,0.49774999999999997
ARE,1980,28.301083333333334,12,0.45725
ARE,1981,28.13491666666667,12,0.39091666666666663
ARE,1982,27.327416666666668,12,0.4701666666666667
ARE,1983,27.36975,12,0.48374999999999996
ARE,1984,27.399833333333333,12,0.456
ARE,1985,27.72375,12,0.3970833333333333
ARE,1986,27.867333333333335,12,0.3801666666666667
ARE,1987,28.094333333333335,12,0.34041666666666665
ARE,1988,28.140249999999998,12,0.29916666666666664
ARE,1989,27.585250000000002,12,0.2916666666666667
ARE,1990,28.260083333333338,12,0.29491666666666666
ARE,1991,27.697083333333335,12,0.2734166666666667
ARE,1992,27.28408333333333,12,0.3921666666666666
ARE,1993,28.07041666666667,12,0.3421666666666667
ARE,1994,28.397416666666672,12,0.29424999999999996
ARE,1995,27.986333333333334,12,0.297
ARE,1996,28.31925,12,0.3455
ARE,1997,28.12066666666667,12,0.40700000000000003
ARE,1998,29.292583333333337,12,0.3385
ARE,1999,29.298416666666668,12,0.3155
ARE,2000,28.877750000000002,12,0.31925
ARE,2001,29.009583333333335,12,0.322
ARE,2002,29.058000000000003,12,0.30433333333333334
ARE,2003,29.228333333333335,12,0.3758333333333333
ARE,2004,29.104000000000003,12,0.34475000000000006
ARE,2005,28.99291666666667,12,0.3204166666666666
ARE,2006,28.984083333333334,12,0.3953333333333333
ARE,2007,29.15608333333333,12,0.39041666666666663
ARE,2008,28.685000000000002,12,0.38975
ARE,2009,29.12766666666667,12,0.40950000000000003
ARG,1960,14.993666666666668,12,0.24025
ARG,1961,14.972916666666668,12,0.22324999999999998
ARG,1962,14.852416666666665,12,0.24816666666666665
ARG,1963,14.847166666666666,12,0.1955
ARG,1964,14.43125,12,0.19774999999999998
ARG,1965,14.909583333333332,12,0.236
ARG,1966,14.677999999999999,12,0.25808333333333333
ARG,1967,15.049750000000001,12,0.22916666666666666
ARG,1968,15.196916666666667,12,0.20425000000000001
ARG,1969,15.262833333333333,12,0.20566666666666666
ARG,1970,15.195333333333332,12,0.20166666666666666
ARG,1971,14.651166666666667,12,0.1689166666666667
ARG,1972,14.818416666666666,12,0.20641666666666666
ARG,1973,14.597916666666668,12,0.23099999999999998
ARG,1974,14.637666666666666,12,0.22266666666666668
ARG,1975,14.939666666666668,12,0.25575
ARG,1976,14.440249999999999,12,0.23308333333333334
ARG,1977,15.35125,12,0.20391666666666666
ARG,1978,15.186083333333334,12,0.20858333333333334
ARG,1979,14.974666666666666,12,0.21925000000000003
ARG,1980,15.226916666666668,12,0.17124999999999999
ARG,1981,15.167416666666668,12,0.1890833333333333
ARG,1982,15.256749999999998,12,0.18775
ARG,1983,14.954333333333333,12,0.1995
ARG,1984,14.400833333333333,12,0.1945
ARG,1985,15.32625,12,0.22483333333333333
ARG,1986,15.33475,12,0.2085
ARG,1987,15.1875,12,0.218
ARG,1988,14.836333333333334,12,0.19883333333333333
ARG,1989,15.543,12,0.1925
ARG,1990,15.155083333333332,12,0.23375
ARG,1991,15.097583333333333,12,0.169
ARG,1992,14.739166666666668,12,0.26233333333333336
ARG,1993,15.098666666666666,12,0.20533333333333334
ARG,1994,15.578666666666665,12,0.22458333333333336
ARG,1995,15.149833333333333,12,0.22383333333333333
ARG,1996,15.211583333333332,12,0.2315
ARG,1997,15.620666666666667,12,0.2091666666666667
ARG,1998,15.261750000000001,12,0.20041666666666666
ARG,1999,15.064916666666667,12,0.19266666666666665
ARG,2000,14.7505,12,0.19799999999999998
ARG,2001,15.370416666666666,12,0.2105
ARG,2002,15.183750000000002,12,0.19925
ARG,2003,15.518333333333333,12,0.2540833333333333
ARG,2004,15.442166666666667,12,0.21541666666666667
ARG,2005,15.112833333333334,12,0.19525
ARG,2006,15.561083333333334,12,0.24191666666666664
ARG,2007,14.628083333333334,12,0.18899999999999997
ARG,2008,15.476,12,0.20475
ARG,2009,15.534416666666667,12,0.21575
ARM,1960,9.273249999999999,12,0.46941666666666665
ARM,1961,9.482000000000001,12,0.4194166666666667
ARM,1962,9.982083333333334,12,0.43083333333333335
ARM,1963,9.273,12,0.34991666666666665
ARM,1964,8.057666666666668,12,0.46375000000000005
ARM,1965,8.496083333333333,12,0.42291666666666666
ARM,1966,10.841000000000001,12,0.41691666666666666
ARM,1967,8.087083333333334,12,0.44708333333333333
ARM,1968,8.906583333333336,12,0.37399999999999994
ARM,1969,8.230833333333335,12,0.4761666666666667
ARM,1970,9.846583333333333,12,0.33816666666666667
ARM,1971,9.105416666666668,12,0.39241666666666664
ARM,1972,7.789166666666667,12,0.46774999999999994
ARM,1973,8.207166666666668,12,0.4365833333333333
ARM,1974,8.314333333333334,12,0.40241666666666664
ARM,1975,8.993,12,0.35274999999999995
ARM,1976,8.345083333333333,12,0.36575
ARM,1977,8.692083333333334,12,0.40524999999999994
ARM,1978,9.047666666666666,12,0.338
ARM,1979,10.146416666666667,12,0.395
ARM,1980,9.358583333333334,12,0.29191666666666666
ARM,1981,9.805416666666668,12,0.4151666666666667
ARM,1982,8.274333333333333,12,0.42625
ARM,1983,9.000583333333333,12,0.40791666666666665
ARM,1984,9.06775,12,0.35766666666666663
ARM,1985,9.17475,12,0.38875
ARM,1986,9.306833333333334,12,0.33666666666666667
ARM,1987,8.996666666666668,12,0.4183333333333333
ARM,1988,8.626083333333332,12,0.35041666666666665
ARM,1989,9.785833333333333,12,0.4063333333333334
ARM,1990,9.258083333333333,12,0.33616666666666667
ARM,1991,9.372583333333333,12,0.27308333333333334
ARM,1992,7.614666666666667,12,0.38575
ARM,1993,7.769666666666667,12,0.39366666666666666
ARM,1994,9.02125,12,0.3593333333333333
ARM,1995,9.892166666666666,12,0.28775
ARM,1996,9.819166666666666,12,0.29183333333333333
ARM,1997,9.246333333333334,12,0.38775000000000004
ARM,1998,10.448416666666667,12,0.3065
ARM,1999,10.331,12,0.33791666666666664
ARM,2000,9.918166666666668,12,0.36274999999999996
ARM,2001,10.443416666666668,12,0.37083333333333335
ARM,2002,9.604999999999999,12,0.4395833333333334
ARM,2003,9.423083333333333,12,0.32358333333333333
ARM,2004,9.720166666666666,12,0.3365
ARM,2005,9.735416666666667,12,0.36575
ARM,2006,10.0535,12,0.3356666666666666
ARM,2007,9.53525,12,0.3758333333333333
ARM,2008,9.706750000000001,12,0.3448333333333333
ARM,2009,9.842083333333333,12,0.3774166666666667
ASM,1960,26.7655,12,0.39399999999999996
ASM,1961,26.617166666666666,12,0.4633333333333333
ASM,1962,26.627666666666666,12,0.46258333333333335
ASM,1963,26.857666666666663,12,0.3798333333333333
ASM,1964,26.59566666666667,12,0.441
ASM,1965,26.381249999999998,12,0.3870833333333333
ASM,1966,26.822166666666664,12,0.39716666666666667
ASM,1967,26.420416666666668,12,0.27199999999999996
ASM,1968,26.480833333333333,12,0.3368333333333333
ASM,1969,26.936583333333335,12,0.34708333333333335
ASM,1970,26.760666666666665,12,0.3273333333333333
ASM,1971,26.40225,12,0.33525
ASM,1972,26.81233333333333,12,0.2871666666666667
ASM,1973,27.13825,12,0.34450000000000003
ASM,1974,26.591250000000002,12,0.35716666666666663
ASM,1975,26.77316666666667,12,0.32316666666666666
ASM,1976,26.721083333333336,12,0.35074999999999995
ASM,1977,26.786833333333334,12,0.39633333333333337
ASM,1978,26.684,12,0.2564166666666667
ASM,1979,26.891333333333336,12,0.3615
ASM,1980,26.990750000000002,12,0.32641666666666663
ASM,1981,26.745500000000003,12,0.4230833333333333
ASM,1982,26.90275,12,0.37575000000000003
ASM,1983,26.92866666666667,12,0.3506666666666667
ASM,1984,26.879500000000004,12,0.27675
ASM,1985,26.949916666666667,12,0.24125
ASM,1986,26.980333333333334,12,0.24691666666666667
ASM,1987,26.898750000000003,12,0.28675
ASM,1988,27.089416666666665,12,0.2784166666666667
ASM,1989,26.752666666666666,12,0.3609166666666667
ASM,1990,27.15625,12,0.3
ASM,1991,27.171166666666668,12,0.312
ASM,1992,27.072,12,0.3724166666666667
ASM,1993,26.81641666666667,12,0.31583333333333335
ASM,1994,26.986333333333334,12,0.5295
ASM,1995,27.268666666666665,12,0.3245
ASM,1996,27.11266666666667,12,0.35800000000000004
ASM,1997,26.95575,12,0.3560833333333333
ASM,1998,27.424833333333336,12,0.6557499999999999
ASM,1999,27.067166666666665,12,0.5325833333333333
ASM,2000,27.219833333333337,12,0.5051666666666667
ASM,2001,27.22758333333333,12,0.3738333333333333
ASM,2002,27.537916666666664,12,0.3194166666666667
ASM,2003,27.264833333333332,12,0.43224999999999997
ASM,2004,27.281166666666667,12,0.6689166666666666
ASM,2005,27.373500000000003,12,0.43275
ASM,2006,27.08125,12,0.48524999999999996
ASM,2007,27.452416666666668,12,0.47875
ASM,2008,26.995083333333337,12,0.3541666666666667
ASM,2009,27.03425,12,0.48575000000000007
ATG,1960,26.96258333333334,12,0.3705833333333333
ATG,1961,26.73091666666667,12,0.38683333333333336
ATG,1962,26.73675,12,0.37274999999999997
ATG,1963,26.891166666666667,12,0.3675833333333334
ATG,1964,26.709083333333336,12,0.3755833333333333
ATG,1965,26.421666666666667,12,0.41033333333333327
ATG,1966,26.59166666666667,12,0.41891666666666666
ATG,1967,26.34266666666667,12,0.3498333333333334
ATG,1968,26.416916666666665,12,0.33208333333333334
ATG,1969,26.88191666666667,12,0.3005833333333333
ATG,1970,26.738583333333334,12,0.33925
ATG,1971,26.391416666666668,12,0.30916666666666665
ATG,1972,26.55,12,0.3303333333333333
ATG,1973,26.87325,12,0.36966666666666664
ATG,1974,26.34,12,0.2786666666666667
ATG,1975,26.335416666666664,12,0.29325
ATG,1976,26.267666666666667,12,0.30150000000000005
ATG,1977,26.851916666666668,12,0.27991666666666665
ATG,1978,26.861500000000003,12,0.2743333333333333
ATG,1979,26.655666666666665,12,0.26358333333333334
ATG,1980,27.118416666666665,12,0.22491666666666665
ATG,1981,27.057666666666666,12,0.294
ATG,1982,26.681,12,0.26958333333333334
ATG,1983,27.079250000000002,12,0.29725
ATG,1984,26.618750000000002,12,0.2554166666666667
ATG,1985,26.618166666666667,12,0.29291666666666666
ATG,1986,26.70925,12,0.24175
ATG,1987,27.220583333333334,12,0.3120833333333333
ATG,1988,26.953,12,0.25566666666666665
ATG,1989,26.6865,12,0.25083333333333335
ATG,1990,26.93466666666667,12,0.26291666666666663
ATG,1991,26.895666666666667,12,0.23175
ATG,1992,26.894750000000002,12,0.29858333333333337
ATG,1993,26.95616666666667,12,0.2544166666666667
ATG,1994,26.946083333333334,12,0.24791666666666667
ATG,1995,27.380333333333336,12,0.23366666666666666
ATG,1996,26.942333333333334,12,0.24841666666666665
ATG,1997,27.289333333333335,12,0.20475
ATG,1998,27.60175,12,0.23725
ATG,1999,27.13175,12,0.288
ATG,2000,26.892083333333332,12,0.22916666666666666
ATG,2001,27.253833333333333,12,0.241
ATG,2002,27.36175,12,0.2778333333333333
ATG,2003,27.513833333333334,12,0.28325
ATG,2004,27.15116666666667,12,0.23758333333333334
ATG,2005,27.598166666666668,12,0.21624999999999997
ATG,2006,27.466416666666664,12,0.286
ATG,2007,27.509083333333336,12,0.24533333333333332
ATG,2008,26.965416666666666,12,0.23008333333333333
ATG,2009,27.277333333333335,12,0.24583333333333335
AUS,1960,21.2105,12,0.222
AUS,1961,21.964250000000003,12,0.21866666666666668
AUS,1962,21.802916666666665,12,0.266
AUS,1963,21.697833333333335,12,0.20174999999999998
AUS,1964,21.65075,12,0.20958333333333334
AUS,1965,22.092083333333335,12,0.248
AUS,1966,21.361,12,0.18616666666666667
AUS,1967,21.625416666666666,12,0.1994166666666667
AUS,1968,21.462166666666665,12,0.18449999999999997
AUS,1969,21.847583333333333,12,0.18266666666666667
AUS,1970,21.775750000000002,12,0.18433333333333332
AUS,1971,21.65433333333333,12,0.17800000000000002
AUS,1972,22.012083333333333,12,0.19575
AUS,1973,22.41275,12,0.20541666666666666
AUS,1974,21.238083333333332,12,0.2125
AUS,1975,21.692666666666668,12,0.22191666666666668
AUS,1976,21.193416666666668,12,0.21691666666666665
AUS,1977,21.8925,12,0.18116666666666667
AUS,1978,21.605166666666666,12,0.18183333333333332
AUS,1979,22.252333333333336,12,0.19175
AUS,1980,22.586166666666667,12,0.1718333333333333
AUS,1981,22.164083333333334,12,0.19533333333333333
AUS,1982,21.9105,12,0.16483333333333333
AUS,1983,22.261083333333332,12,0.19775
AUS,1984,21.516916666666663,12,0.18216666666666667
AUS,1985,22.04341666666667,12,0.21158333333333335
AUS,1986,22.093249999999998,12,0.18208333333333335
AUS,1987,22.07241666666667,12,0.15758333333333333
AUS,1988,22.63008333333333,12,0.16433333333333333
AUS,1989,21.86283333333333,12,0.21291666666666667
AUS,1990,22.35575,12,0.18575
AUS,1991,22.48741666666667,12,0.14941666666666667
AUS,1992,21.932583333333337,12,0.22791666666666666
AUS,1993,22.16016666666667,12,0.17575
AUS,1994,22.03025,12,0.21308333333333332
AUS,1995,21.955166666666667,12,0.15375
AUS,1996,22.325333333333333,12,0.16083333333333333
AUS,1997,22.086,12,0.18875
AUS,1998,22.664833333333334,12,0.17074999999999999
AUS,1999,22.0645,12,0.17700000000000002
AUS,2000,21.709666666666667,12,0.17600000000000002
AUS,2001,21.79275,12,0.16141666666666668
AUS,2002,22.46083333333333,12,0.17008333333333334
AUS,2003,22.44033333333333,12,0.22516666666666665
AUS,2004,22.286916666666666,12,0.164
AUS,2005,22.896833333333333,12,0.15566666666666665
AUS,2006,22.264416666666666,12,0.20825000000000002
AUS,2007,22.48675,12,0.15783333333333333
AUS,2008,22.225916666666667,12,0.16624999999999998
AUS,2009,22.690583333333333,12,0.18433333333333332
AUT,1960,6.527083333333334,12,0.3089166666666667
AUT,1961,7.185583333333334,12,0.26608333333333334
AUT,1962,5.441,12,0.3229166666666667
AUT,1963,5.650916666666666,12,0.32758333333333334
AUT,1964,6.203333333333333,12,0.2775
AUT,1965,5.637083333333333,12,0.3529166666666667
AUT,1966,6.873416666666667,12,0.2615
AUT,1967,6.838166666666666,12,0.2906666666666667
AUT,1968,6.37925,12,0.30816666666666664
AUT,1969,6.000333333333334,12,0.29225
AUT,1970,5.934833333333334,12,0.28208333333333335
AUT,1971,6.449333333333333,12,0.28950000000000004
AUT,1972,6.249833333333334,12,0.30016666666666664
AUT,1973,6.2135,12,0.2950833333333333
AUT,1974,6.891416666666667,12,0.25925
AUT,1975,6.898,12,0.2775
AUT,1976,6.416083333333333,12,0.31758333333333333
AUT,1977,6.916,12,0.28841666666666665
AUT,1978,5.786833333333334,12,0.31758333333333333
AUT,1979,6.404,12,0.25758333333333333
AUT,1980,5.633583333333334,12,0.24225
AUT,1981,6.503583333333334,12,0.2568333333333333
AUT,1982,6.918583333333334,12,0.22999999999999998
AUT,1983,7.187083333333334,12,0.26875
AUT,1984,6.061833333333333,12,0.30041666666666667
AUT,1985,5.923000000000001,12,0.28983333333333333
AUT,1986,6.316916666666667,12,0.27575
AUT,1987,6.1695,12,0.21041666666666667
AUT,1988,7.082166666666667,12,0.23641666666666664
AUT,1989,7.372416666666666,12,0.30966666666666665
AUT,1990,7.344,12,0.2748333333333333
AUT,1991,6.357916666666667,12,0.2020833333333333
AUT,1992,7.615583333333333,12,0.257
AUT,1993,6.858666666666667,12,0.27291666666666664
AUT,1994,8.164916666666667,12,0.24091666666666667
AUT,1995,6.8465,12,0.22175
AUT,1996,5.863250000000001,12,0.21025000000000002
AUT,1997,7.025083333333334,12,0.25966666666666666
AUT,1998,7.2227500000000004,12,0.217
AUT,1999,7.23425,12,0.23975
AUT,2000,8.084916666666667,12,0.23975000000000002
AUT,2001,7.188916666666667,12,0.21758333333333335
AUT,2002,7.91525,12,0.20466666666666666
AUT,2003,7.509333333333334,12,0.25991666666666663
AUT,2004,6.906083333333334,12,0.24858333333333335
AUT,2005,6.6095,12,0.21624999999999997
AUT,2006,7.277583333333333,12,0.27508333333333335
AUT,2007,7.976500000000001,12,0.20941666666666667
AUT,2008,7.801916666666667,12,0.2609166666666667
AUT,2009,7.616,12,0.26025
AZE,1960,11.738,12,0.418
AZE,1961,12.292,12,0.39799999999999996
AZE,1962,12.499666666666668,12,0.4404166666666667
AZE,1963,11.787666666666667,12,0.3781666666666667
AZE,1964,10.8025,12,0.4135
AZE,1965,11.203083333333334,12,0.43450000000000005
AZE,1966,13.202833333333333,12,0.34875000000000006
AZE,1967,11.009666666666666,12,0.39999999999999997
AZE,1968,11.695916666666667,12,0.3665
AZE,1969,10.4565,12,0.44916666666666666
AZE,1970,12.26075,12,0.3293333333333333
AZE,1971,11.988583333333333,12,0.3689166666666666
AZE,1972,10.639083333333334,12,0.4349166666666667
AZE,1973,11.07725,12,0.4509166666666667
AZE,1974,11.080916666666667,12,0.3605
AZE,1975,12.009833333333333,12,0.3429166666666667
AZE,1976,10.942,12,0.3274166666666667
AZE,1977,11.32775,12,0.34358333333333335
AZE,1978,11.5005,12,0.33866666666666667
AZE,1979,12.488750000000001,12,0.3333333333333333
AZE,1980,11.801000000000002,12,0.26533333333333337
AZE,1981,12.390666666666666,12,0.3655833333333333
AZE,1982,10.934833333333332,12,0.35600000000000004
AZE,1983,11.855333333333334,12,0.3451666666666667
AZE,1984,11.346083333333334,12,0.387
AZE,1985,11.611083333333333,12,0.323
AZE,1986,11.872250000000001,12,0.31666666666666665
AZE,1987,11.51975,12,0.32358333333333333
AZE,1988,11.59025,12,0.33991666666666664
AZE,1989,12.445083333333335,12,0.3901666666666667
AZE,1990,11.991999999999999,12,0.3735833333333333
AZE,1991,11.956000000000001,12,0.25233333333333335
AZE,1992,10.721333333333334,12,0.3641666666666667
AZE,1993,10.526083333333334,12,0.36925
AZE,1994,11.472916666666668,12,0.2920833333333333
AZE,1995,12.731583333333333,12,0.3219166666666667
AZE,1996,12.20225,12,0.29416666666666663
AZE,1997,11.894416666666666,12,0.36366666666666664
AZE,1998,12.95875,12,0.3153333333333333
AZE,1999,12.851750000000001,12,0.3565833333333333
AZE,2000,12.632,12,0.2945
AZE,2001,13.09725,12,0.3675
AZE,2002,12.432250000000002,12,0.4706666666666666
AZE,2003,11.98475,12,0.3249166666666667
AZE,2004,12.6195,12,0.36000000000000004
AZE,2005,12.68725,12,0.3145
AZE,2006,12.71225,12,0.36283333333333334
AZE,2007,12.514833333333334,12,0.30633333333333335
AZE,2008,12.365499999999999,12,0.33375
AZE,2009,12.611666666666666,12,0.3700833333333333
BDI,1960,20.024833333333333,12,0.427
BDI,1961,20.1335,12,0.5294166666666668
BDI,1962,19.813166666666667,12,0.44183333333333336
BDI,1963,19.778333333333332,12,0.45116666666666666
BDI,1964,19.995833333333334,12,0.61225
BDI,1965,20.07575,12,0.4845
BDI,1966,20.117166666666666,12,0.5420833333333334
BDI,1967,19.938416666666665,12,0.41533333333333333
BDI,1968,19.9255,12,0.5772499999999999
BDI,1969,20.363416666666666,12,0.5477500000000001
BDI,1970,20.054916666666667,12,0.41425
BDI,1971,19.65908333333333,12,0.3445833333333333
BDI,1972,20.260166666666667,12,0.4555833333333334
BDI,1973,20.334416666666666,12,0.43375
BDI,1974,19.94,12,0.35674999999999996
BDI,1975,19.928,12,0.3993333333333333
BDI,1976,20.092000000000002,12,0.3214166666666667
BDI,1977,20.419416666666667,12,0.30816666666666664
BDI,1978,20.314,12,0.40658333333333335
BDI,1979,20.37625,12,0.45408333333333334
BDI,1980,20.577,12,0.40125000000000005
BDI,1981,20.41125,12,0.4681666666666667
BDI,1982,20.370333333333335,12,0.5145
BDI,1983,20.84575,12,0.42416666666666664
BDI,1984,20.309416666666667,12,0.5105
BDI,1985,20.27958333333333,12,0.584
BDI,1986,20.389583333333334,12,0.7001666666666666
BDI,1987,20.96975,12,0.432
BDI,1988,20.638833333333334,12,0.49016666666666664
BDI,1989,20.010916666666667,12,0.5716666666666667
BDI,1990,20.409333333333333,12,0.46891666666666665
BDI,1991,20.238333333333333,12,0.43133333333333335
BDI,1992,20.56825,12,0.5818333333333333
BDI,1993,20.483333333333334,12,0.5579166666666667
BDI,1994,20.538999999999998,12,0.7672500000000001
BDI,1995,20.824333333333332,12,0.48150000000000004
BDI,1996,20.395750000000003,12,0.7685
BDI,1997,20.78425,12,0.49008333333333337
BDI,1998,20.8135,12,0.48425
BDI,1999,20.314,12,0.6331666666666667
BDI,2000,20.595833333333335,12,0.6078333333333333
BDI,2001,20.51033333333333,12,0.54775
BDI,2002,20.74983333333333,12,0.5001666666666666
BDI,2003,20.931333333333335,12,0.5959166666666667
BDI,2004,20.960416666666667,12,0.65325
BDI,2005,21.442166666666665,12,0.8271666666666667
BDI,2006,21.066333333333333,12,0.657
BDI,2007,20.580916666666667,12,0.42366666666666664
BDI,2008,20.567916666666665,12,0.56675
BDI,2009,20.76425,12,0.5805833333333333
BEL,1960,9.98875,12,0.27091666666666664
BEL,1961,10.435833333333333,12,0.25808333333333333
BEL,1962,8.541500000000001,12,0.2694166666666667
BEL,1963,8.259666666666666,12,0.27499999999999997
BEL,1964,9.594166666666666,12,0.24058333333333334
BEL,1965,9.040416666666667,12,0.26991666666666664
BEL,1966,9.901583333333333,12,0.236
BEL,1967,10.056583333333334,12,0.27391666666666664
BEL,1968,9.412333333333335,12,0.2599166666666667
BEL,1969,9.5505,12,0.22816666666666666
BEL,1970,9.498999999999999,12,0.26108333333333333
BEL,1971,9.831166666666666,12,0.2535
BEL,1972,9.333333333333334,12,0.26391666666666663
BEL,1973,9.758833333333333,12,0.24625
BEL,1974,10.072916666666666,12,0.23424999999999999
BEL,1975,10.071916666666667,12,0.26275
BEL,1976,10.368,12,0.27799999999999997
BEL,1977,9.961083333333333,12,0.218
BEL,1978,9.23225,12,0.218
BEL,1979,9.058583333333333,12,0.20725000000000002
BEL,1980,9.297333333333333,12,0.18266666666666667
BEL,1981,9.627083333333333,12,0.2273333333333333
BEL,1982,10.33,12,0.20299999999999999
BEL,1983,10.294500000000001,12,0.20033333333333334
BEL,1984,9.6495,12,0.21691666666666667
BEL,1985,8.795499999999999,12,0.2554166666666667
BEL,1986,9.264000000000001,12,0.21866666666666668
BEL,1987,9.0685,12,0.22324999999999998
BEL,1988,10.456999999999999,12,0.20925000000000002
BEL,1989,10.921166666666666,12,0.23991666666666667
BEL,1990,10.935333333333332,12,0.22983333333333333
BEL,1991,9.709166666666667,12,0.18383333333333332
BEL,1992,10.48925,12,0.2603333333333333
BEL,1993,9.925833333333333,12,0.20291666666666666
BEL,1994,10.99675,12,0.20624999999999996
BEL,1995,10.69675,12,0.20375
BEL,1996,8.893166666666668,12,0.19258333333333333
BEL,1997,10.472416666666666,12,0.18733333333333335
BEL,1998,10.369166666666667,12,0.17825
BEL,1999,10.93425,12,0.19808333333333336
BEL,2000,11.03425,12,0.19716666666666668
BEL,2001,10.543333333333333,12,0.21258333333333332
BEL,2002,11.03575,12,0.2060833333333333
BEL,2003,10.870249999999999,12,0.24575
BEL,2004,10.452583333333333,12,0.21691666666666665
BEL,2005,10.727833333333331,12,0.18275
BEL,2006,11.09525,12,0.22883333333333333
BEL,2007,11.1455,12,0.19466666666666665
BEL,2008,10.504916666666665,12,0.18800000000000003
BEL,2009,10.6285,12,0.21675
BEN,1960,27.203999999999997,12,0.29375
BEN,1961,26.944083333333335,12,0.27608333333333335
BEN,1962,27.028499999999998,12,0.2976666666666667
BEN,1963,27.398750000000003,12,0.265
BEN,1964,27.046333333333333,12,0.25608333333333333
BEN,1965,27.046666666666667,12,0.27991666666666665
BEN,1966,27.2435,12,0.31316666666666665
BEN,1967,26.976083333333335,12,0.26691666666666664
BEN,1968,27.175666666666668,12,0.2693333333333333
BEN,1969,27.574083333333334,12,0.26258333333333334
BEN,1970,27.524916666666666,12,0.26016666666666666
BEN,1971,27.158833333333334,12,0.23608333333333334
BEN,1972,27.361333333333334,12,0.2588333333333333
BEN,1973,27.887249999999998,12,0.26608333333333334
BEN,1974,27.099333333333334,12,0.2644166666666667
BEN,1975,26.95075,12,0.2323333333333333
BEN,1976,26.961,12,0.25333333333333335
BEN,1977,27.46175,12,0.25333333333333335
BEN,1978,27.24383333333333,12,0.2434166666666667
BEN,1979,27.560666666666666,12,0.2525833333333333
BEN,1980,27.564333333333334,12,0.29583333333333334
BEN,1981,27.463333333333335,12,0.24833333333333332
BEN,1982,27.2955,12,0.23391666666666666
BEN,1983,27.72975,12,0.2655
BEN,1984,27.5455,12,0.24958333333333335
BEN,1985,27.50425,12,0.29241666666666666
BEN,1986,27.345916666666668,12,0.2796666666666667
BEN,1987,28.207583333333332,12,0.24916666666666665
BEN,1988,27.592333333333332,12,0.254
BEN,1989,27.160416666666666,12,0.2818333333333333
BEN,1990,27.793833333333335,12,0.424
BEN,1991,27.380916666666668,12,0.282
BEN,1992,27.230583333333332,12,0.2510833333333333
BEN,1993,27.597916666666666,12,0.2783333333333333
BEN,1994,27.335583333333332,12,0.26133333333333336
BEN,1995,27.61616666666667,12,0.2795
BEN,1996,27.703916666666668,12,0.22324999999999998
BEN,1997,27.542,12,0.26875
BEN,1998,28.088583333333332,12,0.21433333333333335
BEN,1999,27.68041666666667,12,0.26616666666666666
BEN,2000,27.637666666666664,12,0.26858333333333334
BEN,2001,27.675833333333333,12,0.315
BEN,2002,27.8195,12,0.2995
BEN,2003,27.964583333333337,12,0.33025
BEN,2004,27.872,12,0.3084166666666667
BEN,2005,28.153333333333332,12,0.283
BEN,2006,28.144333333333336,12,0.266
BEN,2007,28.0705,12,0.4143333333333334
BEN,2008,27.690916666666666,12,0.3275
BEN,2009,28.15608333333333,12,0.3095
BFA,1960,28.132083333333338,12,0.2569166666666667
BFA,1961,27.8175,12,0.2881666666666667
BFA,1962,27.97475,12,0.3265
BFA,1963,28.361,12,0.23316666666666666
BFA,1964,28.023833333333332,12,0.223
BFA,1965,27.891750000000002,12,0.3376666666666666
BFA,1966,28.203000000000003,12,0.26158333333333333
BFA,1967,27.91841666666667,12,0.26258333333333334
BFA,1968,28.12291666666667,12,0.22133333333333335
BFA,1969,28.732583333333334,12,0.22391666666666665
BFA,1970,28.50091666666667,12,0.21783333333333332
BFA,1971,28.2285,12,0.2125
BFA,1972,28.332583333333332,12,0.26725
BFA,1973,28.820166666666665,12,0.24349999999999997
BFA,1974,28.016166666666667,12,0.24041666666666664
BFA,1975,27.903166666666667,12,0.2414166666666667
BFA,1976,27.770833333333332,12,0.26833333333333337
BFA,1977,28.34958333333333,12,0.26975
BFA,1978,28.445666666666668,12,0.2539166666666667
BFA,1979,28.482333333333333,12,0.2559166666666666
BFA,1980,28.766833333333334,12,0.23625
BFA,1981,28.4055,12,0.25266666666666665
BFA,1982,28.092833333333335,12,0.22783333333333333
BFA,1983,28.715083333333336,12,0.31583333333333335
BFA,1984,28.628666666666664,12,0.2798333333333333
BFA,1985,28.436833333333336,12,0.3393333333333333
BFA,1986,28.297833333333333,12,0.31875000000000003
BFA,1987,29.163833333333333,12,0.3144166666666667
BFA,1988,28.43575,12,0.2599166666666667
BFA,1989,28.19825,12,0.32675000000000004
BFA,1990,28.80633333333333,12,0.32241666666666663
BFA,1991,28.459416666666666,12,0.32008333333333333
BFA,1992,28.132,12,0.29824999999999996
BFA,1993,28.621083333333335,12,0.32408333333333333
BFA,1994,28.03933333333333,12,0.2781666666666667
BFA,1995,28.469583333333333,12,0.33266666666666667
BFA,1996,28.73908333333333,12,0.35708333333333336
BFA,1997,28.569166666666664,12,0.26383333333333336
BFA,1998,28.99291666666667,12,0.26158333333333333
BFA,1999,28.451166666666666,12,0.253
BFA,2000,28.59141666666667,12,0.3065
BFA,2001,28.732166666666668,12,0.33258333333333334
BFA,2002,28.978166666666667,12,0.25616666666666665
BFA,2003,28.883499999999998,12,0.31016666666666665
BFA,2004,28.989166666666666,12,0.30116666666666664
BFA,2005,29.238333333333333,12,0.28858333333333336
BFA,2006,28.92025,12,0.33241666666666664
BFA,2007,28.983249999999998,12,0.2990833333333333
BFA,2008,28.489583333333332,12,0.32841666666666663
BFA,2009,29.083,12,0.3085833333333333
BGD,1960,25.484250000000003,12,0.2723333333333333
BGD,1961,25.06975,12,0.2315
BGD,1962,25.032916666666665,12,0.3299166666666667
BGD,1963,25.105583333333332,12,0.2695
BGD,1964,25.30458333333333,12,0.27058333333333334
BGD,1965,25.0385,12,0.2886666666666667
BGD,1966,25.484333333333336,12,0.28075
BGD,1967,24.992416666666667,12,0.24208333333333332
BGD,1968,24.9405,12,0.20133333333333334
BGD,1969,25.254333333333335,12,0.22624999999999998
BGD,1970,25.186583333333335,12,0.2520833333333333
BGD,1971,24.635166666666667,12,0.3115
BGD,1972,25.143833333333333,12,0.2718333333333333
BGD,1973,25.265583333333336,12,0.2896666666666667
BGD,1974,25.0395,12,0.3105
BGD,1975,25.143916666666666,12,0.3401666666666667
BGD,1976,25.202166666666667,12,0.3075
BGD,1977,25.04658333333333,12,0.24216666666666667
BGD,1978,25.039,12,0.312
BGD,1979,25.711083333333335,12,0.3033333333333333
BGD,1980,25.340666666666667,12,0.2816666666666667
BGD,1981,24.951833333333337,12,0.29933333333333334
BGD,1982,25.14408333333333,12,0.23933333333333331
BGD,1983,25.069833333333335,12,0.298
BGD,1984,25.065416666666668,12,0.2886666666666667
BGD,1985,25.42141666666667,12,0.3016666666666667
BGD,1986,25.29425,12,0.2996666666666667
BGD,1987,25.642416666666666,12,0.27366666666666667
BGD,1988,25.709666666666667,12,0.2654166666666667
BGD,1989,25.30475,12,0.30524999999999997
BGD,1990,25.281750000000002,12,0.3485833333333333
BGD,1991,25.135166666666667,12,0.19449999999999998
BGD,1992,25.122249999999998,12,0.21424999999999997
BGD,1993,25.00316666666667,12,0.21266666666666667
BGD,1994,25.261666666666667,12,0.22883333333333333
BGD,1995,25.415833333333335,12,0.21183333333333332
BGD,1996,25.440250000000002,12,0.21716666666666665
BGD,1997,24.859250000000003,12,0.2205
BGD,1998,25.52416666666667,12,0.1865
BGD,1999,25.714833333333335,12,0.204
BGD,2000,25.150166666666667,12,0.19325
BGD,2001,25.337,12,0.26658333333333334
BGD,2002,25.380333333333336,12,0.36341666666666667
BGD,2003,25.280833333333334,12,0.371
BGD,2004,25.386333333333337,12,0.38825
BGD,2005,25.532,12,0.294
BGD,2006,25.765666666666664,12,0.2738333333333333
BGD,2007,25.34375,12,0.308
BGD,2008,25.389499999999998,12,0.26208333333333333
BGD,2009,25.904916666666665,12,0.2575
BGR,1960,11.248083333333334,12,0.3239166666666667
BGR,1961,11.140916666666667,12,0.3223333333333333
BGR,1962,11.052166666666666,12,0.36591666666666667
BGR,1963,10.57175,12,0.3368333333333333
BGR,1964,10.332083333333333,12,0.3133333333333333
BGR,1965,10.278916666666666,12,0.29991666666666666
BGR,1966,11.668,12,0.26833333333333337
BGR,1967,10.667833333333334,12,0.2579166666666666
BGR,1968,11.008249999999999,12,0.3125833333333333
BGR,1969,10.3645,12,0.33591666666666664
BGR,1970,10.934583333333334,12,0.29783333333333334
BGR,1971,10.562833333333334,12,0.2700833333333333
BGR,1972,10.697249999999999,12,0.33875000000000005
BGR,1973,10.263333333333334,12,0.2624166666666667
BGR,1974,10.5875,12,0.30566666666666664
BGR,1975,11.024833333333333,12,0.26591666666666663
BGR,1976,9.8835,12,0.2881666666666667
BGR,1977,11.049999999999999,12,0.23608333333333334
BGR,1978,10.255833333333333,12,0.25225000000000003
BGR,1979,11.011416666666667,12,0.2545
BGR,1980,10.03725,12,0.2685
BGR,1981,10.755083333333333,12,0.24933333333333332
BGR,1982,10.613999999999999,12,0.27666666666666667
BGR,1983,10.8185,12,0.32358333333333333
BGR,1984,10.746333333333334,12,0.2851666666666667
BGR,1985,10.270583333333335,12,0.29575
BGR,1986,10.697833333333334,12,0.32583333333333336
BGR,1987,10.421833333333334,12,0.25458333333333333
BGR,1988,10.758583333333334,12,0.23475
BGR,1989,11.101916666666666,12,0.29883333333333334
BGR,1990,11.597666666666667,12,0.294
BGR,1991,10.180666666666665,12,0.23783333333333334
BGR,1992,11.021749999999999,12,0.332
BGR,1993,10.713416666666667,12,0.24883333333333332
BGR,1994,12.200416666666667,12,0.23925
BGR,1995,10.809666666666667,12,0.23033333333333336
BGR,1996,10.4285,12,0.2265
BGR,1997,10.225333333333333,12,0.2608333333333333
BGR,1998,11.098916666666668,12,0.22891666666666666
BGR,1999,11.7885,12,0.251
BGR,2000,11.906833333333333,12,0.23891666666666667
BGR,2001,11.623833333333332,12,0.24149999999999996
BGR,2002,11.680333333333335,12,0.2578333333333333
BGR,2003,10.953000000000001,12,0.2851666666666666
BGR,2004,11.241666666666667,12,0.224
BGR,2005,10.781583333333332,12,0.24225
BGR,2006,11.117583333333334,12,0.2603333333333333
BGR,2007,12.314,12,0.2535833333333333
BGR,2008,11.98775,12,0.23408333333333334
BGR,2009,11.894,12,0.27133333333333337
BHR,1960,26.266500000000004,12,0.4495833333333333
BHR,1961,25.7175,12,0.6476666666666667
BHR,1962,26.492166666666666,12,0.751
BHR,1963,26.2315,12,0.4419166666666667
BHR,1964,25.431083333333333,12,0.44875
BHR,1965,26.29416666666667,12,0.4608333333333334
BHR,1966,26.599500000000003,12,0.395
BHR,1967,25.477833333333336,12,0.40725000000000006
BHR,1968,25.921916666666664,12,0.44408333333333333
BHR,1969,26.585916666666666,12,0.64575
BHR,1970,26.33458333333333,12,0.5293333333333333
BHR,1971,25.79116666666667,12,0.48033333333333333
BHR,1972,25.410583333333335,12,0.5540833333333334
BHR,1973,26.001166666666666,12,0.5144166666666666
BHR,1974,25.921750000000003,12,0.43341666666666673
BHR,1975,25.837833333333336,12,0.39891666666666664
BHR,1976,25.71483333333333,12,0.3745
BHR,1977,26.550666666666668,12,0.37933333333333336
BHR,1978,26.269583333333333,12,0.45975000000000005
BHR,1979,26.808083333333332,12,0.451
BHR,1980,26.557333333333332,12,0.46458333333333335
BHR,1981,26.582333333333334,12,0.4765
BHR,1982,25.516833333333334,12,0.6415833333333333
BHR,1983,25.591166666666666,12,0.4785
BHR,1984,25.96141666666667,12,0.4110833333333333
BHR,1985,26.202166666666667,12,0.48633333333333334
BHR,1986,26.325583333333338,12,0.49416666666666664
BHR,1987,26.641750000000002,12,0.41891666666666666
BHR,1988,26.628000000000004,12,0.3369166666666667
BHR,1989,26.022500000000004,12,0.44133333333333336
BHR,1990,26.344583333333333,12,0.68275
BHR,1991,25.811916666666672,12,0.3830833333333334
BHR,1992,25.177666666666667,12,0.3665
BHR,1993,26.16591666666667,12,0.4091666666666667
BHR,1994,26.73375,12,0.35283333333333333
BHR,1995,26.257416666666668,12,0.3456666666666666
BHR,1996,26.8275,12,0.33708333333333335
BHR,1997,26.190916666666666,12,0.36441666666666667
BHR,1998,27.612416666666665,12,0.35083333333333333
BHR,1999,27.742416666666667,12,0.3744166666666667
BHR,2000,27.07075,12,0.3449166666666667
BHR,2001,27.431,12,0.37424999999999997
BHR,2002,27.266416666666668,12,0.31066666666666665
BHR,2003,27.370666666666665,12,0.39716666666666667
BHR,2004,27.15025,12,0.3514166666666667
BHR,2005,26.983166666666666,12,0.37283333333333335
BHR,2006,27.22125,12,0.43766666666666665
BHR,2007,27.216083333333334,12,0.3741666666666667
BHR,2008,27.033083333333334,12,0.36925
BHR,2009,27.310333333333332,12,0.41408333333333336
BHS,1960,25.16725,12,0.30716666666666664
BHS,1961,25.383750000000003,12,0.333
BHS,1962,25.089583333333334,12,0.47500000000000003
BHS,1963,25.151333333333337,12,0.27058333333333334
BHS,1964,25.454166666666666,12,0.3509166666666667
BHS,1965,25.1865,12,0.39875
BHS,1966,24.950583333333338,12,0.33841666666666664
BHS,1967,25.32041666666667,12,0.43083333333333335
BHS,1968,24.885,12,0.39291666666666664
BHS,1969,25.21258333333333,12,0.2885
BHS,1970,25.038666666666668,12,0.2718333333333333
BHS,1971,25.266333333333336,12,0.28800000000000003
BHS,1972,25.597250000000003,12,0.309
BHS,1973,25.347916666666666,12,0.27799999999999997
BHS,1974,25.377583333333334,12,0.29533333333333334
BHS,1975,25.713250000000002,12,0.302
BHS,1976,25.159333333333336,12,0.3681666666666667
BHS,1977,25.34,12,0.25325000000000003
BHS,1978,25.4845,12,0.2838333333333333
BHS,1979,25.481083333333334,12,0.21891666666666665
BHS,1980,25.50825,12,0.2660833333333333
BHS,1981,25.156499999999998,12,0.31808333333333333
BHS,1982,25.870333333333335,12,0.252
BHS,1983,25.527583333333336,12,0.31075
BHS,1984,25.31658333333333,12,0.26308333333333334
BHS,1985,25.4735,12,0.3928333333333333
BHS,1986,25.665333333333333,12,0.3638333333333333
BHS,1987,25.600916666666667,12,0.32925
BHS,1988,25.37183333333333,12,0.3839166666666667
BHS,1989,25.651666666666667,12,0.38625
BHS,1990,25.992333333333335,12,0.2571666666666667
BHS,1991,25.926750000000002,12,0.3829166666666666
BHS,1992,25.465500000000002,12,0.38675
BHS,1993,25.549833333333336,12,0.2685
BHS,1994,26.0245,12,0.33791666666666664
BHS,1995,25.768666666666665,12,0.2820833333333333
BHS,1996,25.385416666666668,12,0.3640833333333333
BHS,1997,26.190833333333334,12,0.29075
BHS,1998,26.2295,12,0.264
BHS,1999,25.622666666666664,12,0.33258333333333334
BHS,2000,25.44916666666667,12,0.3565833333333333
BHS,2001,25.58066666666667,12,0.30975
BHS,2002,26.116249999999997,12,0.3169166666666667
BHS,2003,26.180333333333337,12,0.39841666666666664
BHS,2004,25.84975,12,0.33775
BHS,2005,25.801666666666666,12,0.29483333333333334
BHS,2006,25.71575,12,0.35958333333333337
BHS,2007,26.034750000000003,12,0.326
BHS,2008,25.89975,12,0.31925
BHS,2009,25.769166666666667,12,0.24233333333333332
BIH,1960,11.061333333333332,12,0.3974166666666667
BIH,1961,11.250333333333332,12,0.3109166666666667
BIH,1962,10.135583333333335,12,0.35600000000000004
BIH,1963,10.319083333333333,12,0.42408333333333337
BIH,1964,10.151083333333334,12,0.4210833333333333
BIH,1965,10.118083333333333,12,0.3741666666666667
BIH,1966,11.017916666666666,12,0.3678333333333333
BIH,1967,10.647166666666667,12,0.35274999999999995
BIH,1968,10.666666666666666,12,0.3749166666666666
BIH,1969,10.170083333333332,12,0.40991666666666665
BIH,1970,10.4055,12,0.33208333333333334
BIH,1971,10.4445,12,0.3359166666666667
BIH,1972,10.642833333333334,12,0.37516666666666665
BIH,1973,10.280166666666666,12,0.29341666666666666
BIH,1974,10.670833333333334,12,0.3303333333333333
BIH,1975,10.861749999999999,12,0.35566666666666663
BIH,1976,9.900916666666667,12,0.3436666666666666
BIH,1977,11.03175,12,0.28108333333333335
BIH,1978,9.909416666666667,12,0.2995
BIH,1979,10.908916666666668,12,0.28275
BIH,1980,9.789666666666667,12,0.29441666666666666
BIH,1981,10.439833333333334,12,0.2853333333333333
BIH,1982,11.009666666666668,12,0.33308333333333334
BIH,1983,10.84375,12,0.27825
BIH,1984,10.262833333333333,12,0.25858333333333333
BIH,1985,10.336916666666667,12,0.29558333333333336
BIH,1986,10.63775,12,0.3015
BIH,1987,10.61575,12,0.27425
BIH,1988,10.977083333333333,12,0.29141666666666666
BIH,1989,11.03025,12,0.27225
BIH,1990,11.564250000000001,12,0.39275
BIH,1991,10.34725,12,0.29525
BIH,1992,11.444416666666667,12,0.3754166666666667
BIH,1993,10.959666666666665,12,0.31433333333333335
BIH,1994,12.079083333333335,12,0.30775
BIH,1995,10.7585,12,0.2886666666666667
BIH,1996,10.252,12,0.28525
BIH,1997,10.7885,12,0.3758333333333333
BIH,1998,11.104583333333332,12,0.333
BIH,1999,11.376416666666666,12,0.3333333333333333
BIH,2000,12.148083333333334,12,0.33441666666666664
BIH,2001,11.380666666666665,12,0.28250000000000003
BIH,2002,11.858333333333334,12,0.34325
BIH,2003,11.495166666666668,12,0.31675000000000003
BIH,2004,10.998333333333333,12,0.34299999999999997
BIH,2005,10.302083333333334,12,0.30024999999999996
BIH,2006,11.07125,12,0.32258333333333333
BIH,2007,12.001750000000001,12,0.3229166666666667
BIH,2008,12.056666666666667,12,0.317
BIH,2009,11.860666666666667,12,0.36966666666666664
BLM,1960,27.14016666666667,12,0.37074999999999997
BLM,1961,26.935833333333335,12,0.36083333333333334
BLM,1962,26.84691666666667,12,0.34883333333333333
BLM,1963,27.049333333333333,12,0.3175
BLM,1964,26.882416666666668,12,0.3273333333333333
BLM,1965,26.557000000000002,12,0.44083333333333335
BLM,1966,26.691666666666666,12,0.42483333333333334
BLM,1967,26.483999999999998,12,0.37274999999999997
BLM,1968,26.608583333333332,12,0.30491666666666667
BLM,1969,27.04925,12,0.3145
BLM,1970,26.91616666666667,12,0.3665833333333333
BLM,1971,26.553416666666667,12,0.35800000000000004
BLM,1972,26.670749999999998,12,0.3998333333333333
BLM,1973,27.012333333333334,12,0.4134166666666667
BLM,1974,26.491833333333332,12,0.31425
BLM,1975,26.48975,12,0.33116666666666666
BLM,1976,26.4545,12,0.35050000000000003
BLM,1977,27.048333333333332,12,0.3070833333333333
BLM,1978,27.040583333333334,12,0.31958333333333333
BLM,1979,26.80633333333334,12,0.32466666666666666
BLM,1980,27.252083333333335,12,0.27466666666666667
BLM,1981,27.18325,12,0.29325
BLM,1982,26.831166666666665,12,0.32175
BLM,1983,27.263666666666666,12,0.3760833333333333
BLM,1984,26.859333333333336,12,0.3426666666666667
BLM,1985,26.842,12,0.33725
BLM,1986,26.884416666666667,12,0.26533333333333337
BLM,1987,27.379583333333333,12,0.36074999999999996
BLM,1988,27.13791666666667,12,0.264
BLM,1989,26.84658333333333,12,0.28941666666666666
BLM,1990,27.09875,12,0.25725000000000003
BLM,1991,27.097333333333335,12,0.28875
BLM,1992,27.05033333333333,12,0.3115833333333333
BLM,1993,27.163416666666667,12,0.3013333333333333
BLM,1994,27.16925,12,0.287
BLM,1995,27.55033333333333,12,0.2881666666666667
BLM,1996,27.056833333333334,12,0.26391666666666663
BLM,1997,27.393583333333336,12,0.24358333333333335
BLM,1998,27.74083333333333,12,0.26425
BLM,1999,27.344583333333333,12,0.31975000000000003
BLM,2000,27.05275,12,0.25908333333333333
BLM,2001,27.4085,12,0.2723333333333333
BLM,2002,27.53825,12,0.25783333333333336
BLM,2003,27.67741666666667,12,0.2851666666666666
BLM,2004,27.334000000000003,12,0.2668333333333333
BLM,2005,27.732333333333333,12,0.24791666666666665
BLM,2006,27.63625,12,0.30275
BLM,2007,27.685083333333335,12,0.2838333333333333
BLM,2008,27.140416666666667,12,0.2578333333333333
BLM,2009,27.46858333333333,12,0.24625
BLR,1960,6.464583333333334,12,0.273
BLR,1961,7.032416666666666,12,0.3055
BLR,1962,5.814833333333333,12,0.33466666666666667
BLR,1963,5.173,12,0.3030833333333333
BLR,1964,5.8035000000000005,12,0.27258333333333334
BLR,1965,4.9555,12,0.3209166666666667
BLR,1966,6.612666666666667,12,0.262
BLR,1967,6.682166666666666,12,0.2644166666666667
BLR,1968,5.678750000000001,12,0.27216666666666667
BLR,1969,4.566916666666667,12,0.25958333333333333
BLR,1970,5.764083333333333,12,0.232
BLR,1971,6.38375,12,0.26258333333333334
BLR,1972,6.7580833333333326,12,0.30633333333333335
BLR,1973,6.164416666666667,12,0.2511666666666667
BLR,1974,6.79375,12,0.24291666666666667
BLR,1975,7.869,12,0.27191666666666664
BLR,1976,4.84675,12,0.2578333333333333
BLR,1977,6.040416666666666,12,0.22491666666666665
BLR,1978,5.150916666666666,12,0.22924999999999998
BLR,1979,5.8702499999999995,12,0.20525000000000002
BLR,1980,4.997166666666667,12,0.19858333333333333
BLR,1981,6.592,12,0.20341666666666666
BLR,1982,6.62125,12,0.21641666666666667
BLR,1983,7.448499999999999,12,0.23108333333333334
BLR,1984,6.294250000000001,12,0.2275
BLR,1985,4.70575,12,0.2515
BLR,1986,5.952750000000001,12,0.23516666666666666
BLR,1987,4.341666666666666,12,0.21141666666666667
BLR,1988,6.417416666666667,12,0.20641666666666666
BLR,1989,8.116166666666667,12,0.24566666666666667
BLR,1990,7.757416666666667,12,0.2373333333333333
BLR,1991,6.895416666666666,12,0.1985
BLR,1992,7.132000000000001,12,0.24266666666666667
BLR,1993,6.013833333333333,12,0.20141666666666666
BLR,1994,6.735916666666667,12,0.20174999999999998
BLR,1995,7.021249999999999,12,0.18491666666666665
BLR,1996,5.656583333333333,12,0.208
BLR,1997,6.34375,12,0.22075
BLR,1998,6.528333333333333,12,0.18416666666666667
BLR,1999,7.71275,12,0.19966666666666666
BLR,2000,7.909833333333334,12,0.20850000000000002
BLR,2001,7.09225,12,0.19641666666666666
BLR,2002,7.7019166666666665,12,0.19433333333333333
BLR,2003,6.724916666666666,12,0.24566666666666667
BLR,2004,6.905833333333334,12,0.22083333333333333
BLR,2005,6.968083333333333,12,0.2051666666666667
BLR,2006,6.992083333333333,12,0.23116666666666666
BLR,2007,7.928166666666667,12,0.20675
BLR,2008,8.13075,12,0.20941666666666667
BLR,2009,7.196416666666667,12,0.22841666666666668
BLZ,1960,25.351583333333334,12,0.4121666666666666
BLZ,1961,25.49175,12,0.47974999999999995
BLZ,1962,25.038750000000004,12,0.5693333333333334
BLZ,1963,25.101083333333335,12,0.5956666666666667
BLZ,1964,25.496,12,0.34025
BLZ,1965,25.3075,12,0.39558333333333334
BLZ,1966,25.013333333333335,12,0.3469166666666667
BLZ,1967,25.28141666666667,12,0.4671666666666667
BLZ,1968,25.0455,12,0.36991666666666667
BLZ,1969,25.617666666666665,12,0.3436666666666666
BLZ,1970,25.140833333333333,12,0.45091666666666663
BLZ,1971,25.25491666666667,12,0.45999999999999996
BLZ,1972,25.504166666666666,12,0.3910833333333333
BLZ,1973,25.545916666666667,12,0.42566666666666664
BLZ,1974,25.10166666666667,12,0.42891666666666667
BLZ,1975,25.494500000000002,12,0.3496666666666666
BLZ,1976,24.829416666666663,12,0.40066666666666667
BLZ,1977,25.207833333333337,12,0.26133333333333336
BLZ,1978,25.351166666666668,12,0.35433333333333333
BLZ,1979,25.493333333333336,12,0.3463333333333333
BLZ,1980,25.672916666666666,12,0.5095
BLZ,1981,25.268333333333334,12,0.3119166666666667
BLZ,1982,25.6825,12,0.28691666666666665
BLZ,1983,25.871166666666667,12,0.41358333333333336
BLZ,1984,25.253083333333333,12,0.3905
BLZ,1985,25.33383333333333,12,0.33175
BLZ,1986,25.38233333333333,12,0.3516666666666666
BLZ,1987,25.461583333333333,12,0.2684166666666667
BLZ,1988,25.506249999999998,12,0.235
BLZ,1989,25.314916666666665,12,0.3580833333333333
BLZ,1990,25.550333333333338,12,0.2890833333333333
BLZ,1991,25.863333333333333,12,0.31916666666666665
BLZ,1992,25.647916666666664,12,0.30291666666666667
BLZ,1993,25.603083333333334,12,0.41825
BLZ,1994,25.908916666666666,12,0.39841666666666664
BLZ,1995,26.00475,12,0.3413333333333333
BLZ,1996,25.4505,12,0.33158333333333334
BLZ,1997,26.088250000000002,12,0.37600000000000006
BLZ,1998,26.228166666666667,12,0.3765
BLZ,1999,25.366666666666664,12,0.4619166666666667
BLZ,2000,25.285,12,0.33866666666666667
BLZ,2001,25.52391666666667,12,0.3540833333333333
BLZ,2002,25.787333333333333,12,0.31183333333333335
BLZ,2003,25.865333333333336,12,0.40199999999999997
BLZ,2004,25.744083333333336,12,0.2814166666666667
BLZ,2005,25.919,12,0.2818333333333333
BLZ,2006,25.7085,12,0.29450000000000004
BLZ,2007,25.85875,12,0.23299999999999998
BLZ,2008,25.524666666666665,12,0.25475
BLZ,2009,25.907750000000004,12,0.2836666666666667
BOL,1960,20.5945,12,0.39166666666666666
BOL,1961,21.368,12,0.3626666666666667
BOL,1962,20.797333333333334,12,0.4890833333333333
BOL,1963,21.510916666666663,12,0.38608333333333333
BOL,1964,20.837083333333336,12,0.37233333333333335
BOL,1965,21.23275,12,0.42991666666666667
BOL,1966,21.206333333333333,12,0.4486666666666667
BOL,1967,21.458083333333335,12,0.45275
BOL,1968,21.131583333333335,12,0.3405
BOL,1969,21.754166666666666,12,0.37575000000000003
BOL,1970,21.51625,12,0.3645
BOL,1971,20.73966666666667,12,0.43533333333333335
BOL,1972,21.3355,12,0.3354166666666667
BOL,1973,21.314083333333333,12,0.35333333333333333
BOL,1974,20.789416666666668,12,0.26633333333333337
BOL,1975,21.04225,12,0.336
BOL,1976,20.828916666666668,12,0.33208333333333334
BOL,1977,21.246666666666666,12,0.2985
BOL,1978,21.28475,12,0.29575
BOL,1979,21.039166666666667,12,0.3546666666666667
BOL,1980,21.03408333333333,12,0.3394166666666667
BOL,1981,20.977999999999998,12,0.2609166666666667
BOL,1982,21.300083333333333,12,0.3000833333333333
BOL,1983,21.57166666666667,12,0.33758333333333335
BOL,1984,21.291833333333333,12,0.33125
BOL,1985,21.483166666666666,12,0.32375
BOL,1986,21.482583333333334,12,0.29991666666666666
BOL,1987,21.87291666666667,12,0.29991666666666666
BOL,1988,21.46683333333333,12,0.32258333333333333
BOL,1989,21.156916666666667,12,0.412
BOL,1990,21.326083333333333,12,0.32
BOL,1991,21.75408333333333,12,0.25675
BOL,1992,21.205916666666667,12,0.3715833333333333
BOL,1993,21.52491666666667,12,0.285
BOL,1994,21.984750000000002,12,0.29333333333333333
BOL,1995,21.730583333333332,12,0.3465833333333333
BOL,1996,21.05366666666667,12,0.312
BOL,1997,21.611333333333334,12,0.32958333333333334
BOL,1998,21.467333333333332,12,0.27375
BOL,1999,21.031750000000002,12,0.3010833333333333
BOL,2000,21.077166666666667,12,0.26791666666666664
BOL,2001,21.234083333333334,12,0.2529166666666667
BOL,2002,21.60575,12,0.3085833333333333
BOL,2003,21.26275,12,0.34883333333333333
BOL,2004,21.571,12,0.28075
BOL,2005,21.371750000000002,12,0.3455
BOL,2006,21.470000000000002,12,0.38916666666666666
BOL,2007,21.129333333333335,12,0.24250000000000002
BOL,2008,21.189,12,0.36424999999999996
BOL,2009,21.378333333333334,12,0.27799999999999997
BRA,1960,24.75266666666667,12,0.3506666666666667
BRA,1961,25.146416666666667,12,0.2585
BRA,1962,24.842333333333332,12,0.26675
BRA,1963,25.171583333333334,12,0.28933333333333333
BRA,1964,24.734083333333334,12,0.25633333333333336
BRA,1965,24.983833333333333,12,0.297
BRA,1966,25.08641666666667,12,0.238
BRA,1967,25.013666666666666,12,0.24791666666666667
BRA,1968,24.631249999999998,12,0.23383333333333334
BRA,1969,25.282750000000004,12,0.24008333333333332
BRA,1970,25.191083333333335,12,0.2604166666666667
BRA,1971,24.608500000000003,12,0.2800833333333333
BRA,1972,25.097333333333335,12,0.24208333333333334
BRA,1973,25.169583333333335,12,0.2275
BRA,1974,24.581500000000002,12,0.20825000000000002
BRA,1975,24.67675,12,0.21075
BRA,1976,24.719000000000005,12,0.25325000000000003
BRA,1977,25.132333333333335,12,0.21758333333333332
BRA,1978,24.9275,12,0.21608333333333332
BRA,1979,24.944333333333333,12,0.20383333333333334
BRA,1980,25.148,12,0.20758333333333334
BRA,1981,24.983416666666667,12,0.23424999999999999
BRA,1982,25.230333333333334,12,0.23466666666666666
BRA,1983,25.35075,12,0.24358333333333335
BRA,1984,25.109916666666667,12,0.19533333333333333
BRA,1985,24.965666666666667,12,0.23708333333333334
BRA,1986,25.131,12,0.19991666666666666
BRA,1987,25.56341666666667,12,0.20583333333333334
BRA,1988,25.177333333333337,12,0.18883333333333333
BRA,1989,24.871416666666665,12,0.21025000000000002
BRA,1990,25.27491666666667,12,0.21725000000000003
BRA,1991,25.29216666666667,12,0.15966666666666665
BRA,1992,25.251333333333335,12,0.22924999999999998
BRA,1993,25.354916666666668,12,0.21008333333333332
BRA,1994,25.454666666666668,12,0.1918333333333333
BRA,1995,25.55441666666667,12,0.2038333333333333
BRA,1996,25.337833333333332,12,0.16916666666666666
BRA,1997,25.559416666666667,12,0.17041666666666666
BRA,1998,25.95875,12,0.17675
BRA,1999,25.286583333333336,12,0.14525
BRA,2000,25.1965,12,0.16508333333333333
BRA,2001,25.504416666666668,12,0.16991666666666663
BRA,2002,25.80033333333333,12,0.16075
BRA,2003,25.621,12,0.23108333333333334
BRA,2004,25.4965,12,0.19799999999999998
BRA,2005,25.806,12,0.16375
BRA,2006,25.517,12,0.236
BRA,2007,25.668000000000003,12,0.16733333333333333
BRA,2008,25.41033333333333,12,0.16258333333333333
BRA,2009,25.600583333333333,12,0.18566666666666667
BRB,1960,26.926416666666668,12,0.30491666666666667
BRB,1961,26.809,12,0.37975000000000003
BRB,1962,26.849,12,0.3611666666666667
BRB,1963,26.96141666666667,12,0.34208333333333335
BRB,1964,26.673333333333336,12,0.3213333333333333
BRB,1965,26.636750000000003,12,0.3611666666666667
BRB,1966,26.729,12,0.3243333333333333
BRB,1967,26.48175,12,0.36575
BRB,1968,26.50191666666667,12,0.3745833333333333
BRB,1969,27.107416666666666,12,0.3030833333333333
BRB,1970,26.76991666666667,12,0.3526666666666667
BRB,1971,26.444916666666668,12,0.24575
BRB,1972,26.6925,12,0.28975
BRB,1973,26.79325,12,0.27108333333333334
BRB,1974,26.465000000000003,12,0.31575000000000003
BRB,1975,26.373250000000002,12,0.33549999999999996
BRB,1976,26.287333333333333,12,0.33941666666666664
BRB,1977,26.757333333333335,12,0.27566666666666667
BRB,1978,26.918833333333335,12,0.30183333333333334
BRB,1979,26.844166666666666,12,0.3239166666666667
BRB,1980,27.14725,12,0.31958333333333333
BRB,1981,27.11225,12,0.2754166666666667
BRB,1982,26.8155,12,0.25316666666666665
BRB,1983,26.983333333333334,12,0.283
BRB,1984,26.625416666666666,12,0.25566666666666665
BRB,1985,26.552583333333335,12,0.25216666666666665
BRB,1986,26.659583333333334,12,0.2514166666666667
BRB,1987,27.335166666666666,12,0.28741666666666665
BRB,1988,27.01391666666667,12,0.2705
BRB,1989,26.752166666666668,12,0.27133333333333337
BRB,1990,26.94316666666667,12,0.26966666666666667
BRB,1991,26.89316666666667,12,0.2890833333333333
BRB,1992,26.904666666666667,12,0.28325
BRB,1993,27.056833333333334,12,0.21
BRB,1994,26.960083333333333,12,0.27458333333333335
BRB,1995,27.326000000000004,12,0.24133333333333332
BRB,1996,27.01825,12,0.23775000000000002
BRB,1997,27.239333333333335,12,0.22116666666666665
BRB,1998,27.625083333333336,12,0.21325000000000002
BRB,1999,27.140833333333337,12,0.21291666666666667
BRB,2000,26.902083333333337,12,0.20483333333333334
BRB,2001,27.221833333333336,12,0.22475
BRB,2002,27.26608333333333,12,0.21633333333333335
BRB,2003,27.440083333333334,12,0.25075
BRB,2004,27.22541666666667,12,0.26258333333333334
BRB,2005,27.67716666666667,12,0.22491666666666665
BRB,2006,27.50225,12,0.24475
BRB,2007,27.366416666666666,12,0.21858333333333332
BRB,2008,27.003833333333333,12,0.22066666666666668
BRB,2009,27.320333333333334,12,0.2434166666666667
BTN,1960,12.42525,12,0.353
BTN,1961,12.00925,12,0.3060833333333333
BTN,1962,11.834000000000001,12,0.4334166666666666
BTN,1963,11.748249999999999,12,0.3106666666666667
BTN,1964,12.237416666666666,12,0.4145833333333333
BTN,1965,11.61125,12,0.34008333333333335
BTN,1966,12.250333333333332,12,0.3065833333333333
BTN,1967,11.717916666666667,12,0.3135
BTN,1968,11.634333333333332,12,0.33158333333333334
BTN,1969,12.289916666666665,12,0.35883333333333334
BTN,1970,12.107166666666666,12,0.3275
BTN,1971,11.768416666666667,12,0.31416666666666665
BTN,1972,12.121249999999998,12,0.3729166666666666
BTN,1973,12.380333333333333,12,0.34850000000000003
BTN,1974,12.194416666666667,12,0.38275
BTN,1975,12.248249999999999,12,0.38075
BTN,1976,12.259333333333332,12,0.3184166666666667
BTN,1977,12.00475,12,0.38008333333333333
BTN,1978,11.875166666666667,12,0.38683333333333336
BTN,1979,12.443416666666666,12,0.41533333333333333
BTN,1980,12.231583333333333,12,0.36925
BTN,1981,12.058750000000002,12,0.4178333333333333
BTN,1982,12.045,12,0.3429166666666667
BTN,1983,11.73975,12,0.3765
BTN,1984,12.296333333333331,12,0.32366666666666666
BTN,1985,12.404333333333334,12,0.3879166666666667
BTN,1986,11.993666666666664,12,0.32358333333333333
BTN,1987,12.320500000000001,12,0.3480833333333333
BTN,1988,12.656166666666666,12,0.34274999999999994
BTN,1989,12.250333333333336,12,0.30541666666666667
BTN,1990,12.205583333333335,12,0.336
BTN,1991,11.994666666666667,12,0.268
BTN,1992,11.826833333333333,12,0.3423333333333334
BTN,1993,12.08775,12,0.36566666666666664
BTN,1994,12.299666666666667,12,0.33966666666666673
BTN,1995,12.428416666666665,12,0.30058333333333337
BTN,1996,12.374666666666664,12,0.38625
BTN,1997,11.578833333333334,12,0.3020833333333333
BTN,1998,12.589833333333333,12,0.2743333333333333
BTN,1999,12.814916666666667,12,0.2950833333333333
BTN,2000,11.998416666666666,12,0.31116666666666665
BTN,2001,12.42575,12,0.389
BTN,2002,12.180333333333332,12,0.36225
BTN,2003,12.232583333333332,12,0.37525000000000003
BTN,2004,12.208083333333333,12,0.3785
BTN,2005,12.445916666666667,12,0.32466666666666666
BTN,2006,12.854,12,0.39949999999999997
BTN,2007,12.6995,12,0.3114166666666667
BTN,2008,12.456333333333333,12,0.39758333333333334
BTN,2009,13.11475,12,0.3515
BWA,1960,22.15133333333333,12,0.3666666666666667
BWA,1961,22.15725,12,0.32025
BWA,1962,22.222416666666664,12,0.3518333333333333
BWA,1963,21.49325,12,0.35600000000000004
BWA,1964,22.027833333333334,12,0.2754166666666667
BWA,1965,22.242083333333337,12,0.3725
BWA,1966,22.409916666666664,12,0.31875
BWA,1967,21.632500000000004,12,0.3298333333333333
BWA,1968,21.930000000000003,12,0.3145833333333333
BWA,1969,22.312083333333334,12,0.37566666666666665
BWA,1970,22.855833333333333,12,0.3473333333333333
BWA,1971,22.080916666666667,12,0.2786666666666667
BWA,1972,22.05816666666667,12,0.3601666666666667
BWA,1973,22.373,12,0.3368333333333333
BWA,1974,21.223666666666666,12,0.3183333333333333
BWA,1975,21.67025,12,0.3199166666666667
BWA,1976,21.144250000000003,12,0.3129166666666667
BWA,1977,22.063916666666668,12,0.27841666666666665
BWA,1978,21.693833333333334,12,0.39625
BWA,1979,22.365750000000002,12,0.333
BWA,1980,21.845916666666668,12,0.29383333333333334
BWA,1981,21.605666666666664,12,0.32216666666666666
BWA,1982,22.48783333333333,12,0.28525
BWA,1983,22.964416666666665,12,0.37975000000000003
BWA,1984,22.52591666666667,12,0.43533333333333335
BWA,1985,22.27266666666667,12,0.36125
BWA,1986,22.308333333333334,12,0.36674999999999996
BWA,1987,23.144333333333336,12,0.39766666666666667
BWA,1988,22.25316666666667,12,0.445
BWA,1989,22.104166666666668,12,0.50375
BWA,1990,22.944833333333335,12,0.4330833333333333
BWA,1991,22.05966666666667,12,0.35391666666666666
BWA,1992,23.290833333333335,12,0.35108333333333336
BWA,1993,22.680750000000003,12,0.34325
BWA,1994,22.379166666666666,12,0.32341666666666663
BWA,1995,23.213833333333337,12,0.35641666666666666
BWA,1996,22.19966666666667,12,0.3433333333333333
BWA,1997,22.33683333333333,12,0.27325
BWA,1998,23.07058333333333,12,0.33991666666666664
BWA,1999,22.977999999999998,12,0.3084166666666667
BWA,2000,21.872333333333334,12,0.2833333333333333
BWA,2001,22.3505,12,0.31883333333333336
BWA,2002,22.98566666666667,12,0.33825
BWA,2003,23.395166666666668,12,0.43191666666666667
BWA,2004,22.346083333333336,12,0.335
BWA,2005,23.36883333333333,12,0.33383333333333337
BWA,2006,21.804000000000002,12,0.39408333333333334
BWA,2007,22.400500000000005,12,0.38233333333333336
BWA,2008,22.311166666666665,12,0.40199999999999997
BWA,2009,22.139750000000003,12,0.39825
CAF,1960,25.402500000000003,12,0.313
CAF,1961,25.11175,12,0.29133333333333333
CAF,1962,25.129166666666666,12,0.3500833333333333
CAF,1963,25.34675,12,0.27908333333333335
CAF,1964,25.15275,12,0.29425
CAF,1965,25.27208333333333,12,0.29116666666666663
CAF,1966,25.361083333333337,12,0.3080833333333333
CAF,1967,25.114416666666667,12,0.2824166666666667
CAF,1968,25.143833333333333,12,0.26916666666666667
CAF,1969,25.48466666666667,12,0.237
CAF,1970,25.42975,12,0.23791666666666667
CAF,1971,25.10066666666667,12,0.23366666666666666
CAF,1972,25.45141666666667,12,0.27416666666666667
CAF,1973,25.804666666666666,12,0.30016666666666664
CAF,1974,25.142083333333336,12,0.24608333333333332
CAF,1975,25.26325,12,0.27591666666666664
CAF,1976,25.28616666666667,12,0.2801666666666667
CAF,1977,25.477,12,0.2549166666666667
CAF,1978,25.399,12,0.23416666666666666
CAF,1979,25.676583333333337,12,0.24383333333333335
CAF,1980,25.7865,12,0.284
CAF,1981,25.276,12,0.3665
CAF,1982,25.257166666666667,12,0.40225
CAF,1983,25.590166666666665,12,0.3425833333333333
CAF,1984,25.295416666666668,12,0.3769166666666666
CAF,1985,25.308833333333336,12,0.37325
CAF,1986,25.50566666666667,12,0.3476666666666666
CAF,1987,25.867500000000003,12,0.34391666666666665
CAF,1988,25.534000000000002,12,0.3295
CAF,1989,25.31833333333333,12,0.4056666666666667
CAF,1990,25.71591666666667,12,0.58225
CAF,1991,25.699833333333334,12,0.7381666666666667
CAF,1992,25.092083333333335,12,0.47408333333333336
CAF,1993,25.74875,12,0.40875
CAF,1994,25.68275,12,0.435
CAF,1995,25.631833333333333,12,0.49874999999999997
CAF,1996,25.717250000000003,12,0.4766666666666666
CAF,1997,26.042666666666666,12,0.64475
CAF,1998,26.204333333333334,12,0.39283333333333337
CAF,1999,25.46941666666667,12,0.4103333333333334
CAF,2000,25.613333333333333,12,0.4156666666666667
CAF,2001,25.710166666666666,12,0.48700000000000004
CAF,2002,25.81941666666667,12,0.4435833333333334
CAF,2003,26.014833333333332,12,0.4775833333333333
CAF,2004,26.14,12,0.5606666666666666
CAF,2005,26.332166666666666,12,0.5980833333333333
CAF,2006,26.205083333333334,12,0.60675
CAF,2007,26.067833333333336,12,0.5095
CAF,2008,25.968666666666667,12,0.4250833333333333
CAF,2009,26.51091666666667,12,0.45649999999999996
CAN,1960,-4.406833333333334,12,0.25775
CAN,1961,-5.0681666666666665,12,0.245
CAN,1962,-4.873833333333333,12,0.29425
CAN,1963,-4.6120833333333335,12,0.24750000000000003
CAN,1964,-5.457000000000001,12,0.26708333333333334
CAN,1965,-5.516666666666666,12,0.26833333333333337
CAN,1966,-5.141333333333333,12,0.23758333333333334
CAN,1967,-5.2820833333333335,12,0.24558333333333335
CAN,1968,-4.6457500000000005,12,0.21833333333333335
CAN,1969,-4.5023333333333335,12,0.23675000000000002
CAN,1970,-5.103166666666667,12,0.24350000000000002
CAN,1971,-4.869583333333334,12,0.2295
CAN,1972,-6.802916666666667,12,0.2519166666666667
CAN,1973,-4.1795,12,0.24091666666666667
CAN,1974,-5.6410833333333334,12,0.23275
CAN,1975,-4.945666666666667,12,0.25333333333333335
CAN,1976,-4.790416666666667,12,0.251
CAN,1977,-3.84075,12,0.24675
CAN,1978,-5.3004999999999995,12,0.242
CAN,1979,-5.00575,12,0.23558333333333334
CAN,1980,-4.416916666666666,12,0.26216666666666666
CAN,1981,-2.86725,12,0.27599999999999997
CAN,1982,-5.875166666666668,12,0.24950000000000003
CAN,1983,-4.75175,12,0.24058333333333334
CAN,1984,-4.634250000000001,12,0.24325
CAN,1985,-4.901166666666666,12,0.24758333333333335
CAN,1986,-4.843916666666666,12,0.24449999999999997
CAN,1987,-3.3433333333333333,12,0.23775000000000002
CAN,1988,-4.125166666666666,12,0.23124999999999998
CAN,1989,-5.073333333333333,12,0.24933333333333332
CAN,1990,-5.021916666666667,12,0.27125
CAN,1991,-4.426666666666667,12,0.20866666666666667
CAN,1992,-4.928916666666667,12,0.27166666666666667
CAN,1993,-4.4014999999999995,12,0.2205
CAN,1994,-4.433666666666666,12,0.24683333333333335
CAN,1995,-4.314333333333333,12,0.22466666666666668
CAN,1996,-4.941166666666667,12,0.22374999999999998
CAN,1997,-4.2315000000000005,12,0.22224999999999998
CAN,1998,-2.553916666666666,12,0.22991666666666666
CAN,1999,-3.1863333333333332,12,0.21824999999999997
CAN,2000,-4.025916666666666,12,0.22466666666666668
CAN,2001,-3.1000833333333326,12,0.23716666666666666
CAN,2002,-4.362833333333334,12,0.23725
CAN,2003,-3.8595000000000006,12,0.2635
CAN,2004,-4.9230833333333335,12,0.23224999999999998
CAN,2005,-3.30875,12,0.2050833333333333
CAN,2006,-2.4601666666666664,12,0.22075
CAN,2007,-4.0609166666666665,12,0.21366666666666667
CAN,2008,-4.29525,12,0.21991666666666665
CAN,2009,-4.135083333333333,12,0.23183333333333334
CHE,1960,7.2132499999999995,12,0.29791666666666666
CHE,1961,8.158,12,0.26675
CHE,1962,6.487416666666667,12,0.26808333333333334
CHE,1963,6.317083333333334,12,0.30125
CHE,1964,7.392,12,0.272
CHE,1965,6.465583333333334,12,0.33416666666666667
CHE,1966,7.438666666666666,12,0.26891666666666664
CHE,1967,7.483416666666667,12,0.2764166666666667
CHE,1968,7.061916666666666,12,0.2544166666666667
CHE,1969,6.777583333333333,12,0.28891666666666665
CHE,1970,6.820666666666667,12,0.26875
CHE,1971,7.264166666666667,12,0.32558333333333334
CHE,1972,6.903416666666666,12,0.3055833333333333
CHE,1973,6.9614166666666675,12,0.22816666666666666
CHE,1974,7.470083333333334,12,0.25933333333333336
CHE,1975,7.44725,12,0.30583333333333335
CHE,1976,7.3615,12,0.3176666666666667
CHE,1977,7.37675,12,0.24041666666666664
CHE,1978,6.602666666666667,12,0.26075
CHE,1979,7.087416666666667,12,0.22916666666666666
CHE,1980,6.5384166666666665,12,0.21833333333333335
CHE,1981,7.128916666666668,12,0.23566666666666666
CHE,1982,7.798583333333334,12,0.19775
CHE,1983,7.794833333333334,12,0.22166666666666668
CHE,1984,6.82275,12,0.264
CHE,1985,6.881583333333334,12,0.2416666666666667
CHE,1986,7.152083333333334,12,0.22608333333333333
CHE,1987,7.137083333333333,12,0.20575000000000002
CHE,1988,7.9245833333333335,12,0.18741666666666668
CHE,1989,8.135916666666667,12,0.241
CHE,1990,8.255583333333334,12,0.23208333333333334
CHE,1991,7.405000000000001,12,0.2225
CHE,1992,8.059666666666667,12,0.25608333333333333
CHE,1993,7.617333333333334,12,0.22216666666666665
CHE,1994,8.821083333333332,12,0.24441666666666664
CHE,1995,7.751916666666666,12,0.20808333333333331
CHE,1996,6.974583333333334,12,0.21999999999999997
CHE,1997,8.212416666666668,12,0.26266666666666666
CHE,1998,7.957999999999999,12,0.22916666666666666
CHE,1999,7.902833333333334,12,0.19525
CHE,2000,8.562666666666667,12,0.23558333333333334
CHE,2001,7.97975,12,0.23866666666666667
CHE,2002,8.484833333333333,12,0.21133333333333335
CHE,2003,8.669749999999999,12,0.23916666666666667
CHE,2004,7.8460833333333335,12,0.216
CHE,2005,7.573916666666666,12,0.18375
CHE,2006,8.33775,12,0.21475
CHE,2007,8.55275,12,0.20091666666666666
CHE,2008,8.109666666666667,12,0.19666666666666666
CHE,2009,8.300666666666666,12,0.20225
CHL,1960,9.754166666666666,12,0.3730833333333334
CHL,1961,9.495333333333333,12,0.3349166666666667
CHL,1962,9.834083333333334,12,0.35916666666666663
CHL,1963,9.629,12,0.3086666666666667
CHL,1964,9.435833333333333,12,0.31716666666666665
CHL,1965,9.706583333333333,12,0.31958333333333333
CHL,1966,9.497916666666667,12,0.3345833333333333
CHL,1967,9.568583333333335,12,0.30233333333333334
CHL,1968,9.876916666666666,12,0.3741666666666667
CHL,1969,9.863333333333335,12,0.29625
CHL,1970,9.65375,12,0.26699999999999996
CHL,1971,9.160166666666667,12,0.2743333333333333
CHL,1972,9.586083333333333,12,0.28741666666666665
CHL,1973,9.413333333333332,12,0.29083333333333333
CHL,1974,9.291500000000001,12,0.28725
CHL,1975,9.418333333333333,12,0.304
CHL,1976,9.34525,12,0.3010833333333333
CHL,1977,10.014666666666667,12,0.2764166666666667
CHL,1978,9.958083333333333,12,0.27508333333333335
CHL,1979,9.79725,12,0.2851666666666666
CHL,1980,9.90375,12,0.2165
CHL,1981,9.955083333333333,12,0.2718333333333333
CHL,1982,10.050333333333333,12,0.27825
CHL,1983,10.310166666666666,12,0.30691666666666667
CHL,1984,9.4425,12,0.255
CHL,1985,10.039916666666667,12,0.27125
CHL,1986,9.8375,12,0.24483333333333332
CHL,1987,10.271583333333334,12,0.2335
CHL,1988,9.72525,12,0.26825
CHL,1989,10.0245,12,0.28825
CHL,1990,9.83125,12,0.26916666666666667
CHL,1991,9.725416666666666,12,0.24683333333333332
CHL,1992,9.73775,12,0.315
CHL,1993,9.944583333333332,12,0.29325
CHL,1994,10.054333333333334,12,0.3005833333333333
CHL,1995,9.784916666666666,12,0.3124166666666667
CHL,1996,9.758000000000001,12,0.2860833333333333
CHL,1997,10.337,12,0.3305
CHL,1998,10.292416666666666,12,0.3153333333333333
CHL,1999,9.829583333333334,12,0.2763333333333333
CHL,2000,9.564083333333334,12,0.26575
CHL,2001,9.819666666666667,12,0.3496666666666666
CHL,2002,9.742416666666665,12,0.28425
CHL,2003,10.078416666666667,12,0.33266666666666667
CHL,2004,10.205833333333333,12,0.28658333333333336
CHL,2005,9.891833333333333,12,0.28425
CHL,2006,10.174,12,0.34041666666666665
CHL,2007,9.489916666666668,12,0.30791666666666667
CHL,2008,10.1625,12,0.3223333333333333
CHL,2009,9.994416666666666,12,0.28191666666666665
CHN,1960,6.890916666666667,12,0.23091666666666666
CHN,1961,7.050583333333333,12,0.212
CHN,1962,6.703666666666667,12,0.2774166666666667
CHN,1963,7.052499999999999,12,0.21083333333333332
CHN,1964,6.746083333333334,12,0.20891666666666667
CHN,1965,6.799916666666667,12,0.23991666666666667
CHN,1966,6.962,12,0.18400000000000002
CHN,1967,6.402583333333333,12,0.207
CHN,1968,6.727,12,0.1805
CHN,1969,6.4559999999999995,12,0.19066666666666665
CHN,1970,6.5681666666666665,12,0.19083333333333333
CHN,1971,6.84625,12,0.17591666666666664
CHN,1972,6.814416666666667,12,0.17400000000000002
CHN,1973,7.209583333333334,12,0.19116666666666668
CHN,1974,6.659416666666666,12,0.2018333333333333
CHN,1975,7.1009166666666665,12,0.20266666666666666
CHN,1976,6.471166666666666,12,0.19783333333333333
CHN,1977,6.851333333333334,12,0.18625
CHN,1978,7.048166666666667,12,0.21333333333333335
CHN,1979,7.074083333333333,12,0.1689166666666667
CHN,1980,6.950083333333333,12,0.14391666666666666
CHN,1981,6.926416666666667,12,0.19174999999999998
CHN,1982,7.14975,12,0.17508333333333334
CHN,1983,6.925083333333334,12,0.1855
CHN,1984,6.5179166666666655,12,0.17591666666666664
CHN,1985,6.7402500000000005,12,0.1978333333333333
CHN,1986,6.870166666666666,12,0.18625
CHN,1987,7.249,12,0.15875
CHN,1988,7.220833333333332,12,0.1755833333333333
CHN,1989,7.23975,12,0.2031666666666667
CHN,1990,7.636,12,0.1845
CHN,1991,7.097166666666666,12,0.15558333333333332
CHN,1992,6.858416666666667,12,0.19825
CHN,1993,6.919416666666667,12,0.17266666666666666
CHN,1994,7.4959999999999996,12,0.18458333333333332
CHN,1995,7.2115833333333335,12,0.15808333333333333
CHN,1996,6.962666666666667,12,0.15525
CHN,1997,7.367333333333334,12,0.16383333333333333
CHN,1998,8.051833333333333,12,0.13641666666666666
CHN,1999,7.84025,12,0.151
CHN,2000,7.238083333333333,12,0.17558333333333334
CHN,2001,7.596416666666666,12,0.17425000000000002
CHN,2002,7.7956666666666665,12,0.1688333333333333
CHN,2003,7.521999999999999,12,0.21783333333333332
CHN,2004,7.71275,12,0.19625
CHN,2005,7.4135,12,0.169
CHN,2006,7.948,12,0.18975
CHN,2007,8.12675,12,0.13575
CHN,2008,7.566083333333334,12,0.17116666666666666
CHN,2009,7.8095,12,0.16908333333333334
CIV,1960,26.143,12,0.25375
CIV,1961,26.067583333333335,12,0.2851666666666667
CIV,1962,26.009416666666667,12,0.3114166666666667
CIV,1963,26.299083333333332,12,0.2763333333333333
CIV,1964,25.87075,12,0.28400000000000003
CIV,1965,25.862583333333333,12,0.32858333333333334
CIV,1966,26.187166666666666,12,0.277
CIV,1967,25.8055,12,0.24283333333333335
CIV,1968,26.058916666666665,12,0.23175
CIV,1969,26.420416666666668,12,0.2535
CIV,1970,26.317916666666665,12,0.22916666666666666
CIV,1971,25.868,12,0.19308333333333336
CIV,1972,26.143083333333333,12,0.20041666666666666
CIV,1973,26.578000000000003,12,0.21433333333333335
CIV,1974,25.94541666666667,12,0.21091666666666667
CIV,1975,25.846416666666666,12,0.24133333333333332
CIV,1976,25.675749999999997,12,0.26616666666666666
CIV,1977,26.284333333333333,12,0.24725
CIV,1978,26.133750000000003,12,0.2548333333333333
CIV,1979,26.414083333333334,12,0.19666666666666666
CIV,1980,26.327749999999998,12,0.2353333333333333
CIV,1981,26.34175,12,0.22141666666666668
CIV,1982,26.02425,12,0.25325000000000003
CIV,1983,26.601249999999997,12,0.26366666666666666
CIV,1984,26.360166666666668,12,0.23875
CIV,1985,26.141000000000002,12,0.30775
CIV,1986,26.12183333333333,12,0.30133333333333334
CIV,1987,27.002416666666665,12,0.32816666666666666
CIV,1988,26.494333333333334,12,0.25416666666666665
CIV,1989,26.393333333333334,12,0.2896666666666667
CIV,1990,26.498500000000003,12,0.39158333333333334
CIV,1991,26.334666666666667,12,0.2705
CIV,1992,26.17725,12,0.3235
CIV,1993,26.322833333333335,12,0.29424999999999996
CIV,1994,26.24825,12,0.22658333333333333
CIV,1995,26.4645,12,0.24475000000000002
CIV,1996,26.423333333333332,12,0.27091666666666664
CIV,1997,26.460833333333337,12,0.2558333333333333
CIV,1998,27.040666666666667,12,0.24741666666666665
CIV,1999,26.414583333333336,12,0.2798333333333333
CIV,2000,26.402333333333335,12,0.2900833333333333
CIV,2001,26.673333333333332,12,0.5121666666666667
CIV,2002,26.769666666666666,12,0.4364166666666667
CIV,2003,26.939333333333334,12,0.4053333333333333
CIV,2004,26.82858333333333,12,0.30883333333333335
CIV,2005,26.914916666666667,12,0.33041666666666664
CIV,2006,26.7915,12,0.4028333333333333
CIV,2007,26.944583333333338,12,0.26016666666666666
CIV,2008,26.75825,12,0.4114166666666667
CIV,2009,26.93433333333333,12,0.4251666666666667
CMR,1960,24.50775,12,0.23775000000000002
CMR,1961,24.25391666666667,12,0.2643333333333333
CMR,1962,24.363166666666668,12,0.2693333333333333
CMR,1963,24.553833333333333,12,0.2628333333333333
CMR,1964,24.292083333333334,12,0.22999999999999998
CMR,1965,24.33491666666667,12,0.2628333333333333
CMR,1966,24.499166666666667,12,0.21933333333333335
CMR,1967,24.3655,12,0.23716666666666666
CMR,1968,24.355833333333333,12,0.23883333333333331
CMR,1969,24.655,12,0.22175
CMR,1970,24.610416666666666,12,0.23066666666666666
CMR,1971,24.252166666666668,12,0.26908333333333334
CMR,1972,24.532583333333335,12,0.215
CMR,1973,24.907583333333335,12,0.247
CMR,1974,24.231833333333338,12,0.22741666666666668
CMR,1975,24.23025,12,0.26008333333333333
CMR,1976,24.294083333333333,12,0.26333333333333336
CMR,1977,24.681166666666666,12,0.244
CMR,1978,24.50725,12,0.24675
CMR,1979,24.786916666666666,12,0.22741666666666668
CMR,1980,24.76875,12,0.23858333333333334
CMR,1981,24.300416666666667,12,0.3368333333333333
CMR,1982,24.296083333333332,12,0.33066666666666666
CMR,1983,24.676333333333332,12,0.3001666666666667
CMR,1984,24.483333333333334,12,0.33575
CMR,1985,24.375083333333333,12,0.28641666666666665
CMR,1986,24.50691666666667,12,0.318
CMR,1987,25.019333333333332,12,0.31033333333333335
CMR,1988,24.677000000000003,12,0.26333333333333336
CMR,1989,24.21875,12,0.30641666666666667
CMR,1990,24.889666666666667,12,0.48266666666666663
CMR,1991,24.733833333333333,12,0.5241666666666667
CMR,1992,24.29733333333333,12,0.349
CMR,1993,24.66225,12,0.32958333333333334
CMR,1994,24.631666666666664,12,0.39724999999999994
CMR,1995,24.817999999999998,12,0.44683333333333336
CMR,1996,24.70075,12,0.4399166666666667
CMR,1997,24.817333333333334,12,0.48741666666666666
CMR,1998,25.323083333333333,12,0.33325
CMR,1999,24.656166666666667,12,0.39208333333333334
CMR,2000,24.613,12,0.3725833333333333
CMR,2001,24.65191666666667,12,0.4331666666666667
CMR,2002,24.95025,12,0.4331666666666667
CMR,2003,25.012333333333334,12,0.4195
CMR,2004,25.170833333333334,12,0.46075
CMR,2005,25.267833333333332,12,0.5359166666666667
CMR,2006,25.29341666666667,12,0.5066666666666667
CMR,2007,25.209833333333336,12,0.5324166666666666
CMR,2008,25.12108333333333,12,0.4628333333333334
CMR,2009,25.40733333333333,12,0.4234166666666667
COD,1960,23.767333333333337,12,0.2763333333333333
COD,1961,23.7915,12,0.23766666666666666
COD,1962,23.730166666666666,12,0.22125000000000003
COD,1963,23.75583333333333,12,0.23416666666666666
COD,1964,23.671916666666664,12,0.3095
COD,1965,23.691000000000003,12,0.2555
COD,1966,23.876,12,0.2775
COD,1967,23.64075,12,0.21908333333333332
COD,1968,23.62483333333333,12,0.24283333333333332
COD,1969,24.00491666666667,12,0.24933333333333332
COD,1970,23.964583333333334,12,0.24733333333333332
COD,1971,23.569583333333338,12,0.19041666666666668
COD,1972,23.951583333333332,12,0.1855
COD,1973,24.168916666666664,12,0.23224999999999998
COD,1974,23.659583333333334,12,0.2068333333333333
COD,1975,23.681,12,0.24383333333333335
COD,1976,23.676166666666663,12,0.21275
COD,1977,24.085166666666666,12,0.20558333333333334
COD,1978,24.006583333333335,12,0.23099999999999998
COD,1979,24.170083333333334,12,0.26158333333333333
COD,1980,24.204083333333333,12,0.27133333333333337
COD,1981,24.067833333333336,12,0.31266666666666665
COD,1982,23.931166666666666,12,0.34008333333333335
COD,1983,24.370166666666666,12,0.3511666666666666
COD,1984,23.996583333333334,12,0.28541666666666665
COD,1985,23.857833333333332,12,0.341
COD,1986,23.981333333333335,12,0.36116666666666664
COD,1987,24.583250000000003,12,0.24966666666666668
COD,1988,24.32241666666667,12,0.3249166666666667
COD,1989,23.915166666666668,12,0.4464166666666667
COD,1990,24.206999999999997,12,0.32008333333333333
COD,1991,24.06325,12,0.40091666666666664
COD,1992,24.132583333333333,12,0.4010833333333333
COD,1993,24.086166666666667,12,0.3646666666666667
COD,1994,24.225250000000003,12,0.3626666666666667
COD,1995,24.469916666666666,12,0.36308333333333337
COD,1996,24.19775,12,0.4103333333333334
COD,1997,24.535666666666668,12,0.35441666666666666
COD,1998,24.737333333333336,12,0.3411666666666667
COD,1999,24.01275,12,0.4131666666666667
COD,2000,24.206166666666665,12,0.42841666666666667
COD,2001,24.256249999999998,12,0.44808333333333333
COD,2002,24.562749999999998,12,0.3945
COD,2003,24.567333333333334,12,0.41324999999999995
COD,2004,24.547749999999997,12,0.4943333333333333
COD,2005,24.982083333333335,12,0.4940833333333334
COD,2006,24.526916666666665,12,0.46741666666666665
COD,2007,24.38508333333333,12,0.3819166666666667
COD,2008,24.341333333333335,12,0.4136666666666667
COD,2009,24.541666666666668,12,0.4415
COG,1960,24.59025,12,0.22416666666666665
COG,1961,24.365333333333336,12,0.22916666666666666
COG,1962,24.56925,12,0.24891666666666667
COG,1963,24.6915,12,0.2255
COG,1964,24.45141666666667,12,0.21741666666666667
COG,1965,24.452166666666667,12,0.25616666666666665
COG,1966,24.69825,12,0.20441666666666666
COG,1967,24.437750000000005,12,0.22266666666666668
COG,1968,24.426166666666663,12,0.19083333333333333
COG,1969,24.6965,12,0.2215
COG,1970,24.741083333333332,12,0.19016666666666668
COG,1971,24.326333333333334,12,0.23716666666666666
COG,1972,24.55933333333333,12,0.24625
COG,1973,24.91325,12,0.21291666666666664
COG,1974,24.367333333333335,12,0.216
COG,1975,24.39325,12,0.24608333333333332
COG,1976,24.259666666666664,12,0.26275
COG,1977,24.76125,12,0.22608333333333333
COG,1978,24.608999999999998,12,0.21641666666666667
COG,1979,24.89108333333333,12,0.2021666666666667
COG,1980,24.7565,12,0.2323333333333333
COG,1981,24.60025,12,0.24416666666666667
COG,1982,24.433333333333334,12,0.24558333333333335
COG,1983,24.88191666666667,12,0.29025
COG,1984,24.71375,12,0.257
COG,1985,24.514,12,0.23375
COG,1986,24.5805,12,0.22141666666666668
COG,1987,25.13025,12,0.23308333333333334
COG,1988,24.917666666666666,12,0.239
COG,1989,24.605500000000003,12,0.2785
COG,1990,24.766499999999997,12,0.26133333333333336
COG,1991,24.8215,12,0.3276666666666667
COG,1992,24.549833333333336,12,0.2818333333333333
COG,1993,24.679833333333335,12,0.23266666666666666
COG,1994,24.842916666666667,12,0.25175
COG,1995,25.09691666666667,12,0.3099166666666667
COG,1996,24.668000000000003,12,0.34108333333333335
COG,1997,25.0605,12,0.32875000000000004
COG,1998,25.540499999999998,12,0.26458333333333334
COG,1999,24.8125,12,0.33258333333333334
COG,2000,24.786,12,0.32208333333333333
COG,2001,24.732916666666668,12,0.5524166666666667
COG,2002,25.047666666666668,12,0.393
COG,2003,25.056749999999997,12,0.34041666666666665
COG,2004,25.12816666666667,12,0.34833333333333333
COG,2005,25.268916666666666,12,0.3085833333333334
COG,2006,25.282666666666668,12,0.40791666666666665
COG,2007,25.22975,12,0.4031666666666667
COG,2008,25.292416666666668,12,0.49008333333333337
COG,2009,25.349249999999998,12,0.401
COL,1960,24.946833333333334,12,0.29958333333333337
COL,1961,25.05,12,0.30283333333333334
COL,1962,25.000833333333333,12,0.27391666666666664
COL,1963,25.050250000000002,12,0.2525
COL,1964,24.979166666666668,12,0.26866666666666666
COL,1965,25.05316666666667,12,0.27699999999999997
COL,1966,25.206083333333336,12,0.2333333333333333
COL,1967,24.84425,12,0.27991666666666665
COL,1968,24.814833333333336,12,0.26283333333333336
COL,1969,25.181083333333333,12,0.2784166666666667
COL,1970,24.931250000000002,12,0.22191666666666665
COL,1971,24.55741666666667,12,0.23099999999999998
COL,1972,25.039583333333336,12,0.22491666666666665
COL,1973,25.178750000000004,12,0.25816666666666666
COL,1974,24.656833333333335,12,0.2853333333333333
COL,1975,24.605583333333332,12,0.2510833333333333
COL,1976,24.773666666666667,12,0.2505
COL,1977,25.294833333333333,12,0.22624999999999998
COL,1978,25.122249999999998,12,0.25325000000000003
COL,1979,25.205333333333332,12,0.24458333333333335
COL,1980,25.43275,12,0.1825
COL,1981,25.144500000000004,12,0.26058333333333333
COL,1982,25.191083333333335,12,0.2510833333333333
COL,1983,25.63475,12,0.22283333333333333
COL,1984,24.88366666666667,12,0.26
COL,1985,25.01266666666667,12,0.25425000000000003
COL,1986,25.01308333333333,12,0.29458333333333336
COL,1987,25.632499999999997,12,0.2515
COL,1988,25.213416666666664,12,0.25625
COL,1989,24.863583333333334,12,0.24375
COL,1990,25.219166666666666,12,0.2961666666666667
COL,1991,25.341833333333337,12,0.23516666666666666
COL,1992,25.533583333333336,12,0.3244166666666667
COL,1993,25.20641666666667,12,0.29983333333333334
COL,1994,25.16241666666667,12,0.2685
COL,1995,25.492833333333333,12,0.25633333333333336
COL,1996,25.14991666666667,12,0.22783333333333333
COL,1997,25.580000000000002,12,0.2668333333333333
COL,1998,25.879166666666666,12,0.22624999999999998
COL,1999,24.870666666666665,12,0.2325
COL,2000,25.030166666666663,12,0.249
COL,2001,25.411916666666666,12,0.2860833333333333
COL,2002,25.570750000000004,12,0.26133333333333336
COL,2003,25.655333333333335,12,0.28891666666666665
COL,2004,25.553916666666666,12,0.24433333333333332
COL,2005,25.670833333333334,12,0.235
COL,2006,25.476583333333334,12,0.27108333333333334
COL,2007,25.494,12,0.21775
COL,2008,25.153916666666664,12,0.24825
COL,2009,25.618333333333336,12,0.27166666666666667
COM,1960,25.66775,12,0.27475
COM,1961,26.212,12,0.31275000000000003
COM,1962,25.8355,12,0.29975
COM,1963,25.466083333333334,12,0.265
COM,1964,25.469083333333334,12,0.23975
COM,1965,25.390666666666664,12,0.31525
COM,1966,25.90591666666667,12,0.30541666666666667
COM,1967,25.892750000000003,12,0.29033333333333333
COM,1968,25.4145,12,0.26558333333333334
COM,1969,26.133499999999998,12,0.22708333333333333
COM,1970,25.91,12,0.27516666666666667
COM,1971,25.379166666666666,12,0.365
COM,1972,25.806833333333334,12,0.28291666666666665
COM,1973,25.868083333333335,12,0.26399999999999996
COM,1974,25.459500000000002,12,0.34358333333333335
COM,1975,25.660666666666668,12,0.27999999999999997
COM,1976,25.69475,12,0.23058333333333333
COM,1977,26.207166666666666,12,0.23575
COM,1978,25.885666666666665,12,0.29025
COM,1979,25.922,12,0.28841666666666665
COM,1980,25.927916666666665,12,0.23758333333333334
COM,1981,25.944166666666664,12,0.26733333333333337
COM,1982,26.251500000000004,12,0.3174166666666667
COM,1983,26.17441666666667,12,0.3235
COM,1984,25.57641666666667,12,0.3529166666666667
COM,1985,25.75675,12,0.337
COM,1986,26.011499999999998,12,0.33525
COM,1987,26.364250000000002,12,0.3000833333333333
COM,1988,26.329083333333333,12,0.30924999999999997
COM,1989,25.77775,12,0.33925
COM,1990,26.15325,12,0.35425
COM,1991,26.196833333333334,12,0.33258333333333334
COM,1992,26.21783333333333,12,0.3560833333333333
COM,1993,26.178166666666666,12,0.39275
COM,1994,26.4525,12,0.3
COM,1995,26.385083333333338,12,0.2801666666666667
COM,1996,25.953333333333333,12,0.4635
COM,1997,26.30516666666667,12,0.3859166666666667
COM,1998,26.64725,12,0.36033333333333334
COM,1999,26.288083333333333,12,0.38083333333333336
COM,2000,25.995500000000003,12,0.3175
COM,2001,26.41425,12,0.3356666666666666
COM,2002,26.657750000000004,12,0.37799999999999995
COM,2003,26.6005,12,0.3829166666666666
COM,2004,26.391916666666663,12,0.28833333333333333
COM,2005,26.68216666666667,12,0.2781666666666667
COM,2006,26.465833333333336,12,0.36633333333333334
COM,2007,26.604583333333334,12,0.33
COM,2008,26.18825,12,0.3418333333333334
COM,2009,26.59325,12,0.35733333333333334
CPV,1960,23.973166666666668,12,0.45275
CPV,1961,24.292833333333334,12,0.5311666666666667
CPV,1962,24.473833333333335,12,0.48175000000000007
CPV,1963,24.468416666666666,12,0.60625
CPV,1964,24.225166666666667,12,0.47341666666666665
CPV,1965,23.938166666666664,12,0.4290833333333333
CPV,1966,24.476416666666665,12,0.49174999999999996
CPV,1967,24.034666666666666,12,0.48741666666666666
CPV,1968,23.884416666666667,12,0.4455833333333334
CPV,1969,24.966250000000002,12,0.5531666666666667
CPV,1970,24.738416666666666,12,0.502
CPV,1971,24.013833333333334,12,0.43291666666666667
CPV,1972,24.034166666666668,12,0.54475
CPV,1973,24.451583333333332,12,0.5323333333333333
CPV,1974,23.690583333333333,12,0.7025833333333334
CPV,1975,24.033416666666668,12,0.78775
CPV,1976,24.043833333333335,12,0.7478333333333333
CPV,1977,24.485250000000004,12,0.78625
CPV,1978,24.586833333333335,12,0.8268333333333334
CPV,1979,24.931833333333334,12,0.7453333333333334
CPV,1980,24.73325,12,0.8288333333333333
CPV,1981,24.634083333333333,12,0.6669999999999999
CPV,1982,24.19033333333333,12,0.6345833333333334
CPV,1983,24.748,12,0.7784166666666668
CPV,1984,24.37516666666667,12,0.8266666666666667
CPV,1985,24.343666666666667,12,0.7838333333333334
CPV,1986,24.190749999999998,12,0.7050000000000001
CPV,1987,24.926000000000002,12,0.6826666666666666
CPV,1988,24.618333333333336,12,0.7173333333333334
CPV,1989,24.567583333333335,12,0.8777499999999999
CPV,1990,24.745333333333335,12,0.7729166666666667
CPV,1991,24.631416666666667,12,0.7104166666666667
CPV,1992,24.68225,12,0.7785000000000001
CPV,1993,24.44966666666667,12,0.49524999999999997
CPV,1994,24.458833333333335,12,0.4940833333333334
CPV,1995,25.167333333333332,12,0.5389166666666666
CPV,1996,25.230666666666668,12,0.6699999999999999
CPV,1997,25.30616666666667,12,0.9463333333333334
CPV,1998,25.373666666666665,12,0.68775
CPV,1999,24.627,12,0.6369166666666667
CPV,2000,24.71591666666667,12,0.6244999999999999
CPV,2001,25.285583333333335,12,0.7745833333333333
CPV,2002,25.10466666666667,12,0.8221666666666666
CPV,2003,24.825666666666667,12,0.7005833333333333
CPV,2004,24.892916666666668,12,0.6775833333333333
CPV,2005,25.133,12,0.6694166666666667
CPV,2006,25.068416666666668,12,0.6718333333333333
CPV,2007,24.793666666666667,12,0.7360000000000001
CPV,2008,24.96975,12,0.7225833333333332
CPV,2009,24.599083333333336,12,0.8374166666666666
CRI,1960,25.896416666666667,12,0.36600000000000005
CRI,1961,25.80933333333333,12,0.38916666666666666
CRI,1962,25.637333333333334,12,0.4148333333333334
CRI,1963,25.7835,12,0.3433333333333333
CRI,1964,25.677083333333332,12,0.4339166666666667
CRI,1965,25.869583333333335,12,0.4586666666666666
CRI,1966,25.931250000000002,12,0.40558333333333335
CRI,1967,25.441000000000003,12,0.45375000000000004
CRI,1968,25.472083333333334,12,0.39433333333333337
CRI,1969,25.951000000000004,12,0.5864166666666667
CRI,1970,25.554000000000002,12,0.6658333333333334
CRI,1971,25.43133333333333,12,0.47625
CRI,1972,26.051583333333337,12,0.4010833333333333
CRI,1973,25.951333333333334,12,0.37333333333333335
CRI,1974,25.493666666666666,12,0.41883333333333334
CRI,1975,25.480583333333332,12,0.30291666666666667
CRI,1976,25.77925,12,0.32158333333333333
CRI,1977,26.115,12,0.37274999999999997
CRI,1978,25.89925,12,0.3561666666666667
CRI,1979,25.873500000000003,12,0.327
CRI,1980,25.889499999999998,12,0.3175
CRI,1981,25.777500000000003,12,0.43775000000000003
CRI,1982,26.107916666666668,12,0.3934166666666667
CRI,1983,26.509333333333334,12,0.3080833333333333
CRI,1984,25.611833333333333,12,0.3421666666666667
CRI,1985,25.748500000000003,12,0.29416666666666663
CRI,1986,26.025666666666666,12,0.38999999999999996
CRI,1987,26.754666666666665,12,0.5146666666666667
CRI,1988,25.952583333333333,12,0.29933333333333334
CRI,1989,25.777749999999997,12,0.34825
CRI,1990,26.29025,12,0.39425
CRI,1991,26.289916666666667,12,0.27116666666666667
CRI,1992,26.36175,12,0.43775000000000003
CRI,1993,26.319333333333333,12,0.37175
CRI,1994,26.425833333333333,12,0.31825000000000003
CRI,1995,26.292833333333334,12,0.4075
CRI,1996,25.962500000000002,12,0.41275
CRI,1997,26.806250000000002,12,0.40575
CRI,1998,26.974083333333336,12,0.34541666666666665
CRI,1999,25.864416666666667,12,0.3144166666666667
CRI,2000,26.072166666666664,12,0.33758333333333335
CRI,2001,26.114333333333335,12,0.3875
CRI,2002,26.306749999999997,12,0.3745
CRI,2003,26.5775,12,0.3156666666666667
CRI,2004,26.528499999999998,12,0.319
CRI,2005,26.40425,12,0.387
CRI,2006,26.514916666666668,12,0.33775
CRI,2007,26.38291666666667,12,0.41358333333333336
CRI,2008,26.056083333333333,12,0.2813333333333333
CRI,2009,26.522916666666664,12,0.331
CUB,1960,25.533833333333334,12,0.2921666666666667
CUB,1961,25.707833333333337,12,0.3114166666666667
CUB,1962,25.43466666666667,12,0.3815
CUB,1963,25.494583333333335,12,0.29525
CUB,1964,25.803166666666666,12,0.2818333333333333
CUB,1965,25.5625,12,0.37424999999999997
CUB,1966,25.265083333333337,12,0.37666666666666665
CUB,1967,25.57858333333333,12,0.2980833333333333
CUB,1968,25.237583333333333,12,0.2871666666666666
CUB,1969,25.657833333333333,12,0.315
CUB,1970,25.412166666666668,12,0.2980833333333333
CUB,1971,25.479666666666663,12,0.2846666666666667
CUB,1972,25.771333333333335,12,0.25575
CUB,1973,25.684250000000002,12,0.28358333333333335
CUB,1974,25.54975,12,0.24525
CUB,1975,25.89075,12,0.2895833333333333
CUB,1976,25.502583333333334,12,0.34541666666666665
CUB,1977,25.65691666666667,12,0.22408333333333333
CUB,1978,25.626833333333334,12,0.22458333333333333
CUB,1979,25.678250000000002,12,0.20524999999999996
CUB,1980,25.848166666666668,12,0.23458333333333334
CUB,1981,25.486500000000003,12,0.24850000000000003
CUB,1982,26.08175,12,0.28458333333333335
CUB,1983,25.866333333333333,12,0.26625000000000004
CUB,1984,25.632583333333333,12,0.2781666666666667
CUB,1985,25.671833333333336,12,0.3259166666666667
CUB,1986,25.872583333333335,12,0.29391666666666666
CUB,1987,25.92475,12,0.26766666666666666
CUB,1988,25.824749999999998,12,0.3194166666666666
CUB,1989,25.90341666666667,12,0.29675
CUB,1990,26.133416666666665,12,0.28450000000000003
CUB,1991,26.165833333333335,12,0.32316666666666666
CUB,1992,25.859583333333333,12,0.3620833333333333
CUB,1993,25.874416666666665,12,0.2575
CUB,1994,26.264666666666667,12,0.3175
CUB,1995,26.1275,12,0.31666666666666665
CUB,1996,25.801333333333332,12,0.37400000000000005
CUB,1997,26.63825,12,0.2851666666666667
CUB,1998,26.407083333333333,12,0.28958333333333336
CUB,1999,25.7975,12,0.34708333333333335
CUB,2000,25.785,12,0.4623333333333333
CUB,2001,25.856416666666664,12,0.4294166666666667
CUB,2002,26.313000000000002,12,0.29475
CUB,2003,26.361583333333332,12,0.38025
CUB,2004,26.26891666666667,12,0.4025
CUB,2005,26.14408333333333,12,0.31566666666666665
CUB,2006,26.1545,12,0.332
CUB,2007,26.279749999999996,12,0.30916666666666665
CUB,2008,26.05475,12,0.28858333333333336
CUB,2009,26.022333333333336,12,0.24816666666666665
CUW,1960,27.773750000000003,12,0.41691666666666666
CUW,1961,27.516500000000004,12,0.37483333333333335
CUW,1962,27.707916666666666,12,0.3385833333333333
CUW,1963,27.758499999999998,12,0.25833333333333336
CUW,1964,27.551083333333334,12,0.33383333333333337
CUW,1965,27.45775,12,0.4055
CUW,1966,27.690416666666668,12,0.36733333333333335
CUW,1967,27.358166666666666,12,0.44133333333333336
CUW,1968,27.562916666666666,12,0.33316666666666667
CUW,1969,28.087500000000002,12,0.31075
CUW,1970,27.80391666666667,12,0.3323333333333333
CUW,1971,27.28291666666667,12,0.30533333333333335
CUW,1972,27.72791666666667,12,0.32008333333333333
CUW,1973,27.745333333333335,12,0.2916666666666667
CUW,1974,27.142666666666667,12,0.30191666666666667
CUW,1975,27.37308333333333,12,0.45125
CUW,1976,27.211916666666667,12,0.29624999999999996
CUW,1977,27.891083333333338,12,0.31575000000000003
CUW,1978,27.85141666666667,12,0.35233333333333333
CUW,1979,27.916500000000003,12,0.37166666666666665
CUW,1980,28.031833333333335,12,0.31316666666666665
CUW,1981,27.972083333333334,12,0.40291666666666665
CUW,1982,27.683750000000003,12,0.262
CUW,1983,28.08366666666667,12,0.3215
CUW,1984,27.635083333333338,12,0.2313333333333333
CUW,1985,27.33175,12,0.3155833333333333
CUW,1986,27.484083333333334,12,0.3030833333333333
CUW,1987,28.374750000000002,12,0.34675000000000006
CUW,1988,27.783583333333336,12,0.3119166666666667
CUW,1989,27.555666666666667,12,0.34541666666666665
CUW,1990,27.691916666666668,12,0.38175
CUW,1991,27.70175,12,0.31283333333333335
CUW,1992,27.90833333333333,12,0.33316666666666667
CUW,1993,27.999583333333337,12,0.32416666666666666
CUW,1994,27.920333333333335,12,0.2763333333333333
CUW,1995,28.221833333333336,12,0.32616666666666666
CUW,1996,27.953666666666667,12,0.30525
CUW,1997,28.078166666666664,12,0.4151666666666667
CUW,1998,28.402666666666665,12,0.3758333333333333
CUW,1999,27.68316666666667,12,0.32766666666666666
CUW,2000,27.564083333333333,12,0.3205
CUW,2001,28.010416666666668,12,0.53925
CUW,2002,28.24291666666667,12,0.32516666666666666
CUW,2003,28.266083333333338,12,0.33791666666666664
CUW,2004,27.890666666666664,12,0.3055
CUW,2005,28.209583333333338,12,0.36041666666666666
CUW,2006,28.26533333333333,12,0.37825
CUW,2007,28.28466666666667,12,0.38466666666666666
CUW,2008,27.918500000000005,12,0.32016666666666665
CUW,2009,28.2525,12,0.33949999999999997
CYM,1960,27.038916666666665,12,0.4030833333333333
CYM,1961,27.104583333333334,12,0.36600000000000005
CYM,1962,26.814666666666668,12,0.38325000000000004
CYM,1963,26.822833333333335,12,0.29916666666666664
CYM,1964,27.123666666666665,12,0.3075
CYM,1965,26.88875,12,0.3919166666666667
CYM,1966,26.60891666666667,12,0.35758333333333336
CYM,1967,26.78033333333333,12,0.3719166666666667
CYM,1968,26.47975,12,0.33516666666666667
CYM,1969,26.96258333333333,12,0.3749166666666666
CYM,1970,26.736500000000003,12,0.4223333333333333
CYM,1971,26.786,12,0.24083333333333334
CYM,1972,27.062,12,0.2830833333333333
CYM,1973,27.044666666666668,12,0.38966666666666666
CYM,1974,26.819833333333335,12,0.26733333333333337
CYM,1975,27.035083333333333,12,0.42933333333333334
CYM,1976,26.802916666666665,12,0.2823333333333333
CYM,1977,27.081166666666665,12,0.27266666666666667
CYM,1978,26.995666666666665,12,0.36241666666666666
CYM,1979,27.002166666666668,12,0.24050000000000002
CYM,1980,27.14525,12,0.2638333333333333
CYM,1981,26.774083333333333,12,0.29691666666666666
CYM,1982,27.35258333333333,12,0.28725
CYM,1983,27.258166666666668,12,0.2814166666666667
CYM,1984,27.017750000000003,12,0.35825
CYM,1985,27.042916666666667,12,0.35158333333333336
CYM,1986,27.128416666666666,12,0.33591666666666664
CYM,1987,27.219583333333333,12,0.30083333333333334
CYM,1988,27.261833333333332,12,0.3405
CYM,1989,27.105666666666668,12,0.31366666666666665
CYM,1990,27.361416666666667,12,0.3954166666666667
CYM,1991,27.368916666666667,12,0.32008333333333333
CYM,1992,27.132083333333338,12,0.4095
CYM,1993,27.261666666666667,12,0.3083333333333333
CYM,1994,27.636916666666668,12,0.3239166666666667
CYM,1995,27.584,12,0.3629166666666666
CYM,1996,27.129166666666666,12,0.30083333333333334
CYM,1997,27.751666666666665,12,0.2823333333333333
CYM,1998,27.701000000000004,12,0.3423333333333333
CYM,1999,27.168666666666667,12,0.38033333333333336
CYM,2000,27.10183333333333,12,0.40641666666666665
CYM,2001,27.30916666666667,12,0.4586666666666666
CYM,2002,27.72275,12,0.47108333333333335
CYM,2003,27.651083333333332,12,0.4546666666666666
CYM,2004,27.585916666666666,12,0.52025
CYM,2005,27.551083333333334,12,0.2555
CYM,2006,27.49475,12,0.4876666666666667
CYM,2007,27.62391666666667,12,0.32608333333333334
CYM,2008,27.377166666666668,12,0.3511666666666666
CYM,2009,27.49275,12,0.32575000000000004
CYP,1960,19.93583333333333,12,0.32558333333333334
CYP,1961,19.09475,12,0.31583333333333335
CYP,1962,19.892666666666667,12,0.3063333333333333
CYP,1963,19.5685,12,0.36966666666666664
CYP,1964,18.613083333333332,12,0.30333333333333334
CYP,1965,18.923,12,0.3965
CYP,1966,19.653166666666667,12,0.3199166666666667
CYP,1967,18.3745,12,0.3194166666666667
CYP,1968,19.193083333333334,12,0.29758333333333337
CYP,1969,19.213166666666666,12,0.3169166666666667
CYP,1970,19.297916666666666,12,0.2950833333333333
CYP,1971,18.90666666666667,12,0.34474999999999995
CYP,1972,18.594333333333335,12,0.395
CYP,1973,18.989916666666666,12,0.3511666666666666
CYP,1974,18.840333333333334,12,0.3526666666666667
CYP,1975,18.835833333333333,12,0.37799999999999995
CYP,1976,18.576083333333333,12,0.3313333333333333
CYP,1977,19.0565,12,0.2853333333333333
CYP,1978,19.237750000000002,12,0.30591666666666667
CYP,1979,19.55575,12,0.24858333333333335
CYP,1980,18.850083333333334,12,0.29250000000000004
CYP,1981,19.231916666666667,12,0.2818333333333333
CYP,1982,18.566416666666665,12,0.26366666666666666
CYP,1983,18.424333333333333,12,0.25316666666666665
CYP,1984,18.94333333333333,12,0.31416666666666665
CYP,1985,19.19775,12,0.32125
CYP,1986,19.28441666666667,12,0.2788333333333333
CYP,1987,18.882916666666667,12,0.22666666666666668
CYP,1988,19.0795,12,0.24308333333333332
CYP,1989,19.080000000000002,12,0.31275000000000003
CYP,1990,19.194416666666665,12,0.27475
CYP,1991,19.08275,12,0.30516666666666664
CYP,1992,18.04925,12,0.32075000000000004
CYP,1993,18.949,12,0.2565
CYP,1994,19.802,12,0.25508333333333333
CYP,1995,19.079,12,0.25
CYP,1996,19.475583333333333,12,0.2688333333333333
CYP,1997,18.87625,12,0.2796666666666667
CYP,1998,19.964083333333335,12,0.25216666666666665
CYP,1999,20.07375,12,0.3005
CYP,2000,19.442,12,0.29
CYP,2001,20.01175,12,0.2658333333333333
CYP,2002,19.729166666666668,12,0.30591666666666667
CYP,2003,19.735083333333332,12,0.28441666666666665
CYP,2004,19.59575,12,0.31516666666666665
CYP,2005,19.587083333333336,12,0.27249999999999996
CYP,2006,19.540166666666668,12,0.2796666666666667
CYP,2007,19.945333333333334,12,0.2501666666666667
CYP,2008,20.14475,12,0.23825
CYP,2009,20.157333333333334,12,0.26833333333333337
CZE,1960,7.952916666666666,12,0.27925
CZE,1961,8.53775,12,0.25233333333333335
CZE,1962,6.9639999999999995,12,0.2960833333333333
CZE,1963,6.946000000000001,12,0.2840833333333333
CZE,1964,7.514583333333333,12,0.27325
CZE,1965,6.9870833333333335,12,0.331
CZE,1966,8.392083333333334,12,0.2803333333333333
CZE,1967,8.548833333333333,12,0.24749999999999997
CZE,1968,7.903666666666666,12,0.28408333333333335
CZE,1969,7.366416666666667,12,0.3368333333333333
CZE,1970,7.318416666666667,12,0.28825
CZE,1971,7.926833333333334,12,0.30441666666666667
CZE,1972,7.709916666666667,12,0.30075
CZE,1973,7.82725,12,0.27958333333333335
CZE,1974,8.544416666666667,12,0.2801666666666667
CZE,1975,8.591666666666667,12,0.29316666666666663
CZE,1976,7.912416666666666,12,0.26516666666666666
CZE,1977,8.280666666666667,12,0.2695
CZE,1978,7.347916666666666,12,0.26916666666666667
CZE,1979,7.750666666666667,12,0.21599999999999997
CZE,1980,6.906166666666667,12,0.22891666666666666
CZE,1981,7.978666666666666,12,0.232
CZE,1982,8.433583333333333,12,0.26266666666666666
CZE,1983,8.76375,12,0.23124999999999998
CZE,1984,7.618416666666666,12,0.2618333333333333
CZE,1985,7.048666666666667,12,0.24
CZE,1986,7.6825833333333335,12,0.22758333333333333
CZE,1987,7.157916666666666,12,0.1975
CZE,1988,8.523249999999999,12,0.20691666666666664
CZE,1989,8.984,12,0.24675
CZE,1990,8.962666666666667,12,0.24641666666666664
CZE,1991,7.771999999999999,12,0.20291666666666666
CZE,1992,9.103833333333332,12,0.24925
CZE,1993,8.142,12,0.23583333333333334
CZE,1994,9.452416666666666,12,0.21033333333333334
CZE,1995,8.41175,12,0.19766666666666666
CZE,1996,6.850083333333333,12,0.1925
CZE,1997,8.139333333333333,12,0.227
CZE,1998,8.696,12,0.19391666666666665
CZE,1999,8.89725,12,0.20258333333333334
CZE,2000,9.659,12,0.22808333333333333
CZE,2001,8.378833333333334,12,0.22175
CZE,2002,9.203666666666667,12,0.20458333333333334
CZE,2003,8.871333333333334,12,0.23691666666666666
CZE,2004,8.445916666666667,12,0.22375
CZE,2005,8.327916666666667,12,0.19591666666666666
CZE,2006,8.865333333333334,12,0.26433333333333336
CZE,2007,9.601333333333333,12,0.20274999999999999
CZE,2008,9.41475,12,0.19025
CZE,2009,8.965666666666667,12,0.23483333333333334
DEU,1960,8.514166666666666,12,0.21716666666666665
DEU,1961,9.124166666666666,12,0.21275
DEU,1962,7.324916666666667,12,0.2511666666666667
DEU,1963,7.2205,12,0.23308333333333334
DEU,1964,8.236333333333333,12,0.19466666666666665
DEU,1965,7.633,12,0.23408333333333334
DEU,1966,8.645666666666667,12,0.2323333333333333
DEU,1967,9.041666666666666,12,0.22091666666666668
DEU,1968,8.323583333333334,12,0.20433333333333334
DEU,1969,7.913,12,0.21691666666666665
DEU,1970,7.856083333333334,12,0.21524999999999997
DEU,1971,8.600166666666667,12,0.21725000000000003
DEU,1972,8.054833333333333,12,0.21808333333333332
DEU,1973,8.402833333333334,12,0.213
DEU,1974,8.970416666666667,12,0.1915
DEU,1975,9.093666666666667,12,0.2225
DEU,1976,8.6505,12,0.22816666666666666
DEU,1977,8.804833333333333,12,0.17741666666666667
DEU,1978,7.9327499999999995,12,0.21216666666666664
DEU,1979,7.901666666666666,12,0.18491666666666665
DEU,1980,7.727250000000001,12,0.15625
DEU,1981,8.320500000000001,12,0.1980833333333333
DEU,1982,9.073333333333334,12,0.18466666666666667
DEU,1983,9.185666666666668,12,0.17825
DEU,1984,8.123,12,0.20233333333333334
DEU,1985,7.613333333333333,12,0.207
DEU,1986,8.085083333333333,12,0.18783333333333332
DEU,1987,7.58925,12,0.1779166666666667
DEU,1988,9.195583333333333,12,0.16516666666666666
DEU,1989,9.679833333333333,12,0.20858333333333334
DEU,1990,9.6895,12,0.21966666666666668
DEU,1991,8.523083333333334,12,0.17758333333333334
DEU,1992,9.505833333333333,12,0.25533333333333336
DEU,1993,8.6335,12,0.17983333333333332
DEU,1994,9.847,12,0.18425
DEU,1995,9.0335,12,0.17508333333333334
DEU,1996,7.374416666666666,12,0.16991666666666663
DEU,1997,9.048666666666668,12,0.19241666666666668
DEU,1998,9.17175,12,0.15633333333333332
DEU,1999,9.62075,12,0.15991666666666665
DEU,2000,10.020416666666666,12,0.19541666666666666
DEU,2001,9.090416666666666,12,0.18475
DEU,2002,9.637333333333334,12,0.16008333333333333
DEU,2003,9.494250000000001,12,0.22483333333333333
DEU,2004,9.053416666666667,12,0.19825
DEU,2005,9.128416666666666,12,0.16483333333333333
DEU,2006,9.706000000000001,12,0.21208333333333332
DEU,2007,9.9975,12,0.17616666666666667
DEU,2008,9.642166666666666,12,0.19516666666666668
DEU,2009,9.359166666666667,12,0.20066666666666666
DJI,1960,28.701166666666666,12,0.8756666666666667
DJI,1961,28.869500000000002,12,0.5708333333333333
DJI,1962,28.718333333333334,12,0.6822499999999999
DJI,1963,29.097583333333333,12,0.68525
DJI,1964,28.643833333333333,12,0.6319166666666667
DJI,1965,28.422333333333338,12,0.5090833333333333
DJI,1966,28.8195,12,0.5258333333333334
DJI,1967,28.55541666666667,12,0.5569999999999999
DJI,1968,28.543583333333334,12,0.7026666666666667
DJI,1969,29.148333333333337,12,0.7573333333333333
DJI,1970,28.989250000000002,12,0.5690000000000001
DJI,1971,28.609333333333336,12,0.6942499999999999
DJI,1972,29.089083333333335,12,0.47933333333333333
DJI,1973,29.114583333333332,12,0.45475
DJI,1974,28.467333333333332,12,0.6119166666666667
DJI,1975,28.697833333333335,12,1.0374166666666667
DJI,1976,28.716000000000005,12,0.6684166666666668
DJI,1977,29.019416666666668,12,0.5968333333333333
DJI,1978,29.06325,12,0.5763333333333334
DJI,1979,29.035833333333333,12,0.6206666666666667
DJI,1980,29.509416666666667,12,0.6116666666666667
DJI,1981,28.879166666666666,12,0.5031666666666667
DJI,1982,29.047083333333333,12,0.6360833333333333
DJI,1983,29.176583333333337,12,0.7601666666666667
DJI,1984,28.69066666666667,12,0.8595
DJI,1985,28.689666666666668,12,0.8195
DJI,1986,28.797916666666666,12,0.7731666666666667
DJI,1987,29.11366666666667,12,0.9147500000000001
DJI,1988,29.531833333333335,12,0.8891666666666667
DJI,1989,28.797,12,0.6108333333333333
DJI,1990,29.302999999999997,12,0.6800833333333333
DJI,1991,29.289416666666668,12,0.7352500000000001
DJI,1992,28.999,12,0.539
DJI,1993,28.74083333333333,12,0.9354999999999999
DJI,1994,29.06233333333333,12,1.1369166666666668
DJI,1995,29.25975,12,0.8871666666666668
DJI,1996,29.16525,12,0.6931666666666666
DJI,1997,29.269333333333336,12,0.6666666666666666
DJI,1998,29.7805,12,0.6315833333333333
DJI,1999,29.3715,12,1.10875
DJI,2000,29.860000000000003,12,0.8680833333333333
DJI,2001,29.476916666666668,12,0.6859999999999999
DJI,2002,29.531583333333334,12,0.96075
DJI,2003,29.757833333333334,12,0.798
DJI,2004,29.540916666666664,12,0.9340833333333333
DJI,2005,29.80858333333333,12,0.7481666666666666
DJI,2006,29.777416666666667,12,0.4559166666666667
DJI,2007,29.786333333333335,12,0.608
DJI,2008,29.339250000000003,12,0.5884999999999999
DJI,2009,29.89675,12,0.6299166666666667
DMA,1960,26.603083333333334,12,0.34149999999999997
DMA,1961,26.34991666666667,12,0.4088333333333333
DMA,1962,26.473416666666665,12,0.35833333333333334
DMA,1963,26.603916666666667,12,0.3904166666666667
DMA,1964,26.394166666666667,12,0.41524999999999995
DMA,1965,26.21525,12,0.42791666666666667
DMA,1966,26.358583333333332,12,0.3498333333333334
DMA,1967,26.095,12,0.36308333333333337
DMA,1968,26.133499999999998,12,0.3829166666666666
DMA,1969,26.65516666666667,12,0.32216666666666666
DMA,1970,26.423083333333334,12,0.34791666666666665
DMA,1971,26.089333333333332,12,0.2625
DMA,1972,26.326999999999998,12,0.31483333333333335
DMA,1973,26.490166666666667,12,0.28825
DMA,1974,26.087500000000002,12,0.28883333333333333
DMA,1975,26.03708333333333,12,0.3475
DMA,1976,25.95125,12,0.327
DMA,1977,26.426083333333334,12,0.266
DMA,1978,26.51575,12,0.3146666666666667
DMA,1979,26.442666666666668,12,0.3055833333333333
DMA,1980,26.753333333333334,12,0.26616666666666666
DMA,1981,26.686333333333334,12,0.319
DMA,1982,26.436000000000003,12,0.2569166666666666
DMA,1983,26.696749999999998,12,0.2764166666666667
DMA,1984,26.250833333333333,12,0.24525
DMA,1985,26.27475,12,0.2645
DMA,1986,26.358083333333337,12,0.241
DMA,1987,26.94775,12,0.2753333333333334
DMA,1988,26.6615,12,0.24766666666666667
DMA,1989,26.378666666666664,12,0.2776666666666667
DMA,1990,26.629833333333334,12,0.28991666666666666
DMA,1991,26.544583333333335,12,0.28041666666666665
DMA,1992,26.619,12,0.307
DMA,1993,26.647916666666664,12,0.27341666666666664
DMA,1994,26.6245,12,0.3083333333333333
DMA,1995,26.974333333333334,12,0.32425
DMA,1996,26.632499999999997,12,0.2314166666666667
DMA,1997,26.957166666666666,12,0.20741666666666667
DMA,1998,27.268,12,0.22183333333333333
DMA,1999,26.81325,12,0.24850000000000003
DMA,2000,26.5715,12,0.20316666666666663
DMA,2001,26.90216666666667,12,0.24141666666666664
DMA,2002,26.935666666666666,12,0.2524166666666667
DMA,2003,27.08,12,0.2559166666666667
DMA,2004,26.829666666666668,12,0.259
DMA,2005,27.31925,12,0.19658333333333333
DMA,2006,27.148583333333335,12,0.27608333333333335
DMA,2007,27.094416666666664,12,0.22708333333333333
DMA,2008,26.664666666666665,12,0.21241666666666667
DMA,2009,26.9505,12,0.2708333333333333
DNK,1960,-16.951083333333333,12,0.7759166666666667
DNK,1961,-18.430666666666667,12,0.7075833333333333
DNK,1962,-16.929416666666665,12,0.75175
DNK,1963,-17.228666666666665,12,0.8310833333333333
DNK,1964,-18.04225,12,1.0010833333333333
DNK,1965,-17.029416666666666,12,1.1235
DNK,1966,-18.311833333333336,12,1.0416666666666667
DNK,1967,-18.03291666666667,12,0.9938333333333333
DNK,1968,-18.275833333333335,12,0.9823333333333334
DNK,1969,-17.867416666666667,12,0.8737499999999999
DNK,1970,-18.2145,12,0.8066666666666666
DNK,1971,-19.14225,12,0.9724166666666667
DNK,1972,-18.274916666666666,12,0.7945000000000001
DNK,1973,-18.714000000000002,12,0.7182499999999999
DNK,1974,-17.661166666666666,12,0.79575
DNK,1975,-18.94575,12,0.734
DNK,1976,-17.499750000000002,12,0.8828333333333335
DNK,1977,-17.61916666666667,12,0.989
DNK,1978,-17.918166666666668,12,0.89925
DNK,1979,-18.07166666666667,12,0.8985833333333333
DNK,1980,-17.009249999999998,12,0.9378333333333333
DNK,1981,-17.817583333333335,12,0.8686666666666666
DNK,1982,-18.438083333333335,12,0.7263333333333333
DNK,1983,-19.85775,12,0.9806666666666667
DNK,1984,-18.769166666666667,12,0.7999166666666667
DNK,1985,-17.07641666666667,12,0.9121666666666667
DNK,1986,-17.616583333333335,12,0.8515833333333332
DNK,1987,-18.201666666666664,12,0.8456666666666667
DNK,1988,-17.325,12,0.9384166666666666
DNK,1989,-18.784583333333334,12,0.6317499999999999
DNK,1990,-17.870333333333335,12,0.5906666666666667
DNK,1991,-17.827916666666667,12,0.55325
DNK,1992,-19.00041666666667,12,0.5900833333333334
DNK,1993,-18.716166666666666,12,0.5491666666666667
DNK,1994,-18.085416666666667,12,0.6011666666666667
DNK,1995,-17.69783333333333,12,0.7613333333333333
DNK,1996,-16.805666666666667,12,0.6806666666666666
DNK,1997,-17.455333333333332,12,0.6166666666666667
DNK,1998,-16.62091666666667,12,0.7848333333333334
DNK,1999,-17.699083333333334,12,0.6765
DNK,2000,-16.8245,12,0.9110833333333334
DNK,2001,-17.06775,12,0.6745
DNK,2002,-16.291083333333336,12,0.7665000000000001
DNK,2003,-15.747083333333334,12,0.7151666666666667
DNK,2004,-16.77058333333333,12,0.7045833333333333
DNK,2005,-15.643,12,0.60475
DNK,2006,-16.574333333333332,12,0.7691666666666667
DNK,2007,-16.533083333333334,12,0.7951666666666667
DNK,2008,-16.843333333333334,12,0.6279166666666667
DNK,2009,-16.783166666666666,12,0.6805833333333333
DOM,1960,26.08375,12,0.3580833333333333
DOM,1961,25.749416666666665,12,0.29433333333333334
DOM,1962,25.740333333333336,12,0.3565833333333333
DOM,1963,25.828166666666664,12,0.3140833333333333
DOM,1964,25.808333333333334,12,0.2870833333333333
DOM,1965,25.573583333333332,12,0.30983333333333335
DOM,1966,25.797250000000002,12,0.26033333333333336
DOM,1967,25.773,12,0.2520833333333333
DOM,1968,25.769333333333336,12,0.29775
DOM,1969,26.094916666666666,12,0.28625
DOM,1970,25.67833333333333,12,0.2771666666666667
DOM,1971,25.424000000000003,12,0.24241666666666664
DOM,1972,25.648083333333332,12,0.3060833333333333
DOM,1973,25.905,12,0.32008333333333333
DOM,1974,25.425,12,0.2976666666666667
DOM,1975,25.6035,12,0.32558333333333334
DOM,1976,25.4905,12,0.32425
DOM,1977,26.029083333333332,12,0.30258333333333337
DOM,1978,25.958,12,0.26366666666666666
DOM,1979,25.767750000000003,12,0.26525
DOM,1980,26.36616666666667,12,0.2539166666666667
DOM,1981,26.10225,12,0.31566666666666665
DOM,1982,25.96375,12,0.31975
DOM,1983,26.25616666666667,12,0.3411666666666667
DOM,1984,25.758166666666668,12,0.28708333333333336
DOM,1985,25.765,12,0.30391666666666667
DOM,1986,25.932083333333335,12,0.3473333333333333
DOM,1987,26.294916666666666,12,0.36450000000000005
DOM,1988,26.11525,12,0.39091666666666663
DOM,1989,25.900583333333334,12,0.3545
DOM,1990,26.171166666666668,12,0.41641666666666666
DOM,1991,26.053416666666667,12,0.47225
DOM,1992,25.941333333333333,12,0.5563333333333333
DOM,1993,25.9165,12,0.49783333333333335
DOM,1994,26.280583333333336,12,0.32416666666666666
DOM,1995,26.35775,12,0.47241666666666665
DOM,1996,25.87075,12,0.5325
DOM,1997,26.69725,12,0.5011666666666666
DOM,1998,26.676333333333332,12,0.3865
DOM,1999,26.172833333333333,12,0.3413333333333333
DOM,2000,25.880416666666665,12,0.4003333333333334
DOM,2001,26.340666666666667,12,0.35925
DOM,2002,26.58125,12,0.2886666666666667
DOM,2003,26.626333333333335,12,0.3665
DOM,2004,26.35875,12,0.3428333333333333
DOM,2005,26.52116666666667,12,0.39633333333333337
DOM,2006,26.58566666666667,12,0.4535
DOM,2007,26.626,12,0.29025
DOM,2008,26.199250000000003,12,0.3635
DOM,2009,26.423083333333334,12,0.33958333333333335
DZA,1960,23.504083333333337,12,0.45208333333333334
DZA,1961,23.39033333333333,12,0.38858333333333334
DZA,1962,23.18241666666667,12,0.46141666666666664
DZA,1963,23.317833333333336,12,0.40408333333333335
DZA,1964,23.147499999999997,12,0.43450000000000005
DZA,1965,22.97375,12,0.45641666666666664
DZA,1966,23.301333333333332,12,0.3873333333333333
DZA,1967,22.861666666666668,12,0.39033333333333337
DZA,1968,23.185916666666667,12,0.35766666666666663
DZA,1969,23.458250000000003,12,0.4024166666666667
DZA,1970,23.322833333333335,12,0.42250000000000004
DZA,1971,22.672250000000002,12,0.34391666666666665
DZA,1972,22.698166666666665,12,0.3625
DZA,1973,22.886166666666668,12,0.41933333333333334
DZA,1974,22.541,12,0.4575
DZA,1975,22.71641666666667,12,0.3718333333333333
DZA,1976,22.35675,12,0.4210833333333333
DZA,1977,23.546083333333332,12,0.41808333333333336
DZA,1978,23.161833333333334,12,0.4385833333333333
DZA,1979,23.396833333333333,12,0.319
DZA,1980,23.16016666666667,12,0.3829166666666666
DZA,1981,23.579250000000002,12,0.3598333333333333
DZA,1982,23.094166666666666,12,0.34241666666666665
DZA,1983,23.683000000000003,12,0.333
DZA,1984,23.063083333333335,12,0.37366666666666665
DZA,1985,23.52625,12,0.35874999999999996
DZA,1986,23.25666666666667,12,0.3356666666666666
DZA,1987,24.24775,12,0.3274166666666667
DZA,1988,23.81566666666667,12,0.3423333333333333
DZA,1989,23.724333333333334,12,0.29991666666666666
DZA,1990,24.014416666666666,12,0.3979166666666667
DZA,1991,23.011083333333332,12,0.36108333333333337
DZA,1992,22.767,12,0.3453333333333333
DZA,1993,23.450833333333335,12,0.3489166666666667
DZA,1994,23.642083333333336,12,0.3214166666666667
DZA,1995,23.7225,12,0.3194166666666667
DZA,1996,23.734333333333336,12,0.4046666666666667
DZA,1997,23.955166666666667,12,0.35308333333333336
DZA,1998,23.920583333333337,12,0.33725
DZA,1999,24.29941666666667,12,0.3451666666666667
DZA,2000,24.03225,12,0.3163333333333333
DZA,2001,24.72441666666667,12,0.41075
DZA,2002,24.263,12,0.38175000000000003
DZA,2003,24.393666666666665,12,0.39408333333333334
DZA,2004,23.916,12,0.42041666666666666
DZA,2005,24.222583333333333,12,0.4156666666666667
DZA,2006,24.200833333333335,12,0.37041666666666667
DZA,2007,24.06533333333333,12,0.3751666666666667
DZA,2008,23.95025,12,0.33825
DZA,2009,24.154333333333337,12,0.33641666666666664
ECU,1960,21.8235,12,0.33466666666666667
ECU,1961,21.864416666666667,12,0.29791666666666666
ECU,1962,21.888583333333333,12,0.2840833333333333
ECU,1963,22.01691666666667,12,0.2810833333333333
ECU,1964,21.886166666666668,12,0.30216666666666664
ECU,1965,22.207666666666668,12,0.3385833333333333
ECU,1966,22.166416666666667,12,0.25475
ECU,1967,21.80666666666667,12,0.2896666666666667
ECU,1968,21.894166666666667,12,0.3
ECU,1969,22.422083333333333,12,0.3015833333333333
ECU,1970,21.961250000000003,12,0.28583333333333333
ECU,1971,21.57341666666667,12,0.26425000000000004
ECU,1972,22.48566666666667,12,0.32625
ECU,1973,22.082166666666666,12,0.31325
ECU,1974,21.695916666666665,12,0.3259166666666667
ECU,1975,21.571833333333334,12,0.27666666666666667
ECU,1976,21.980249999999998,12,0.3324166666666667
ECU,1977,22.193,12,0.2698333333333333
ECU,1978,22.08675,12,0.2823333333333333
ECU,1979,22.291416666666667,12,0.23816666666666664
ECU,1980,22.336000000000002,12,0.23625
ECU,1981,22.167666666666666,12,0.29691666666666666
ECU,1982,22.477249999999998,12,0.35108333333333336
ECU,1983,22.94666666666667,12,0.4058333333333333
ECU,1984,21.886083333333335,12,0.33558333333333334
ECU,1985,21.838250000000002,12,0.31708333333333333
ECU,1986,22.0715,12,0.3765833333333333
ECU,1987,22.847083333333334,12,0.2955
ECU,1988,22.130916666666668,12,0.24333333333333332
ECU,1989,21.876416666666668,12,0.3109166666666667
ECU,1990,22.434749999999998,12,0.282
ECU,1991,22.529500000000002,12,0.2510833333333333
ECU,1992,22.611500000000003,12,0.2853333333333333
ECU,1993,22.421583333333334,12,0.25166666666666665
ECU,1994,22.217083333333335,12,0.26416666666666666
ECU,1995,22.574166666666667,12,0.21641666666666667
ECU,1996,22.0325,12,0.21258333333333335
ECU,1997,23.082916666666666,12,0.2535833333333333
ECU,1998,23.121,12,0.24558333333333335
ECU,1999,21.90216666666667,12,0.20166666666666666
ECU,2000,22.026,12,0.26158333333333333
ECU,2001,22.236083333333337,12,0.3675
ECU,2002,22.763666666666666,12,0.35450000000000004
ECU,2003,22.668333333333333,12,0.3759166666666667
ECU,2004,22.64791666666667,12,0.4159166666666667
ECU,2005,22.5295,12,0.36841666666666667
ECU,2006,22.603166666666667,12,0.37283333333333335
ECU,2007,22.359750000000002,12,0.426
ECU,2008,22.22425,12,0.47974999999999995
ECU,2009,22.67716666666667,12,0.325
EGY,1960,23.621166666666667,12,0.3349166666666667
EGY,1961,22.23375,12,0.3159166666666667
EGY,1962,23.49683333333333,12,0.3398333333333334
EGY,1963,23.652,12,0.35841666666666666
EGY,1964,22.473083333333335,12,0.30775
EGY,1965,22.76325,12,0.3480833333333333
EGY,1966,23.369833333333332,12,0.29883333333333334
EGY,1967,22.280916666666666,12,0.30333333333333334
EGY,1968,22.738833333333332,12,0.29350000000000004
EGY,1969,23.404416666666666,12,0.32266666666666666
EGY,1970,22.70841666666667,12,0.30216666666666664
EGY,1971,22.680000000000003,12,0.3405833333333333
EGY,1972,22.85475,12,0.3595
EGY,1973,22.740583333333333,12,0.3933333333333333
EGY,1974,22.690250000000002,12,0.32625
EGY,1975,22.578083333333336,12,0.36041666666666666
EGY,1976,22.860916666666668,12,0.34975
EGY,1977,22.667749999999998,12,0.3265
EGY,1978,22.953666666666667,12,0.31708333333333333
EGY,1979,23.560166666666664,12,0.292
EGY,1980,23.065416666666668,12,0.31566666666666665
EGY,1981,22.85175,12,0.3369166666666667
EGY,1982,22.45375,12,0.31875
EGY,1983,22.09358333333333,12,0.3334166666666667
EGY,1984,22.881249999999998,12,0.32275000000000004
EGY,1985,23.209666666666667,12,0.33516666666666667
EGY,1986,22.901833333333332,12,0.33641666666666664
EGY,1987,22.848916666666668,12,0.31575000000000003
EGY,1988,23.236500000000003,12,0.2981666666666667
EGY,1989,22.790000000000003,12,0.36525
EGY,1990,23.09141666666667,12,0.33991666666666664
EGY,1991,23.0885,12,0.359
EGY,1992,22.554916666666667,12,0.45316666666666666
EGY,1993,23.39225,12,0.39599999999999996
EGY,1994,23.235,12,0.3521666666666667
EGY,1995,23.169166666666666,12,0.3305
EGY,1996,23.426333333333332,12,0.3066666666666667
EGY,1997,22.939666666666668,12,0.32966666666666666
EGY,1998,23.68241666666667,12,0.3461666666666667
EGY,1999,23.77933333333333,12,0.35283333333333333
EGY,2000,22.881416666666667,12,0.4779166666666667
EGY,2001,23.616333333333333,12,0.39475
EGY,2002,23.716250000000002,12,0.32158333333333333
EGY,2003,23.496416666666665,12,0.3501666666666667
EGY,2004,23.511083333333332,12,0.3040833333333333
EGY,2005,23.52025,12,0.313
EGY,2006,23.505666666666666,12,0.3535
EGY,2007,23.584333333333333,12,0.28450000000000003
EGY,2008,23.907916666666665,12,0.28541666666666665
EGY,2009,23.735,12,0.2798333333333333
ERI,1960,27.010583333333333,12,0.71375
ERI,1961,26.54416666666667,12,0.49425
ERI,1962,26.8385,12,0.5845
ERI,1963,27.107416666666666,12,0.5654166666666667
ERI,1964,26.312833333333334,12,0.4970833333333333
ERI,1965,26.664583333333336,12,0.47108333333333335
ERI,1966,27.047416666666667,12,0.4223333333333334
ERI,1967,26.371083333333335,12,0.43416666666666665
ERI,1968,26.460250000000002,12,0.403
ERI,1969,27.021833333333333,12,0.5477500000000001
ERI,1970,26.864500000000003,12,0.39633333333333337
ERI,1971,26.376333333333335,12,0.3770833333333334
ERI,1972,26.974083333333336,12,0.37474999999999997
ERI,1973,27.162583333333334,12,0.47
ERI,1974,26.670583333333337,12,0.41816666666666663
ERI,1975,26.576666666666668,12,0.41825
ERI,1976,26.800666666666668,12,0.38966666666666666
ERI,1977,26.823833333333337,12,0.408
ERI,1978,26.881833333333333,12,0.39266666666666666
ERI,1979,27.169833333333333,12,0.5194166666666667
ERI,1980,27.33983333333333,12,0.3824166666666666
ERI,1981,26.96541666666667,12,0.39683333333333337
ERI,1982,26.63525,12,0.6484166666666666
ERI,1983,26.77625,12,0.5034166666666666
ERI,1984,27.090833333333336,12,0.6208333333333333
ERI,1985,26.693916666666667,12,0.6131666666666666
ERI,1986,26.702083333333334,12,0.5186666666666667
ERI,1987,27.132166666666667,12,0.7098333333333334
ERI,1988,27.237583333333333,12,0.555
ERI,1989,26.6545,12,0.5449166666666666
ERI,1990,27.448083333333333,12,0.5890833333333333
ERI,1991,27.256833333333333,12,0.6875
ERI,1992,26.428916666666666,12,0.7785833333333333
ERI,1993,26.93025,12,0.7751666666666667
ERI,1994,26.890583333333336,12,0.7156666666666666
ERI,1995,27.136666666666667,12,0.66025
ERI,1996,27.183916666666665,12,0.5645
ERI,1997,27.146,12,0.4715833333333333
ERI,1998,27.577833333333334,12,0.4351666666666667
ERI,1999,27.514083333333332,12,0.5908333333333333
ERI,2000,27.51725,12,0.47525
ERI,2001,27.410583333333335,12,0.4159166666666667
ERI,2002,27.639416666666666,12,0.48808333333333337
ERI,2003,27.72975,12,0.49275
ERI,2004,27.5775,12,0.4375833333333334
ERI,2005,27.69,12,0.46925
ERI,2006,27.492,12,0.41283333333333333
ERI,2007,27.485416666666666,12,0.5510833333333334
ERI,2008,27.594333333333335,12,0.5826666666666667
ERI,2009,28.092583333333334,12,0.39825
ESH,1960,22.423833333333334,12,0.49733333333333335
ESH,1961,23.084,12,0.42300000000000004
ESH,1962,22.717166666666667,12,0.3965
ESH,1963,22.479249999999997,12,0.51125
ESH,1964,22.786666666666665,12,0.5478333333333333
ESH,1965,22.252750000000002,12,0.3934166666666667
ESH,1966,22.773750000000003,12,0.6043333333333333
ESH,1967,22.347083333333334,12,0.39925000000000005
ESH,1968,22.27933333333333,12,0.399
ESH,1969,22.746916666666667,12,0.41991666666666666
ESH,1970,22.9815,12,0.41425
ESH,1971,21.850416666666664,12,0.353
ESH,1972,21.38925,12,0.4971666666666667
ESH,1973,22.4915,12,0.39283333333333337
ESH,1974,21.96558333333333,12,0.40725000000000006
ESH,1975,22.164416666666668,12,0.4515833333333333
ESH,1976,21.59783333333333,12,0.45058333333333334
ESH,1977,22.585916666666666,12,0.4151666666666667
ESH,1978,22.856583333333333,12,0.46399999999999997
ESH,1979,23.047250000000002,12,0.48816666666666664
ESH,1980,22.925666666666668,12,0.45549999999999996
ESH,1981,23.021666666666665,12,0.5971666666666666
ESH,1982,22.36791666666667,12,0.5773333333333334
ESH,1983,23.38083333333333,12,0.6556666666666667
ESH,1984,22.413,12,0.5986666666666667
ESH,1985,22.85591666666667,12,0.6653333333333333
ESH,1986,22.418083333333332,12,0.6567500000000001
ESH,1987,23.73075,12,0.7113333333333333
ESH,1988,22.811833333333336,12,0.54525
ESH,1989,23.25375,12,0.5846666666666667
ESH,1990,23.401916666666665,12,0.57375
ESH,1991,22.640333333333334,12,0.47075
ESH,1992,22.734499999999997,12,0.7699166666666667
ESH,1993,22.301916666666667,12,0.49150000000000005
ESH,1994,22.9445,12,0.47808333333333336
ESH,1995,23.37108333333333,12,0.5233333333333333
ESH,1996,23.262249999999998,12,0.5211666666666667
ESH,1997,23.643333333333334,12,0.57675
ESH,1998,23.690166666666666,12,0.62275
ESH,1999,22.836250000000003,12,0.456
ESH,2000,23.020083333333332,12,0.6894166666666667
ESH,2001,23.704916666666666,12,0.7785000000000001
ESH,2002,23.457833333333337,12,0.6388333333333334
ESH,2003,23.408916666666666,12,0.6128333333333333
ESH,2004,23.420666666666666,12,0.6359166666666667
ESH,2005,23.507666666666665,12,0.7851666666666667
ESH,2006,23.441833333333335,12,0.6629166666666667
ESH,2007,23.145416666666666,12,0.6807500000000001
ESH,2008,23.323083333333333,12,0.58875
ESH,2009,23.381083333333333,12,0.49966666666666665
ESP,1960,13.7815,12,0.2915
ESP,1961,14.636083333333334,12,0.2205
ESP,1962,13.812583333333334,12,0.27899999999999997
ESP,1963,13.395249999999999,12,0.24808333333333332
ESP,1964,14.064749999999998,12,0.24341666666666664
ESP,1965,13.654916666666667,12,0.2665
ESP,1966,13.969916666666668,12,0.24691666666666667
ESP,1967,13.697916666666666,12,0.246
ESP,1968,13.938833333333333,12,0.21925000000000003
ESP,1969,13.211333333333334,12,0.22416666666666665
ESP,1970,13.719999999999999,12,0.21983333333333333
ESP,1971,13.091583333333332,12,0.21608333333333332
ESP,1972,12.810666666666668,12,0.21783333333333332
ESP,1973,13.420166666666667,12,0.22999999999999998
ESP,1974,13.324166666666665,12,0.23391666666666666
ESP,1975,13.374249999999998,12,0.23383333333333334
ESP,1976,13.435,12,0.23458333333333334
ESP,1977,13.548499999999999,12,0.21058333333333334
ESP,1978,13.716666666666667,12,0.23183333333333334
ESP,1979,13.831666666666665,12,0.21933333333333335
ESP,1980,13.60425,12,0.19399999999999998
ESP,1981,14.273249999999999,12,0.24750000000000003
ESP,1982,14.205,12,0.2040833333333333
ESP,1983,14.1945,12,0.214
ESP,1984,13.36575,12,0.19133333333333333
ESP,1985,14.131833333333333,12,0.24325
ESP,1986,13.876249999999999,12,0.23274999999999998
ESP,1987,14.460916666666668,12,0.21266666666666667
ESP,1988,14.161333333333333,12,0.18075
ESP,1989,15.045916666666665,12,0.23641666666666664
ESP,1990,14.762083333333335,12,0.23491666666666666
ESP,1991,14.007166666666665,12,0.20325000000000001
ESP,1992,13.95525,12,0.25225000000000003
ESP,1993,13.500666666666667,12,0.20875
ESP,1994,14.651000000000002,12,0.21183333333333332
ESP,1995,15.072166666666666,12,0.22583333333333333
ESP,1996,14.15125,12,0.20891666666666667
ESP,1997,15.105916666666667,12,0.249
ESP,1998,14.552,12,0.20316666666666663
ESP,1999,14.3665,12,0.19449999999999998
ESP,2000,14.46875,12,0.25025000000000003
ESP,2001,14.616083333333334,12,0.21258333333333335
ESP,2002,14.647916666666667,12,0.21775
ESP,2003,14.996916666666666,12,0.2609166666666667
ESP,2004,14.396416666666667,12,0.23075
ESP,2005,14.303583333333334,12,0.19716666666666663
ESP,2006,15.105916666666667,12,0.23458333333333334
ESP,2007,14.241333333333332,12,0.23291666666666666
ESP,2008,14.2295,12,0.2333333333333333
ESP,2009,14.968083333333333,12,0.238
EST,1960,4.910833333333334,12,0.2965
EST,1961,6.580916666666666,12,0.3090833333333333
EST,1962,4.694583333333333,12,0.34441666666666665
EST,1963,4.21925,12,0.31283333333333335
EST,1964,5.177499999999999,12,0.27066666666666667
EST,1965,4.445083333333334,12,0.3183333333333333
EST,1966,4.064416666666667,12,0.29091666666666666
EST,1967,5.433916666666666,12,0.30433333333333334
EST,1968,4.616916666666667,12,0.28091666666666665
EST,1969,3.8089999999999997,12,0.3505833333333333
EST,1970,4.349749999999999,12,0.32558333333333334
EST,1971,5.395166666666667,12,0.2599166666666667
EST,1972,5.966583333333333,12,0.29741666666666666
EST,1973,5.5025,12,0.29941666666666666
EST,1974,6.30725,12,0.31833333333333336
EST,1975,6.911416666666667,12,0.29216666666666663
EST,1976,3.81075,12,0.29725
EST,1977,4.78075,12,0.26191666666666663
EST,1978,3.9135833333333334,12,0.28958333333333336
EST,1979,4.8045,12,0.2921666666666667
EST,1980,4.502583333333333,12,0.25775
EST,1981,5.183083333333333,12,0.22541666666666668
EST,1982,5.4446666666666665,12,0.2733333333333333
EST,1983,6.143833333333333,12,0.2788333333333333
EST,1984,5.7465,12,0.26633333333333337
EST,1985,3.56925,12,0.297
EST,1986,4.887083333333333,12,0.28525
EST,1987,3.2840833333333332,12,0.25016666666666665
EST,1988,5.7435833333333335,12,0.26366666666666666
EST,1989,7.180583333333334,12,0.32583333333333336
EST,1990,6.698583333333333,12,0.36508333333333337
EST,1991,6.258083333333334,12,0.2530833333333333
EST,1992,6.401833333333333,12,0.29150000000000004
EST,1993,5.146249999999999,12,0.26291666666666663
EST,1994,5.252250000000001,12,0.2675
EST,1995,6.165833333333333,12,0.21791666666666665
EST,1996,4.578499999999999,12,0.21075
EST,1997,5.778333333333333,12,0.26533333333333337
EST,1998,5.361416666666667,12,0.24525
EST,1999,6.456833333333333,12,0.23208333333333334
EST,2000,7.00875,12,0.23666666666666666
EST,2001,5.973,12,0.227
EST,2002,6.2115833333333335,12,0.21391666666666667
EST,2003,5.662166666666667,12,0.2781666666666667
EST,2004,5.940833333333334,12,0.22333333333333336
EST,2005,6.001416666666667,12,0.22708333333333333
EST,2006,6.531833333333332,12,0.26158333333333333
EST,2007,6.8308333333333335,12,0.21766666666666667
EST,2008,7.267833333333333,12,0.24483333333333332
EST,2009,6.061833333333333,12,0.27666666666666667
ETH,1960,22.94241666666667,12,0.4615
ETH,1961,22.895666666666667,12,0.5660833333333334
ETH,1962,22.859583333333333,12,0.5839166666666666
ETH,1963,23.074333333333332,12,0.44133333333333336
ETH,1964,22.847583333333333,12,0.38925000000000004
ETH,1965,22.85075,12,0.2955
ETH,1966,22.956333333333333,12,0.35600000000000004
ETH,1967,22.717583333333334,12,0.36791666666666667
ETH,1968,22.635166666666667,12,0.34725
ETH,1969,23.187416666666667,12,0.3495
ETH,1970,23.135583333333333,12,0.32225
ETH,1971,22.752083333333335,12,0.3388333333333333
ETH,1972,23.251,12,0.2930833333333333
ETH,1973,23.446250000000003,12,0.3401666666666667
ETH,1974,22.79225,12,0.3431666666666667
ETH,1975,22.84766666666667,12,0.36633333333333334
ETH,1976,22.999916666666667,12,0.34791666666666665
ETH,1977,23.137249999999998,12,0.31733333333333336
ETH,1978,23.11725,12,0.36575
ETH,1979,23.32941666666667,12,0.30824999999999997
ETH,1980,23.642,12,0.2915
ETH,1981,23.154583333333335,12,0.31516666666666665
ETH,1982,23.2555,12,0.37033333333333335
ETH,1983,23.493333333333336,12,0.38458333333333333
ETH,1984,23.192000000000004,12,0.3405
ETH,1985,22.916583333333335,12,0.3730833333333334
ETH,1986,23.193250000000003,12,0.34308333333333335
ETH,1987,23.626583333333333,12,0.38083333333333336
ETH,1988,23.51908333333333,12,0.3485833333333333
ETH,1989,22.855999999999998,12,0.36116666666666664
ETH,1990,23.379583333333333,12,0.47775000000000006
ETH,1991,23.41241666666667,12,0.5825833333333333
ETH,1992,23.239500000000003,12,0.48583333333333334
ETH,1993,22.98875,12,0.6285
ETH,1994,23.20866666666667,12,0.6026666666666667
ETH,1995,23.3965,12,0.4968333333333333
ETH,1996,23.358583333333332,12,0.5120833333333333
ETH,1997,23.423833333333334,12,0.5063333333333333
ETH,1998,23.68941666666667,12,0.5625833333333333
ETH,1999,23.446833333333334,12,0.5465
ETH,2000,23.762583333333335,12,0.5955833333333334
ETH,2001,23.6615,12,0.4848333333333334
ETH,2002,23.82325,12,0.5956666666666667
ETH,2003,23.857166666666668,12,0.54525
ETH,2004,23.778666666666666,12,0.43916666666666665
ETH,2005,23.89691666666667,12,0.4855
ETH,2006,23.77808333333333,12,0.39875
ETH,2007,23.724,12,0.45733333333333337
ETH,2008,23.60258333333333,12,0.4343333333333333
ETH,2009,24.273583333333335,12,0.39025
FIN,1960,1.7759166666666666,12,0.2539166666666666
FIN,1961,3.028416666666667,12,0.2838333333333333
FIN,1962,1.0015,12,0.29833333333333334
FIN,1963,1.28875,12,0.2709166666666667
FIN,1964,1.9111666666666667,12,0.23475000000000001
FIN,1965,0.8898333333333333,12,0.2970833333333333
FIN,1966,-0.2560833333333332,12,0.3105
FIN,1967,2.0126666666666666,12,0.2635
FIN,1968,0.4874166666666666,12,0.2675
FIN,1969,0.5302500000000006,12,0.29758333333333337
FIN,1970,1.1733333333333336,12,0.24825
FIN,1971,0.8563333333333333,12,0.24183333333333334
FIN,1972,2.8245833333333334,12,0.2579166666666667
FIN,1973,1.7123333333333335,12,0.2733333333333334
FIN,1974,3.3626666666666662,12,0.25708333333333333
FIN,1975,2.9960833333333334,12,0.26033333333333336
FIN,1976,0.41300000000000026,12,0.25966666666666666
FIN,1977,1.1675833333333332,12,0.22466666666666668
FIN,1978,0.11508333333333336,12,0.24258333333333335
FIN,1979,1.4055833333333332,12,0.22316666666666665
FIN,1980,0.8816666666666663,12,0.20766666666666667
FIN,1981,0.8399999999999999,12,0.2598333333333333
FIN,1982,1.8109166666666672,12,0.221
FIN,1983,2.0014166666666666,12,0.2315
FIN,1984,2.4258333333333333,12,0.22508333333333333
FIN,1985,-0.4875000000000001,12,0.2838333333333333
FIN,1986,1.1774166666666668,12,0.2579166666666667
FIN,1987,-0.15625000000000014,12,0.232
FIN,1988,1.8564999999999998,12,0.21058333333333334
FIN,1989,3.6703333333333332,12,0.25766666666666665
FIN,1990,2.9432500000000004,12,0.26458333333333334
FIN,1991,2.32825,12,0.21541666666666667
FIN,1992,2.6495833333333336,12,0.26433333333333336
FIN,1993,1.7829166666666667,12,0.21108333333333332
FIN,1994,1.7739166666666668,12,0.22408333333333333
FIN,1995,2.3540833333333335,12,0.23258333333333334
FIN,1996,1.6930833333333337,12,0.17675
FIN,1997,2.227583333333333,12,0.22858333333333333
FIN,1998,1.22675,12,0.2210833333333333
FIN,1999,2.3225,12,0.22724999999999998
FIN,2000,3.590666666666667,12,0.24575
FIN,2001,2.09525,12,0.24050000000000002
FIN,2002,2.230166666666667,12,0.2175
FIN,2003,2.499833333333333,12,0.27416666666666667
FIN,2004,2.6147500000000004,12,0.23850000000000002
FIN,2005,3.2302500000000003,12,0.2195
FIN,2006,2.8921666666666668,12,0.23016666666666666
FIN,2007,3.092333333333334,12,0.21408333333333332
FIN,2008,3.2009166666666666,12,0.21483333333333332
FIN,2009,2.43925,12,0.24891666666666667
FJI,1960,25.169916666666666,12,0.33675000000000005
FJI,1961,25.355166666666666,12,0.29816666666666664
FJI,1962,25.05875,12,0.29983333333333334
FJI,1963,25.087166666666665,12,0.26591666666666663
FJI,1964,25.31016666666667,12,0.30416666666666664
FJI,1965,24.5585,12,0.31366666666666665
FJI,1966,24.740499999999997,12,0.3165833333333333
FJI,1967,24.949916666666667,12,0.3309166666666667
FJI,1968,25.07225,12,0.24550000000000002
FJI,1969,25.028499999999998,12,0.39691666666666664
FJI,1970,25.276416666666666,12,0.333
FJI,1971,25.425250000000002,12,0.4286666666666667
FJI,1972,25.15291666666667,12,0.35050000000000003
FJI,1973,25.679666666666666,12,0.28558333333333336
FJI,1974,25.550833333333333,12,0.27708333333333335
FJI,1975,25.667,12,0.26891666666666664
FJI,1976,25.423083333333334,12,0.3235
FJI,1977,25.113833333333332,12,0.2644166666666667
FJI,1978,25.000249999999998,12,0.26308333333333334
FJI,1979,25.25108333333333,12,0.22391666666666665
FJI,1980,25.281583333333334,12,0.22233333333333336
FJI,1981,25.4285,12,0.2510833333333333
FJI,1982,25.259416666666667,12,0.25816666666666666
FJI,1983,25.270416666666666,12,0.2900833333333333
FJI,1984,25.547833333333333,12,0.2781666666666667
FJI,1985,25.472833333333337,12,0.25166666666666665
FJI,1986,25.014750000000003,12,0.27108333333333334
FJI,1987,25.162666666666667,12,0.2235
FJI,1988,25.919916666666666,12,0.18816666666666668
FJI,1989,25.445333333333334,12,0.32558333333333334
FJI,1990,25.400499999999997,12,0.31975000000000003
FJI,1991,25.348,12,0.26058333333333333
FJI,1992,25.296333333333333,12,0.24975
FJI,1993,25.007166666666667,12,0.23199999999999998
FJI,1994,25.148750000000003,12,0.1988333333333333
FJI,1995,25.715999999999998,12,0.19375
FJI,1996,25.861083333333337,12,0.24108333333333332
FJI,1997,25.32341666666667,12,0.25916666666666666
FJI,1998,25.865333333333336,12,0.22383333333333333
FJI,1999,25.686666666666667,12,0.22858333333333333
FJI,2000,25.837166666666672,12,0.24358333333333335
FJI,2001,25.751416666666668,12,0.32525
FJI,2002,25.713333333333335,12,0.3481666666666667
FJI,2003,25.44666666666667,12,0.32583333333333336
FJI,2004,25.50775,12,0.3016666666666667
FJI,2005,25.643416666666667,12,0.28175
FJI,2006,25.6315,12,0.2975
FJI,2007,26.055333333333333,12,0.26766666666666666
FJI,2008,25.730166666666666,12,0.28525
FJI,2009,25.227416666666667,12,0.34758333333333336
FLK,1960,6.59875,12,0.5854166666666667
FLK,1961,5.925833333333333,12,0.4776666666666667
FLK,1962,6.740166666666667,12,1.0330833333333334
FLK,1963,6.011916666666667,12,0.8139166666666666
FLK,1964,5.980166666666666,12,0.7324166666666666
FLK,1965,6.386833333333333,12,0.634
FLK,1966,5.865666666666667,12,0.7503333333333333
FLK,1967,6.387666666666667,12,0.66025
FLK,1968,6.687916666666666,12,0.801
FLK,1969,6.134666666666667,12,0.6273333333333333
FLK,1970,6.4435,12,0.6879166666666666
FLK,1971,6.001083333333334,12,0.6779999999999999
FLK,1972,5.952583333333334,12,0.6984166666666667
FLK,1973,6.263750000000001,12,0.7545833333333333
FLK,1974,6.360916666666667,12,0.5966666666666667
FLK,1975,6.268750000000001,12,0.6596666666666666
FLK,1976,5.92175,12,0.5981666666666666
FLK,1977,6.442833333333334,12,0.6030833333333333
FLK,1978,6.593833333333333,12,0.45608333333333334
FLK,1979,6.8535,12,0.6625833333333333
FLK,1980,6.260416666666667,12,0.5535833333333333
FLK,1981,6.4703333333333335,12,0.6750833333333334
FLK,1982,6.773416666666666,12,0.7165
FLK,1983,6.921083333333333,12,0.6805833333333333
FLK,1984,6.042083333333333,12,0.7280833333333333
FLK,1985,6.954583333333333,12,0.7239166666666667
FLK,1986,6.24625,12,0.48583333333333334
FLK,1987,6.632916666666667,12,0.547
FLK,1988,6.429666666666667,12,0.5391666666666667
FLK,1989,7.331416666666667,12,0.66525
FLK,1990,6.801666666666667,12,0.5619166666666667
FLK,1991,6.1025,12,0.6579166666666667
FLK,1992,6.359500000000001,12,1.07
FLK,1993,7.103750000000001,12,0.44225000000000003
FLK,1994,6.3855,12,0.46058333333333334
FLK,1995,6.0985000000000005,12,0.41324999999999995
FLK,1996,6.845166666666667,12,0.3938333333333333
FLK,1997,6.304583333333333,12,0.5227499999999999
FLK,1998,7.651666666666667,12,0.48525
FLK,1999,6.989666666666667,12,0.5195833333333334
FLK,2000,6.401166666666668,12,0.45541666666666664
FLK,2001,6.6475,12,0.4446666666666667
FLK,2002,6.044250000000001,12,0.4649166666666667
FLK,2003,6.533666666666666,12,0.6054166666666667
FLK,2004,7.391416666666667,12,0.58075
FLK,2005,6.601916666666667,12,0.32158333333333333
FLK,2006,7.062083333333334,12,0.45849999999999996
FLK,2007,6.3379166666666675,12,0.42375
FLK,2008,6.9190000000000005,12,0.39008333333333334
FLK,2009,6.559916666666666,12,0.43016666666666664
FRA,1960,13.027666666666667,12,0.3140833333333333
FRA,1961,13.701833333333333,12,0.28375
FRA,1962,12.414333333333333,12,0.31858333333333333
FRA,1963,12.072833333333334,12,0.27225
FRA,1964,12.990416666666667,12,0.2694166666666667
FRA,1965,12.501833333333332,12,0.29891666666666666
FRA,1966,13.215166666666667,12,0.2980833333333333
FRA,1967,13.0875,12,0.2806666666666667
FRA,1968,12.79775,12,0.23933333333333331
FRA,1969,12.8335,12,0.24608333333333332
FRA,1970,12.89925,12,0.249
FRA,1971,12.869166666666667,12,0.2515833333333333
FRA,1972,12.594416666666667,12,0.2735
FRA,1973,12.887166666666667,12,0.25175
FRA,1974,13.040416666666667,12,0.23391666666666666
FRA,1975,12.9625,12,0.2569166666666666
FRA,1976,13.278333333333334,12,0.26225000000000004
FRA,1977,13.016583333333335,12,0.22141666666666668
FRA,1978,12.657000000000002,12,0.23016666666666666
FRA,1979,12.836416666666667,12,0.22541666666666668
FRA,1980,12.555833333333332,12,0.2020833333333333
FRA,1981,13.080666666666666,12,0.23666666666666666
FRA,1982,13.679416666666667,12,0.21575
FRA,1983,13.487833333333334,12,0.21341666666666667
FRA,1984,12.868250000000002,12,0.22999999999999998
FRA,1985,12.628,12,0.2394166666666667
FRA,1986,12.871666666666668,12,0.21616666666666665
FRA,1987,12.955166666666665,12,0.19833333333333333
FRA,1988,13.580916666666667,12,0.20466666666666666
FRA,1989,13.930083333333334,12,0.24691666666666667
FRA,1990,14.038833333333335,12,0.23841666666666664
FRA,1991,13.1395,12,0.20316666666666663
FRA,1992,13.462916666666667,12,0.25899999999999995
FRA,1993,13.150166666666665,12,0.22191666666666665
FRA,1994,14.156166666666666,12,0.228
FRA,1995,13.89975,12,0.21091666666666667
FRA,1996,13.013916666666667,12,0.20258333333333334
FRA,1997,14.095999999999998,12,0.23683333333333334
FRA,1998,13.720666666666666,12,0.1925
FRA,1999,13.904916666666667,12,0.19066666666666665
FRA,2000,13.967333333333334,12,0.22783333333333333
FRA,2001,13.6965,12,0.21816666666666665
FRA,2002,14.048166666666667,12,0.20866666666666664
FRA,2003,14.337916666666667,12,0.27108333333333334
FRA,2004,13.664083333333332,12,0.2285
FRA,2005,13.694250000000002,12,0.19833333333333333
FRA,2006,14.143833333333333,12,0.23075
FRA,2007,13.896583333333332,12,0.19708333333333336
FRA,2008,13.5815,12,0.19425
FRA,2009,13.941666666666668,12,0.20466666666666666
FRO,1960,7.4985,12,0.5778333333333333
FRO,1961,7.298749999999999,12,0.7261666666666667
FRO,1962,6.461166666666667,12,0.5776666666666667
FRO,1963,6.699666666666666,12,0.5275
FRO,1964,7.203916666666667,12,0.4663333333333333
FRO,1965,6.415333333333333,12,0.5275833333333334
FRO,1966,6.433916666666668,12,0.45925
FRO,1967,6.739083333333333,12,0.5331666666666667
FRO,1968,6.476333333333334,12,0.5300833333333334
FRO,1969,6.336333333333333,12,0.45608333333333334
FRO,1970,6.4105,12,0.39516666666666667
FRO,1971,7.116583333333334,12,0.39199999999999996
FRO,1972,7.533916666666666,12,0.39358333333333334
FRO,1973,6.609083333333333,12,0.3561666666666667
FRO,1974,7.46825,12,0.36125
FRO,1975,6.900666666666667,12,0.3511666666666666
FRO,1976,7.202916666666667,12,0.3725
FRO,1977,6.729,12,0.3368333333333333
FRO,1978,6.610833333333333,12,0.37024999999999997
FRO,1979,5.846166666666666,12,0.3875
FRO,1980,6.842416666666666,12,0.36516666666666664
FRO,1981,6.145666666666667,12,0.35250000000000004
FRO,1982,7.062916666666666,12,0.33308333333333334
FRO,1983,6.572,12,0.37625
FRO,1984,7.342583333333334,12,0.3179166666666667
FRO,1985,6.412166666666667,12,0.3706666666666667
FRO,1986,6.628416666666666,12,0.35766666666666663
FRO,1987,7.0977500000000004,12,0.30375
FRO,1988,6.889,12,0.32125
FRO,1989,7.12575,12,0.30725
FRO,1990,7.401833333333333,12,0.3755833333333333
FRO,1991,7.56575,12,0.316
FRO,1992,7.304333333333333,12,0.3571666666666667
FRO,1993,6.709833333333333,12,0.36233333333333334
FRO,1994,6.8505,12,0.37333333333333335
FRO,1995,6.52525,12,0.4380833333333333
FRO,1996,6.989666666666667,12,0.3401666666666667
FRO,1997,7.5914166666666665,12,0.35741666666666666
FRO,1998,7.047416666666667,12,0.3473333333333333
FRO,1999,7.102333333333333,12,0.41041666666666665
FRO,2000,7.19175,12,0.3595
FRO,2001,7.125083333333333,12,0.4300833333333333
FRO,2002,7.889749999999999,12,0.36375
FRO,2003,8.21875,12,0.351
FRO,2004,7.850333333333334,12,0.31575
FRO,2005,7.319166666666667,12,0.32749999999999996
FRO,2006,7.8785,12,0.3145
FRO,2007,7.55075,12,0.35200000000000004
FRO,2008,7.5071666666666665,12,0.33041666666666664
FRO,2009,7.995916666666666,12,0.35633333333333334
FSM,1960,26.950166666666664,12,0.41500000000000004
FSM,1961,26.810833333333335,12,0.44316666666666665
FSM,1962,26.837833333333332,12,0.3393333333333333
FSM,1963,26.779833333333332,12,0.37316666666666665
FSM,1964,26.614333333333335,12,0.4451666666666667
FSM,1965,26.5775,12,0.32175000000000004
FSM,1966,26.849416666666666,12,0.29591666666666666
FSM,1967,26.694666666666667,12,0.28541666666666665
FSM,1968,26.7055,12,0.37575000000000003
FSM,1969,26.856833333333338,12,0.37424999999999997
FSM,1970,26.937583333333336,12,0.5321666666666667
FSM,1971,26.549750000000003,12,0.6446666666666666
FSM,1972,26.658416666666668,12,0.4991666666666667
FSM,1973,27.100833333333338,12,0.4495
FSM,1974,26.83966666666667,12,0.31225
FSM,1975,27.012333333333334,12,0.6209166666666667
FSM,1976,26.95075,12,0.5345
FSM,1977,27.301583333333337,12,0.3954166666666667
FSM,1978,27.238833333333336,12,0.32475000000000004
FSM,1979,27.180833333333336,12,0.28141666666666665
FSM,1980,27.316833333333335,12,0.3631666666666667
FSM,1981,27.404750000000003,12,0.30141666666666667
FSM,1982,27.166083333333333,12,0.302
FSM,1983,27.514083333333332,12,0.44249999999999995
FSM,1984,27.505499999999998,12,0.31683333333333336
FSM,1985,27.234333333333336,12,0.39641666666666664
FSM,1986,27.340333333333334,12,0.25066666666666665
FSM,1987,27.39316666666667,12,0.3396666666666666
FSM,1988,27.521666666666672,12,0.265
FSM,1989,27.109416666666664,12,0.4518333333333333
FSM,1990,27.26825,12,0.4383333333333333
FSM,1991,27.101333333333333,12,0.38058333333333333
FSM,1992,27.216333333333335,12,0.3453333333333333
FSM,1993,26.998166666666666,12,0.29841666666666666
FSM,1994,27.298416666666668,12,0.29241666666666666
FSM,1995,27.43641666666667,12,0.23133333333333336
FSM,1996,27.28108333333333,12,0.3495
FSM,1997,27.14075,12,0.36641666666666667
FSM,1998,27.475583333333333,12,0.294
FSM,1999,27.068250000000003,12,0.30725
FSM,2000,27.442833333333336,12,0.37683333333333335
FSM,2001,27.508750000000003,12,0.29841666666666666
FSM,2002,27.59266666666667,12,0.27575
FSM,2003,27.639833333333332,12,0.5491666666666667
FSM,2004,27.72366666666667,12,0.6446666666666666
FSM,2005,27.59875,12,0.2806666666666667
FSM,2006,27.389083333333332,12,0.6521666666666667
FSM,2007,27.46291666666667,12,0.3216666666666667
FSM,2008,27.32133333333333,12,0.44166666666666665
FSM,2009,27.589,12,0.48441666666666666
GAB,1960,24.530833333333334,12,0.22658333333333336
GAB,1961,24.196416666666668,12,0.23758333333333334
GAB,1962,24.357833333333335,12,0.248
GAB,1963,24.59625,12,0.23525
GAB,1964,24.26375,12,0.24916666666666668
GAB,1965,24.28291666666667,12,0.25125000000000003
GAB,1966,24.59566666666667,12,0.21758333333333335
GAB,1967,24.2895,12,0.21541666666666667
GAB,1968,24.25691666666667,12,0.19766666666666666
GAB,1969,24.503583333333335,12,0.2285
GAB,1970,24.49875,12,0.2195
GAB,1971,24.167333333333335,12,0.2675
GAB,1972,24.265,12,0.2806666666666667
GAB,1973,24.695833333333336,12,0.27191666666666664
GAB,1974,24.149666666666665,12,0.26466666666666666
GAB,1975,24.17325,12,0.2594166666666667
GAB,1976,23.909333333333336,12,0.25833333333333336
GAB,1977,24.5535,12,0.253
GAB,1978,24.347333333333335,12,0.21716666666666665
GAB,1979,24.693749999999998,12,0.21058333333333334
GAB,1980,24.62375,12,0.21508333333333332
GAB,1981,24.295416666666668,12,0.27191666666666664
GAB,1982,24.127750000000002,12,0.24525
GAB,1983,24.613083333333336,12,0.2808333333333333
GAB,1984,24.62366666666667,12,0.2629166666666667
GAB,1985,24.303416666666667,12,0.2534166666666667
GAB,1986,24.296499999999998,12,0.21375
GAB,1987,24.847083333333334,12,0.22091666666666665
GAB,1988,24.773666666666667,12,0.27875
GAB,1989,24.508083333333335,12,0.32125
GAB,1990,24.570833333333336,12,0.3466666666666667
GAB,1991,24.566833333333335,12,0.41208333333333336
GAB,1992,24.24025,12,0.2629166666666667
GAB,1993,24.5445,12,0.2404166666666667
GAB,1994,24.64708333333333,12,0.3075
GAB,1995,24.936916666666665,12,0.35925
GAB,1996,24.46475,12,0.4290833333333333
GAB,1997,24.73041666666667,12,0.3478333333333334
GAB,1998,25.394833333333334,12,0.25866666666666666
GAB,1999,24.736833333333333,12,0.355
GAB,2000,24.57241666666667,12,0.30791666666666667
GAB,2001,24.513583333333333,12,0.4375
GAB,2002,24.833916666666667,12,0.4175
GAB,2003,24.912000000000003,12,0.36733333333333335
GAB,2004,24.853250000000003,12,0.3165
GAB,2005,24.965416666666666,12,0.3209166666666667
GAB,2006,25.157750000000004,12,0.40599999999999997
GAB,2007,25.063583333333337,12,0.4515
GAB,2008,25.127916666666668,12,0.455
GAB,2009,25.134666666666664,12,0.4363333333333333
GBR,1960,8.91975,12,0.268
GBR,1961,9.001666666666667,12,0.2618333333333333
GBR,1962,7.994,12,0.2975
GBR,1963,7.79075,12,0.2534166666666667
GBR,1964,8.679166666666667,12,0.25425000000000003
GBR,1965,8.1545,12,0.28058333333333335
GBR,1966,8.559916666666668,12,0.25366666666666665
GBR,1967,8.833166666666667,12,0.27891666666666665
GBR,1968,8.565916666666666,12,0.24883333333333332
GBR,1969,8.467916666666667,12,0.2454166666666667
GBR,1970,8.66975,12,0.2528333333333333
GBR,1971,9.0505,12,0.24966666666666668
GBR,1972,8.4925,12,0.26816666666666666
GBR,1973,8.7935,12,0.25333333333333335
GBR,1974,8.760166666666667,12,0.23950000000000002
GBR,1975,9.077916666666667,12,0.25075
GBR,1976,9.090333333333334,12,0.2551666666666667
GBR,1977,8.6495,12,0.23808333333333334
GBR,1978,8.548416666666666,12,0.24558333333333335
GBR,1979,8.05275,12,0.22691666666666666
GBR,1980,8.643166666666668,12,0.19275
GBR,1981,8.487083333333333,12,0.21816666666666665
GBR,1982,9.014583333333333,12,0.2628333333333333
GBR,1983,9.091666666666667,12,0.2930833333333333
GBR,1984,8.90725,12,0.24625
GBR,1985,8.173250000000001,12,0.23758333333333334
GBR,1986,8.00275,12,0.21275
GBR,1987,8.33025,12,0.1985
GBR,1988,8.973083333333333,12,0.1945
GBR,1989,9.5875,12,0.23416666666666666
GBR,1990,9.674583333333333,12,0.2324166666666667
GBR,1991,8.828333333333333,12,0.20883333333333332
GBR,1992,9.025,12,0.251
GBR,1993,8.66975,12,0.21225000000000002
GBR,1994,9.15075,12,0.21825000000000003
GBR,1995,9.419583333333334,12,0.20675
GBR,1996,8.551166666666667,12,0.18958333333333333
GBR,1997,9.644250000000001,12,0.212
GBR,1998,9.46275,12,0.20083333333333334
GBR,1999,9.663333333333332,12,0.22841666666666668
GBR,2000,9.379666666666667,12,0.20933333333333334
GBR,2001,9.140083333333335,12,0.22375
GBR,2002,9.679666666666668,12,0.21391666666666667
GBR,2003,9.742083333333333,12,0.2535833333333333
GBR,2004,9.737333333333334,12,0.20175
GBR,2005,9.65525,12,0.20841666666666667
GBR,2006,9.943416666666666,12,0.2374166666666667
GBR,2007,9.797500000000001,12,0.17741666666666667
GBR,2008,9.34825,12,0.19383333333333333
GBR,2009,9.453333333333333,12,0.20883333333333334
GEO,1960,8.76125,12,0.4076666666666667
GEO,1961,8.890166666666667,12,0.36375
GEO,1962,9.664166666666667,12,0.39491666666666664
GEO,1963,8.641416666666666,12,0.321
GEO,1964,7.681333333333334,12,0.38408333333333333
GEO,1965,8.177166666666666,12,0.41733333333333333
GEO,1966,10.488083333333334,12,0.333
GEO,1967,7.829,12,0.3698333333333333
GEO,1968,8.682916666666667,12,0.30466666666666664
GEO,1969,7.924916666666667,12,0.3396666666666666
GEO,1970,9.183583333333333,12,0.26533333333333337
GEO,1971,8.830916666666667,12,0.3914166666666667
GEO,1972,7.990416666666667,12,0.4254166666666666
GEO,1973,7.8518333333333326,12,0.3551666666666667
GEO,1974,8.251,12,0.3581666666666667
GEO,1975,8.736916666666668,12,0.32749999999999996
GEO,1976,7.7195,12,0.332
GEO,1977,8.305416666666666,12,0.2784166666666667
GEO,1978,8.409916666666666,12,0.28108333333333335
GEO,1979,9.565083333333334,12,0.26708333333333334
GEO,1980,8.783083333333334,12,0.2843333333333333
GEO,1981,9.44175,12,0.32283333333333336
GEO,1982,7.979666666666667,12,0.35533333333333333
GEO,1983,8.613083333333334,12,0.31708333333333333
GEO,1984,8.51825,12,0.36791666666666667
GEO,1985,8.372166666666667,12,0.4355
GEO,1986,8.797166666666667,12,0.34425
GEO,1987,8.169916666666667,12,0.3313333333333333
GEO,1988,8.206333333333333,12,0.304
GEO,1989,8.936583333333333,12,0.39666666666666667
GEO,1990,8.84425,12,0.30216666666666664
GEO,1991,8.857083333333334,12,0.3134166666666667
GEO,1992,7.390916666666666,12,0.44333333333333336
GEO,1993,7.397833333333334,12,0.41124999999999995
GEO,1994,8.718333333333334,12,0.36000000000000004
GEO,1995,9.427583333333333,12,0.265
GEO,1996,9.117916666666668,12,0.39175
GEO,1997,8.550666666666666,12,0.36525
GEO,1998,9.85875,12,0.3194166666666666
GEO,1999,9.769166666666667,12,0.32983333333333337
GEO,2000,9.311166666666667,12,0.4439166666666667
GEO,2001,9.861749999999999,12,0.35541666666666666
GEO,2002,9.206,12,0.47058333333333335
GEO,2003,8.804583333333333,12,0.35083333333333333
GEO,2004,9.218583333333333,12,0.39008333333333334
GEO,2005,9.4135,12,0.35758333333333336
GEO,2006,9.40375,12,0.32816666666666666
GEO,2007,9.525916666666667,12,0.3354166666666667
GEO,2008,9.308583333333333,12,0.3426666666666667
GEO,2009,9.552083333333334,12,0.3273333333333333
GGY,1960,11.313833333333333,12,0.34475000000000006
GGY,1961,11.70575,12,0.3655
GGY,1962,10.3605,12,0.38575000000000004
GGY,1963,9.803500000000001,12,0.3358333333333334
GGY,1964,10.916916666666665,12,0.24883333333333332
GGY,1965,10.56775,12,0.2804166666666667
GGY,1966,11.476666666666667,12,0.321
GGY,1967,11.145916666666666,12,0.2535
GGY,1968,10.990166666666667,12,0.2665
GGY,1969,11.1775,12,0.25508333333333333
GGY,1970,11.051083333333333,12,0.29275
GGY,1971,11.21825,12,0.31216666666666665
GGY,1972,10.71875,12,0.28941666666666666
GGY,1973,11.115833333333333,12,0.25608333333333333
GGY,1974,11.129,12,0.23908333333333334
GGY,1975,11.415166666666666,12,0.26166666666666666
GGY,1976,11.5645,12,0.2728333333333333
GGY,1977,11.074166666666665,12,0.22891666666666666
GGY,1978,10.935,12,0.2305
GGY,1979,10.58775,12,0.24025
GGY,1980,10.825166666666666,12,0.2001666666666667
GGY,1981,11.18125,12,0.266
GGY,1982,11.661416666666668,12,0.21783333333333332
GGY,1983,11.568666666666667,12,0.24233333333333337
GGY,1984,11.368916666666665,12,0.24708333333333332
GGY,1985,10.698416666666667,12,0.243
GGY,1986,10.396833333333333,12,0.20966666666666667
GGY,1987,10.688,12,0.22899999999999998
GGY,1988,11.60225,12,0.25808333333333333
GGY,1989,12.359416666666666,12,0.26091666666666663
GGY,1990,12.3365,12,0.30183333333333334
GGY,1991,10.890583333333334,12,0.24816666666666667
GGY,1992,11.448916666666667,12,0.24925
GGY,1993,11.187666666666667,12,0.22066666666666668
GGY,1994,12.080666666666666,12,0.22083333333333333
GGY,1995,12.187083333333334,12,0.23424999999999999
GGY,1996,11.016916666666667,12,0.18416666666666667
GGY,1997,12.098666666666666,12,0.21791666666666668
GGY,1998,11.846166666666667,12,0.18175
GGY,1999,12.34525,12,0.22008333333333333
GGY,2000,11.918999999999999,12,0.25625000000000003
GGY,2001,11.876416666666666,12,0.24916666666666668
GGY,2002,12.245083333333334,12,0.24491666666666667
GGY,2003,12.2355,12,0.2738333333333333
GGY,2004,11.950333333333333,12,0.21791666666666668
GGY,2005,12.050083333333333,12,0.17316666666666666
GGY,2006,12.187249999999999,12,0.27691666666666664
GGY,2007,12.227666666666666,12,0.21375
GGY,2008,11.761583333333332,12,0.19833333333333333
GGY,2009,11.732583333333332,12,0.20433333333333334
GHA,1960,26.825416666666666,12,0.26008333333333333
GHA,1961,26.683083333333332,12,0.29675
GHA,1962,26.663583333333335,12,0.29416666666666663
GHA,1963,26.9145,12,0.2295
GHA,1964,26.53408333333333,12,0.22391666666666665
GHA,1965,26.607,12,0.28425
GHA,1966,26.909833333333335,12,0.25025000000000003
GHA,1967,26.583416666666665,12,0.27308333333333334
GHA,1968,26.73175,12,0.2305
GHA,1969,27.125416666666666,12,0.24508333333333335
GHA,1970,27.142916666666668,12,0.24641666666666664
GHA,1971,26.60983333333333,12,0.19541666666666666
GHA,1972,26.85666666666667,12,0.21975
GHA,1973,27.372,12,0.23275
GHA,1974,26.699166666666667,12,0.24241666666666664
GHA,1975,26.57025,12,0.24950000000000003
GHA,1976,26.380333333333336,12,0.24241666666666664
GHA,1977,27.019666666666666,12,0.2514166666666667
GHA,1978,26.81416666666667,12,0.29458333333333336
GHA,1979,27.144666666666666,12,0.2306666666666667
GHA,1980,27.07941666666667,12,0.28191666666666665
GHA,1981,27.01816666666667,12,0.23975000000000002
GHA,1982,26.801000000000002,12,0.2935
GHA,1983,27.317666666666668,12,0.29458333333333336
GHA,1984,27.17716666666667,12,0.25558333333333333
GHA,1985,26.938916666666668,12,0.2861666666666667
GHA,1986,26.891916666666663,12,0.28683333333333333
GHA,1987,27.782750000000004,12,0.27499999999999997
GHA,1988,27.244250000000005,12,0.2658333333333333
GHA,1989,27.001,12,0.28991666666666666
GHA,1990,27.24475,12,0.35958333333333337
GHA,1991,26.96941666666667,12,0.2728333333333333
GHA,1992,26.833250000000003,12,0.33116666666666666
GHA,1993,27.088916666666666,12,0.2900833333333333
GHA,1994,26.966083333333334,12,0.291
GHA,1995,27.21225,12,0.29308333333333336
GHA,1996,27.13083333333333,12,0.26808333333333334
GHA,1997,27.072916666666668,12,0.3104166666666667
GHA,1998,27.6635,12,0.2663333333333333
GHA,1999,27.11991666666667,12,0.2694166666666667
GHA,2000,27.24591666666667,12,0.29508333333333336
GHA,2001,27.278750000000002,12,0.36991666666666667
GHA,2002,27.401083333333332,12,0.25766666666666665
GHA,2003,27.533500000000004,12,0.27108333333333334
GHA,2004,27.415833333333335,12,0.23991666666666667
GHA,2005,27.601166666666668,12,0.2175
GHA,2006,27.58158333333333,12,0.28975
GHA,2007,27.627666666666666,12,0.3099166666666667
GHA,2008,27.367833333333333,12,0.35533333333333333
GHA,2009,27.55758333333333,12,0.31216666666666665
GIN,1960,25.634666666666664,12,0.2564166666666667
GIN,1961,25.4315,12,0.25933333333333336
GIN,1962,25.44666666666667,12,0.2960833333333333
GIN,1963,25.774333333333335,12,0.2881666666666667
GIN,1964,25.497833333333332,12,0.26183333333333336
GIN,1965,25.373583333333332,12,0.32625
GIN,1966,25.6155,12,0.2753333333333333
GIN,1967,25.29008333333333,12,0.2975
GIN,1968,25.573833333333337,12,0.25908333333333333
GIN,1969,26.010583333333333,12,0.30925
GIN,1970,25.817583333333335,12,0.34308333333333335
GIN,1971,25.439916666666665,12,0.24649999999999997
GIN,1972,25.743583333333333,12,0.2840833333333333
GIN,1973,26.03675,12,0.291
GIN,1974,25.467250000000003,12,0.3115833333333333
GIN,1975,25.338583333333332,12,0.30333333333333334
GIN,1976,25.244333333333334,12,0.27199999999999996
GIN,1977,25.799750000000003,12,0.28091666666666665
GIN,1978,25.662833333333335,12,0.26558333333333334
GIN,1979,25.9315,12,0.26699999999999996
GIN,1980,26.082250000000002,12,0.24491666666666667
GIN,1981,25.862,12,0.26216666666666666
GIN,1982,25.581666666666667,12,0.32275000000000004
GIN,1983,26.18858333333333,12,0.27191666666666664
GIN,1984,25.82541666666667,12,0.23983333333333334
GIN,1985,25.819083333333335,12,0.3401666666666667
GIN,1986,25.5275,12,0.36516666666666664
GIN,1987,26.306583333333336,12,0.34958333333333336
GIN,1988,25.932333333333332,12,0.26508333333333334
GIN,1989,25.735,12,0.263
GIN,1990,26.011166666666668,12,0.28675
GIN,1991,26.050666666666668,12,0.43716666666666665
GIN,1992,25.78408333333333,12,0.361
GIN,1993,26.027833333333334,12,0.4035
GIN,1994,25.755416666666665,12,0.3745833333333333
GIN,1995,25.946083333333334,12,0.4134166666666667
GIN,1996,26.10075,12,0.39749999999999996
GIN,1997,25.985666666666663,12,0.48983333333333334
GIN,1998,26.519666666666666,12,0.45075
GIN,1999,25.841916666666666,12,0.49750000000000005
GIN,2000,25.969166666666666,12,0.37625
GIN,2001,26.2885,12,0.7022499999999999
GIN,2002,26.514833333333332,12,0.5545
GIN,2003,26.409750000000003,12,0.641
GIN,2004,26.40416666666667,12,0.5063333333333333
GIN,2005,26.50725,12,0.42683333333333334
GIN,2006,26.120583333333332,12,0.46775000000000005
GIN,2007,26.317333333333334,12,0.47808333333333336
GIN,2008,26.28775,12,0.40858333333333335
GIN,2009,26.325666666666667,12,0.41483333333333333
GLP,1960,26.846666666666668,12,0.3690833333333334
GLP,1961,26.603916666666667,12,0.39158333333333334
GLP,1962,26.656750000000002,12,0.37525000000000003
GLP,1963,26.794416666666667,12,0.38641666666666663
GLP,1964,26.602999999999998,12,0.39358333333333334
GLP,1965,26.346666666666668,12,0.40358333333333335
GLP,1966,26.520166666666668,12,0.4034166666666667
GLP,1967,26.258,12,0.3465833333333333
GLP,1968,26.312583333333336,12,0.3511666666666667
GLP,1969,26.795,12,0.3020833333333333
GLP,1970,26.631416666666667,12,0.33375
GLP,1971,26.290833333333335,12,0.28791666666666665
GLP,1972,26.475583333333333,12,0.3120833333333333
GLP,1973,26.762249999999998,12,0.3428333333333333
GLP,1974,26.251833333333334,12,0.27125
GLP,1975,26.23725,12,0.29575
GLP,1976,26.157833333333333,12,0.29558333333333336
GLP,1977,26.71825,12,0.27358333333333335
GLP,1978,26.748,12,0.27399999999999997
GLP,1979,26.57541666666667,12,0.26208333333333333
GLP,1980,27.012333333333334,12,0.21883333333333332
GLP,1981,26.9525,12,0.30216666666666664
GLP,1982,26.5945,12,0.25666666666666665
GLP,1983,26.957083333333333,12,0.27408333333333335
GLP,1984,26.485583333333334,12,0.23575000000000002
GLP,1985,26.49383333333333,12,0.2743333333333333
GLP,1986,26.595583333333334,12,0.23908333333333331
GLP,1987,27.126416666666668,12,0.2885
GLP,1988,26.84875,12,0.2540833333333333
GLP,1989,26.585166666666666,12,0.24916666666666668
GLP,1990,26.832916666666666,12,0.27225
GLP,1991,26.77541666666667,12,0.2213333333333333
GLP,1992,26.800833333333333,12,0.296
GLP,1993,26.842833333333335,12,0.24450000000000002
GLP,1994,26.826083333333333,12,0.25216666666666665
GLP,1995,27.25725,12,0.238
GLP,1996,26.851916666666668,12,0.24091666666666667
GLP,1997,27.19725,12,0.19391666666666665
GLP,1998,27.500500000000002,12,0.22441666666666668
GLP,1999,27.015,12,0.27016666666666667
GLP,2000,26.788333333333338,12,0.215
GLP,2001,27.14525,12,0.22816666666666666
GLP,2002,27.232916666666668,12,0.2773333333333333
GLP,2003,27.386750000000003,12,0.2754166666666667
GLP,2004,27.0415,12,0.2343333333333333
GLP,2005,27.509083333333333,12,0.205
GLP,2006,27.360583333333334,12,0.27975
GLP,2007,27.382416666666668,12,0.2305
GLP,2008,26.861666666666668,12,0.21375
GLP,2009,27.164666666666665,12,0.2515833333333333
GMB,1960,27.573166666666665,12,0.31466666666666665
GMB,1961,27.585333333333335,12,0.3569166666666666
GMB,1962,27.757,12,0.40900000000000003
GMB,1963,27.855166666666666,12,0.3981666666666666
GMB,1964,27.607,12,0.32141666666666663
GMB,1965,27.1735,12,0.4136666666666667
GMB,1966,27.71641666666667,12,0.32
GMB,1967,27.167833333333334,12,0.36791666666666667
GMB,1968,27.322166666666664,12,0.35191666666666666
GMB,1969,28.33966666666667,12,0.36025
GMB,1970,28.13875,12,0.40375
GMB,1971,27.358083333333337,12,0.28591666666666665
GMB,1972,27.701416666666663,12,0.40291666666666665
GMB,1973,28.00125,12,0.3465833333333333
GMB,1974,27.170666666666666,12,0.39666666666666667
GMB,1975,27.285666666666668,12,0.3978333333333333
GMB,1976,27.259249999999998,12,0.35674999999999996
GMB,1977,28.070083333333333,12,0.3345833333333333
GMB,1978,27.65816666666667,12,0.31858333333333333
GMB,1979,28.09925,12,0.3476666666666666
GMB,1980,28.093500000000002,12,0.25433333333333336
GMB,1981,28.0795,12,0.34225
GMB,1982,27.586833333333335,12,0.34241666666666665
GMB,1983,28.63933333333333,12,0.37166666666666665
GMB,1984,27.89816666666667,12,0.3454166666666667
GMB,1985,27.812749999999998,12,0.3804166666666666
GMB,1986,27.744833333333332,12,0.35341666666666666
GMB,1987,28.39125,12,0.42891666666666667
GMB,1988,28.055583333333335,12,0.29991666666666666
GMB,1989,27.827416666666668,12,0.33141666666666664
GMB,1990,28.135666666666665,12,0.4314166666666666
GMB,1991,28.04525,12,0.363
GMB,1992,28.034333333333333,12,0.3690833333333334
GMB,1993,28.24066666666667,12,0.39116666666666666
GMB,1994,27.904083333333332,12,0.36516666666666664
GMB,1995,28.190083333333334,12,0.38666666666666666
GMB,1996,28.29875,12,0.33474999999999994
GMB,1997,28.350166666666667,12,0.41124999999999995
GMB,1998,28.826083333333333,12,0.443
GMB,1999,27.757500000000004,12,0.5009166666666667
GMB,2000,28.06375,12,0.5738333333333333
GMB,2001,28.48975,12,0.7583333333333333
GMB,2002,28.547916666666666,12,0.5480833333333334
GMB,2003,28.228583333333333,12,0.47808333333333336
GMB,2004,28.372500000000002,12,0.45941666666666664
GMB,2005,28.605,12,0.47833333333333333
GMB,2006,28.177333333333333,12,0.4085833333333333
GMB,2007,28.36491666666667,12,0.33975
GMB,2008,28.346083333333336,12,0.43050000000000005
GMB,2009,27.959000000000003,12,0.3675833333333333
GNB,1960,26.8355,12,0.3135833333333333
GNB,1961,26.799583333333334,12,0.35758333333333336
GNB,1962,26.840083333333336,12,0.3970833333333333
GNB,1963,27.078500000000002,12,0.39441666666666664
GNB,1964,26.770333333333337,12,0.326
GNB,1965,26.505666666666666,12,0.3701666666666667
GNB,1966,26.926583333333337,12,0.28941666666666666
GNB,1967,26.493250000000003,12,0.3099166666666667
GNB,1968,26.654333333333337,12,0.35508333333333336
GNB,1969,27.4335,12,0.33991666666666664
GNB,1970,27.224999999999998,12,0.4455
GNB,1971,26.6865,12,0.26816666666666666
GNB,1972,26.98566666666667,12,0.35250000000000004
GNB,1973,27.194833333333335,12,0.2995833333333333
GNB,1974,26.5975,12,0.35674999999999996
GNB,1975,26.568416666666668,12,0.3981666666666667
GNB,1976,26.490083333333335,12,0.33475000000000005
GNB,1977,27.157666666666668,12,0.35633333333333334
GNB,1978,26.887416666666667,12,0.3225
GNB,1979,27.211250000000003,12,0.32266666666666666
GNB,1980,27.3105,12,0.24991666666666668
GNB,1981,27.208583333333333,12,0.38516666666666666
GNB,1982,26.956833333333336,12,0.41558333333333336
GNB,1983,27.7,12,0.3660833333333333
GNB,1984,27.143416666666667,12,0.34833333333333333
GNB,1985,27.137583333333335,12,0.40950000000000003
GNB,1986,27.014583333333334,12,0.39366666666666666
GNB,1987,27.545833333333334,12,0.45966666666666667
GNB,1988,27.28216666666667,12,0.3153333333333333
GNB,1989,27.034166666666668,12,0.33266666666666667
GNB,1990,27.363500000000002,12,0.4375833333333334
GNB,1991,27.354333333333333,12,0.42575
GNB,1992,27.245500000000003,12,0.4094166666666667
GNB,1993,27.4525,12,0.38683333333333336
GNB,1994,27.182666666666666,12,0.41533333333333333
GNB,1995,27.373333333333335,12,0.45683333333333337
GNB,1996,27.493,12,0.3775833333333334
GNB,1997,27.436000000000003,12,0.44133333333333336
GNB,1998,27.972333333333335,12,0.4811666666666667
GNB,1999,27.149916666666666,12,0.5388333333333334
GNB,2000,27.288833333333333,12,0.5503333333333333
GNB,2001,27.663583333333335,12,0.7615
GNB,2002,27.79516666666667,12,0.5620833333333334
GNB,2003,27.463583333333332,12,0.6643333333333333
GNB,2004,27.633333333333336,12,0.49725
GNB,2005,27.959000000000003,12,0.5535
GNB,2006,27.352166666666665,12,0.45933333333333337
GNB,2007,27.51825,12,0.41
GNB,2008,27.58366666666667,12,0.4230833333333333
GNB,2009,27.31041666666667,12,0.35191666666666666
GNQ,1960,25.14491666666667,12,0.2528333333333333
GNQ,1961,24.891000000000002,12,0.26058333333333333
GNQ,1962,25.01591666666667,12,0.22733333333333336
GNQ,1963,25.273833333333332,12,0.2684166666666667
GNQ,1964,24.885666666666665,12,0.25233333333333335
GNQ,1965,24.93958333333333,12,0.29016666666666663
GNQ,1966,25.2705,12,0.25816666666666666
GNQ,1967,25.03141666666667,12,0.24008333333333332
GNQ,1968,24.997416666666666,12,0.22208333333333333
GNQ,1969,25.19125,12,0.23283333333333334
GNQ,1970,25.19633333333333,12,0.22924999999999998
GNQ,1971,24.871499999999997,12,0.26066666666666666
GNQ,1972,25.002666666666666,12,0.2344166666666667
GNQ,1973,25.384,12,0.26008333333333333
GNQ,1974,24.843166666666665,12,0.25508333333333333
GNQ,1975,24.826833333333337,12,0.24366666666666667
GNQ,1976,24.650750000000002,12,0.23975
GNQ,1977,25.22683333333333,12,0.31533333333333335
GNQ,1978,25.021666666666665,12,0.301
GNQ,1979,25.378249999999998,12,0.23075
GNQ,1980,25.366500000000002,12,0.22491666666666665
GNQ,1981,24.927000000000003,12,0.3293333333333333
GNQ,1982,24.855416666666667,12,0.33699999999999997
GNQ,1983,25.19333333333334,12,0.32841666666666663
GNQ,1984,25.204416666666663,12,0.3461666666666667
GNQ,1985,24.95775,12,0.3408333333333333
GNQ,1986,24.902416666666667,12,0.3173333333333333
GNQ,1987,25.490916666666667,12,0.3006666666666667
GNQ,1988,25.409499999999998,12,0.30824999999999997
GNQ,1989,25.13,12,0.39166666666666666
GNQ,1990,25.285,12,0.41975
GNQ,1991,25.235083333333336,12,0.4583333333333333
GNQ,1992,24.889166666666668,12,0.28750000000000003
GNQ,1993,25.189333333333334,12,0.3040833333333333
GNQ,1994,25.2865,12,0.37025
GNQ,1995,25.614583333333332,12,0.47150000000000003
GNQ,1996,25.238416666666666,12,0.4928333333333333
GNQ,1997,25.32525,12,0.4314166666666666
GNQ,1998,26.003500000000003,12,0.29775
GNQ,1999,25.323000000000004,12,0.41324999999999995
GNQ,2000,25.220583333333334,12,0.32525
GNQ,2001,25.207250000000002,12,0.4056666666666667
GNQ,2002,25.5265,12,0.40900000000000003
GNQ,2003,25.627416666666665,12,0.4335
GNQ,2004,25.594166666666666,12,0.3680833333333333
GNQ,2005,25.62391666666667,12,0.40075
GNQ,2006,25.785416666666666,12,0.44375000000000003
GNQ,2007,25.773666666666667,12,0.40399999999999997
GNQ,2008,25.76875,12,0.40216666666666673
GNQ,2009,25.832833333333337,12,0.38633333333333336
GRC,1960,15.506083333333335,12,0.26725
GRC,1961,15.348333333333334,12,0.2936666666666667
GRC,1962,15.454416666666667,12,0.37375
GRC,1963,15.323083333333335,12,0.31983333333333336
GRC,1964,14.645249999999999,12,0.2688333333333333
GRC,1965,14.616166666666667,12,0.34175
GRC,1966,15.657666666666666,12,0.30075
GRC,1967,14.858833333333335,12,0.2598333333333333
GRC,1968,15.1145,12,0.26491666666666663
GRC,1969,15.03875,12,0.23766666666666666
GRC,1970,15.164916666666668,12,0.25066666666666665
GRC,1971,14.664000000000001,12,0.24450000000000002
GRC,1972,14.70375,12,0.30266666666666664
GRC,1973,14.696416666666666,12,0.26366666666666666
GRC,1974,14.686416666666668,12,0.255
GRC,1975,14.728583333333333,12,0.28741666666666665
GRC,1976,14.2085,12,0.2595
GRC,1977,15.298,12,0.27308333333333334
GRC,1978,14.62,12,0.23224999999999998
GRC,1979,15.156500000000001,12,0.26958333333333334
GRC,1980,14.556916666666666,12,0.20133333333333334
GRC,1981,14.9465,12,0.254
GRC,1982,14.762416666666667,12,0.27499999999999997
GRC,1983,14.610333333333335,12,0.30433333333333334
GRC,1984,14.878916666666667,12,0.27325
GRC,1985,15.218000000000002,12,0.2804166666666667
GRC,1986,15.1365,12,0.2704166666666667
GRC,1987,14.906833333333333,12,0.26508333333333334
GRC,1988,15.091833333333334,12,0.2374166666666667
GRC,1989,14.878916666666667,12,0.28658333333333336
GRC,1990,15.499333333333334,12,0.2980833333333333
GRC,1991,14.412833333333333,12,0.2549166666666667
GRC,1992,14.785333333333334,12,0.29158333333333336
GRC,1993,15.040583333333332,12,0.28175
GRC,1994,16.044666666666668,12,0.323
GRC,1995,15.10225,12,0.2544166666666667
GRC,1996,14.84675,12,0.2031666666666667
GRC,1997,14.76325,12,0.24566666666666667
GRC,1998,15.506083333333335,12,0.24991666666666668
GRC,1999,15.992166666666668,12,0.25275
GRC,2000,15.673333333333334,12,0.24016666666666667
GRC,2001,15.931583333333334,12,0.2615
GRC,2002,15.622333333333332,12,0.27166666666666667
GRC,2003,15.472583333333334,12,0.27375
GRC,2004,15.455666666666668,12,0.231
GRC,2005,15.175333333333334,12,0.21716666666666665
GRC,2006,15.212666666666665,12,0.2793333333333333
GRC,2007,16.08325,12,0.23366666666666666
GRC,2008,16.054916666666667,12,0.218
GRC,2009,15.956166666666666,12,0.2454166666666667
GRD,1960,27.208916666666667,12,0.26875
GRD,1961,27.157083333333333,12,0.33516666666666667
GRD,1962,27.15675,12,0.4023333333333334
GRD,1963,27.220916666666668,12,0.3409166666666667
GRD,1964,26.891666666666666,12,0.31333333333333335
GRD,1965,26.9435,12,0.33316666666666667
GRD,1966,27.060916666666667,12,0.26133333333333336
GRD,1967,26.759333333333334,12,0.3233333333333333
GRD,1968,26.74625,12,0.31116666666666665
GRD,1969,27.423416666666668,12,0.2540833333333333
GRD,1970,27.089583333333334,12,0.3431666666666667
GRD,1971,26.665666666666667,12,0.24083333333333334
GRD,1972,26.955166666666667,12,0.24575
GRD,1973,27.053416666666667,12,0.2985
GRD,1974,26.706333333333333,12,0.30024999999999996
GRD,1975,26.663583333333335,12,0.29733333333333334
GRD,1976,26.681250000000002,12,0.3995
GRD,1977,27.095416666666665,12,0.2881666666666667
GRD,1978,27.256249999999998,12,0.3149166666666667
GRD,1979,27.191166666666664,12,0.3398333333333334
GRD,1980,27.410750000000004,12,0.3175
GRD,1981,27.4365,12,0.32858333333333334
GRD,1982,27.0755,12,0.26716666666666666
GRD,1983,27.34,12,0.3425833333333333
GRD,1984,26.94,12,0.30875
GRD,1985,26.742833333333333,12,0.26475
GRD,1986,26.888916666666663,12,0.24666666666666667
GRD,1987,27.652,12,0.2853333333333333
GRD,1988,27.33125,12,0.26733333333333337
GRD,1989,27.00066666666667,12,0.2575
GRD,1990,27.20566666666667,12,0.25708333333333333
GRD,1991,27.141666666666666,12,0.2336666666666667
GRD,1992,27.157083333333333,12,0.248
GRD,1993,27.34841666666667,12,0.205
GRD,1994,27.251,12,0.24058333333333334
GRD,1995,27.635333333333335,12,0.21999999999999997
GRD,1996,27.28625,12,0.21283333333333335
GRD,1997,27.452333333333332,12,0.20225
GRD,1998,27.946,12,0.18008333333333335
GRD,1999,27.463916666666666,12,0.19658333333333333
GRD,2000,27.190916666666666,12,0.20575000000000002
GRD,2001,27.507166666666667,12,0.19533333333333333
GRD,2002,27.531166666666667,12,0.20683333333333334
GRD,2003,27.7165,12,0.2745
GRD,2004,27.47475,12,0.26458333333333334
GRD,2005,27.908,12,0.21491666666666664
GRD,2006,27.743666666666666,12,0.24866666666666667
GRD,2007,27.590999999999998,12,0.21791666666666665
GRD,2008,27.363666666666663,12,0.23683333333333334
GRD,2009,27.62675,12,0.2599166666666667
GRL,1960,-17.46425,12,0.7944999999999999
GRL,1961,-18.990333333333336,12,0.7251666666666666
GRL,1962,-17.427833333333332,12,0.7701666666666668
GRL,1963,-17.72575,12,0.8505833333333334
GRL,1964,-18.574416666666668,12,1.02425
GRL,1965,-17.530583333333336,12,1.1491666666666667
GRL,1966,-18.84241666666667,12,1.0660833333333335
GRL,1967,-18.5835,12,1.0168333333333333
GRL,1968,-18.818916666666667,12,1.0058333333333334
GRL,1969,-18.392083333333336,12,0.8950833333333333
GRL,1970,-18.738166666666668,12,0.8258333333333333
GRL,1971,-19.7105,12,0.9960833333333333
GRL,1972,-18.818,12,0.815
GRL,1973,-19.273583333333335,12,0.7369166666666667
GRL,1974,-18.205666666666666,12,0.8161666666666667
GRL,1975,-19.524916666666666,12,0.7529166666666667
GRL,1976,-18.025333333333332,12,0.90325
GRL,1977,-18.15025,12,1.0135
GRL,1978,-18.448083333333333,12,0.9211666666666667
GRL,1979,-18.584999999999997,12,0.9224166666666668
GRL,1980,-17.515416666666667,12,0.961
GRL,1981,-18.341083333333334,12,0.89175
GRL,1982,-18.990666666666666,12,0.7446666666666667
GRL,1983,-20.446833333333334,12,1.00375
GRL,1984,-19.326,12,0.8195
GRL,1985,-17.56983333333333,12,0.9318333333333334
GRL,1986,-18.131666666666668,12,0.87175
GRL,1987,-18.71925,12,0.8644166666666666
GRL,1988,-17.8635,12,0.96
GRL,1989,-19.368,12,0.6458333333333334
GRL,1990,-18.437916666666666,12,0.6046666666666667
GRL,1991,-18.371333333333336,12,0.5665833333333333
GRL,1992,-19.5845,12,0.6026666666666667
GRL,1993,-19.267166666666668,12,0.5625
GRL,1994,-18.641916666666667,12,0.61525
GRL,1995,-18.2395,12,0.779
GRL,1996,-17.30033333333333,12,0.6960833333333333
GRL,1997,-17.997833333333332,12,0.6304166666666667
GRL,1998,-17.139,12,0.8029166666666666
GRL,1999,-18.25425,12,0.6932499999999999
GRL,2000,-17.367916666666666,12,0.9313333333333333
GRL,2001,-17.596416666666666,12,0.6911666666666667
GRL,2002,-16.820416666666667,12,0.7840833333333334
GRL,2003,-16.256249999999998,12,0.73175
GRL,2004,-17.301166666666667,12,0.7210833333333334
GRL,2005,-16.15125,12,0.6195833333333333
GRL,2006,-17.114333333333335,12,0.7870833333333334
GRL,2007,-17.074166666666667,12,0.8138333333333333
GRL,2008,-17.389916666666668,12,0.6441666666666667
GRL,2009,-17.316416666666665,12,0.6974166666666667
GTM,1960,23.355833333333333,12,0.33716666666666667
GTM,1961,23.439916666666665,12,0.29358333333333336
GTM,1962,23.14225,12,0.40125000000000005
GTM,1963,23.211333333333332,12,0.3735833333333333
GTM,1964,23.449916666666667,12,0.297
GTM,1965,23.38491666666667,12,0.3243333333333333
GTM,1966,23.149500000000003,12,0.25933333333333336
GTM,1967,23.1495,12,0.28475
GTM,1968,23.01816666666667,12,0.28741666666666665
GTM,1969,23.73725,12,0.2810833333333333
GTM,1970,23.306250000000002,12,0.31475000000000003
GTM,1971,23.322833333333335,12,0.2833333333333333
GTM,1972,23.721666666666668,12,0.24925
GTM,1973,23.636333333333337,12,0.27566666666666667
GTM,1974,23.115166666666667,12,0.3015833333333333
GTM,1975,23.41875,12,0.29750000000000004
GTM,1976,22.982916666666668,12,0.288
GTM,1977,23.509583333333335,12,0.24333333333333332
GTM,1978,23.50825,12,0.28058333333333335
GTM,1979,23.565250000000002,12,0.27841666666666665
GTM,1980,23.678833333333333,12,0.28250000000000003
GTM,1981,23.375666666666664,12,0.30225
GTM,1982,23.776666666666667,12,0.2885
GTM,1983,23.889,12,0.34425
GTM,1984,23.28975,12,0.3050833333333333
GTM,1985,23.323166666666665,12,0.2980833333333333
GTM,1986,23.397000000000002,12,0.30733333333333335
GTM,1987,23.681083333333333,12,0.29341666666666666
GTM,1988,23.64725,12,0.2800833333333333
GTM,1989,23.310083333333335,12,0.33558333333333334
GTM,1990,23.599500000000003,12,0.317
GTM,1991,23.877583333333334,12,0.33
GTM,1992,23.790750000000003,12,0.33041666666666664
GTM,1993,23.776333333333337,12,0.28933333333333333
GTM,1994,24.021666666666665,12,0.31066666666666665
GTM,1995,23.96066666666667,12,0.2505833333333333
GTM,1996,23.450083333333335,12,0.25475
GTM,1997,24.076833333333337,12,0.3040833333333333
GTM,1998,24.3065,12,0.36025
GTM,1999,23.41841666666667,12,0.26775
GTM,2000,23.428833333333333,12,0.2860833333333333
GTM,2001,23.58441666666667,12,0.2728333333333333
GTM,2002,23.833583333333333,12,0.28291666666666665
GTM,2003,23.99383333333334,12,0.36274999999999996
GTM,2004,23.797916666666666,12,0.29258333333333336
GTM,2005,23.94825,12,0.25716666666666665
GTM,2006,23.80825,12,0.2816666666666667
GTM,2007,23.8185,12,0.24050000000000002
GTM,2008,23.482083333333335,12,0.2688333333333333
GTM,2009,23.939916666666665,12,0.2783333333333334
GUF,1960,25.90716666666667,12,0.46166666666666667
GUF,1961,25.93466666666667,12,0.27208333333333334
GUF,1962,26.068250000000003,12,0.27391666666666664
GUF,1963,26.03191666666667,12,0.2588333333333333
GUF,1964,25.961083333333335,12,0.2574166666666667
GUF,1965,25.921333333333333,12,0.3159166666666667
GUF,1966,26.155416666666667,12,0.25658333333333333
GUF,1967,25.747666666666664,12,0.33358333333333334
GUF,1968,25.77425,12,0.24058333333333334
GUF,1969,26.41508333333333,12,0.27266666666666667
GUF,1970,26.036666666666665,12,0.2733333333333334
GUF,1971,25.557666666666666,12,0.21075
GUF,1972,25.84566666666667,12,0.24825
GUF,1973,25.972583333333333,12,0.301
GUF,1974,25.577749999999998,12,0.21508333333333332
GUF,1975,25.626583333333333,12,0.25933333333333336
GUF,1976,25.775333333333336,12,0.30833333333333335
GUF,1977,25.980416666666667,12,0.24266666666666667
GUF,1978,26.04008333333333,12,0.23016666666666666
GUF,1979,26.285,12,0.23825
GUF,1980,26.294083333333333,12,0.24550000000000002
GUF,1981,26.135250000000003,12,0.27058333333333334
GUF,1982,26.048416666666668,12,0.3075833333333333
GUF,1983,26.326916666666666,12,0.2599166666666667
GUF,1984,25.675749999999997,12,0.23024999999999998
GUF,1985,25.762500000000003,12,0.23391666666666666
GUF,1986,26.019833333333334,12,0.20325000000000001
GUF,1987,26.67,12,0.2535
GUF,1988,26.219166666666666,12,0.2515
GUF,1989,25.894000000000002,12,0.2529166666666667
GUF,1990,26.229666666666663,12,0.2705
GUF,1991,26.212416666666666,12,0.18533333333333335
GUF,1992,26.287666666666667,12,0.26625
GUF,1993,26.17325,12,0.25433333333333336
GUF,1994,26.110083333333336,12,0.21633333333333335
GUF,1995,26.506583333333335,12,0.27075
GUF,1996,26.416083333333333,12,0.2645
GUF,1997,26.60983333333333,12,0.38766666666666666
GUF,1998,26.980500000000003,12,0.21558333333333332
GUF,1999,26.32975,12,0.19841666666666666
GUF,2000,26.112666666666666,12,0.26299999999999996
GUF,2001,26.35875,12,0.25725
GUF,2002,26.49175,12,0.28075
GUF,2003,26.779333333333337,12,0.44616666666666666
GUF,2004,26.734750000000002,12,0.38875
GUF,2005,27.198916666666666,12,0.5338333333333334
GUF,2006,26.617833333333333,12,0.4648333333333334
GUF,2007,26.519499999999997,12,0.2935
GUF,2008,26.462333333333333,12,0.29075
GUF,2009,26.731250000000003,12,0.26625
GUM,1960,26.975833333333338,12,0.79625
GUM,1961,26.858166666666666,12,0.44766666666666666
GUM,1962,27.032333333333337,12,0.5194166666666667
GUM,1963,26.787000000000003,12,0.46425
GUM,1964,26.787000000000003,12,0.48033333333333333
GUM,1965,26.862916666666667,12,0.5235833333333334
GUM,1966,26.99225,12,0.4659166666666667
GUM,1967,26.822,12,0.6854166666666667
GUM,1968,26.702416666666668,12,0.5410833333333334
GUM,1969,26.957916666666666,12,0.448
GUM,1970,26.99208333333333,12,0.5513333333333333
GUM,1971,26.9335,12,0.42849999999999994
GUM,1972,26.762916666666666,12,0.47833333333333333
GUM,1973,27.252499999999998,12,0.45291666666666663
GUM,1974,27.210916666666666,12,0.52225
GUM,1975,27.086583333333333,12,0.428
GUM,1976,26.968416666666666,12,0.5478333333333333
GUM,1977,27.207166666666666,12,0.5559166666666667
GUM,1978,27.077250000000003,12,0.5248333333333334
GUM,1979,27.195333333333334,12,0.42758333333333337
GUM,1980,27.302083333333332,12,0.39658333333333334
GUM,1981,27.520083333333332,12,0.5515
GUM,1982,27.05725,12,0.5041666666666667
GUM,1983,27.5605,12,0.5381666666666667
GUM,1984,27.77841666666667,12,0.6196666666666667
GUM,1985,27.467833333333335,12,0.41591666666666666
GUM,1986,27.320166666666665,12,0.42291666666666666
GUM,1987,27.392083333333332,12,0.645
GUM,1988,27.593999999999998,12,0.40425
GUM,1989,27.427083333333332,12,0.34758333333333336
GUM,1990,27.273833333333332,12,0.37875
GUM,1991,27.226333333333333,12,0.4855833333333333
GUM,1992,27.115416666666665,12,0.4756666666666667
GUM,1993,27.24275,12,0.2758333333333333
GUM,1994,27.360083333333336,12,0.31349999999999995
GUM,1995,27.22725,12,0.32275000000000004
GUM,1996,27.383333333333336,12,0.2808333333333333
GUM,1997,27.411583333333336,12,0.28391666666666665
GUM,1998,27.659666666666666,12,0.30383333333333334
GUM,1999,27.586333333333332,12,0.39525000000000005
GUM,2000,27.481666666666666,12,0.32925
GUM,2001,27.595,12,0.3215
GUM,2002,27.4055,12,0.29375
GUM,2003,27.265333333333334,12,0.35400000000000004
GUM,2004,27.54641666666667,12,0.30616666666666664
GUM,2005,27.465666666666667,12,0.2664166666666667
GUM,2006,27.428833333333333,12,0.36366666666666664
GUM,2007,27.402083333333334,12,0.22224999999999998
GUM,2008,27.48391666666667,12,0.29791666666666666
GUM,2009,27.387249999999998,12,0.35433333333333333
GUY,1960,26.158333333333335,12,0.4835833333333333
GUY,1961,26.18016666666667,12,0.39208333333333334
GUY,1962,26.275750000000002,12,0.3769166666666666
GUY,1963,26.281000000000002,12,0.3365833333333333
GUY,1964,26.395666666666667,12,0.42591666666666667
GUY,1965,26.267833333333332,12,0.33275
GUY,1966,26.446749999999998,12,0.3065
GUY,1967,26.013416666666668,12,0.31183333333333335
GUY,1968,25.907583333333335,12,0.27575
GUY,1969,26.70866666666667,12,0.32308333333333333
GUY,1970,26.261166666666668,12,0.44225000000000003
GUY,1971,25.628666666666664,12,0.37074999999999997
GUY,1972,26.092166666666667,12,0.3575
GUY,1973,26.137833333333333,12,0.3815833333333334
GUY,1974,25.84091666666667,12,0.25925
GUY,1975,25.876166666666666,12,0.2569166666666667
GUY,1976,26.00408333333333,12,0.34041666666666665
GUY,1977,26.293499999999998,12,0.33699999999999997
GUY,1978,26.306166666666666,12,0.27299999999999996
GUY,1979,26.4025,12,0.35391666666666666
GUY,1980,26.45575,12,0.3349166666666667
GUY,1981,26.2045,12,0.421
GUY,1982,26.353083333333334,12,0.32958333333333334
GUY,1983,26.653750000000002,12,0.327
GUY,1984,25.887249999999998,12,0.34099999999999997
GUY,1985,25.973666666666663,12,0.41733333333333333
GUY,1986,26.291833333333333,12,0.3491666666666667
GUY,1987,26.912833333333335,12,0.4045
GUY,1988,26.40925,12,0.3595
GUY,1989,26.11366666666667,12,0.3110833333333333
GUY,1990,26.565750000000005,12,0.40875
GUY,1991,26.44175,12,0.22208333333333333
GUY,1992,26.503583333333335,12,0.3254166666666667
GUY,1993,26.31041666666667,12,0.42558333333333337
GUY,1994,26.43025,12,0.44383333333333336
GUY,1995,26.888,12,0.33475000000000005
GUY,1996,26.487583333333333,12,0.37866666666666665
GUY,1997,26.736166666666666,12,0.3163333333333333
GUY,1998,27.138499999999997,12,0.31716666666666665
GUY,1999,26.423750000000002,12,0.42124999999999996
GUY,2000,26.393583333333336,12,0.2956666666666667
GUY,2001,26.576999999999998,12,0.33441666666666664
GUY,2002,26.608083333333337,12,0.4013333333333333
GUY,2003,27.003666666666664,12,0.4726666666666666
GUY,2004,26.8715,12,0.34525
GUY,2005,27.06833333333333,12,0.37474999999999997
GUY,2006,26.821083333333334,12,0.4255
GUY,2007,26.70875,12,0.42016666666666663
GUY,2008,26.619,12,0.35933333333333334
GUY,2009,27.101583333333334,12,0.4185833333333333
HKG,1960,23.20341666666667,12,0.29650000000000004
HKG,1961,23.023833333333332,12,0.26516666666666666
HKG,1962,22.77916666666667,12,0.38225
HKG,1963,23.135,12,0.33758333333333335
HKG,1964,22.901,12,0.3134166666666667
HKG,1965,23.023750000000003,12,0.3294166666666667
HKG,1966,23.550083333333333,12,0.28375
HKG,1967,22.653000000000002,12,0.32508333333333334
HKG,1968,22.820083333333333,12,0.28099999999999997
HKG,1969,22.609416666666664,12,0.27658333333333335
HKG,1970,22.71291666666667,12,0.23916666666666667
HKG,1971,22.654583333333335,12,0.24641666666666664
HKG,1972,22.87216666666667,12,0.25725
HKG,1973,23.361,12,0.2508333333333333
HKG,1974,22.77125,12,0.2585
HKG,1975,22.957250000000002,12,0.24133333333333332
HKG,1976,22.52191666666667,12,0.2725
HKG,1977,23.31641666666667,12,0.23691666666666666
HKG,1978,22.936916666666665,12,0.26275
HKG,1979,23.073416666666663,12,0.2373333333333333
HKG,1980,23.141499999999997,12,0.24866666666666667
HKG,1981,23.162750000000003,12,0.2695
HKG,1982,22.970166666666668,12,0.19741666666666666
HKG,1983,22.857083333333335,12,0.22508333333333333
HKG,1984,22.443916666666667,12,0.21366666666666667
HKG,1985,22.705166666666667,12,0.24125
HKG,1986,22.912000000000003,12,0.2255
HKG,1987,23.58458333333333,12,0.26391666666666663
HKG,1988,22.842916666666667,12,0.20249999999999999
HKG,1989,23.07625,12,0.23958333333333334
HKG,1990,23.260583333333333,12,0.28983333333333333
HKG,1991,23.33475,12,0.242
HKG,1992,22.63225,12,0.309
HKG,1993,22.82825,12,0.2648333333333333
HKG,1994,23.23875,12,0.28108333333333335
HKG,1995,22.548916666666667,12,0.27408333333333335
HKG,1996,22.866833333333332,12,0.2881666666666667
HKG,1997,23.00175,12,0.23058333333333333
HKG,1998,23.73783333333333,12,0.23024999999999998
HKG,1999,23.3985,12,0.22883333333333333
HKG,2000,23.2015,12,0.22158333333333333
HKG,2001,23.36791666666667,12,0.218
HKG,2002,23.598583333333334,12,0.25166666666666665
HKG,2003,23.417,12,0.30441666666666667
HKG,2004,23.247416666666666,12,0.24225
HKG,2005,23.056916666666666,12,0.20875
HKG,2006,23.536,12,0.27116666666666667
HKG,2007,23.57166666666667,12,0.20975
HKG,2008,22.901583333333335,12,0.19625
HKG,2009,23.351166666666668,12,0.24275000000000002
HND,1960,24.902,12,0.34625
HND,1961,24.972083333333334,12,0.3075
HND,1962,24.708,12,0.38516666666666666
HND,1963,24.794916666666666,12,0.34508333333333335
HND,1964,24.98275,12,0.2956666666666667
HND,1965,25.04075,12,0.3581666666666667
HND,1966,24.79008333333333,12,0.30591666666666667
HND,1967,24.762666666666664,12,0.30716666666666664
HND,1968,24.5855,12,0.30141666666666667
HND,1969,25.186916666666665,12,0.3136666666666667
HND,1970,24.788416666666667,12,0.34908333333333336
HND,1971,24.752,12,0.27625
HND,1972,25.198666666666668,12,0.29575
HND,1973,25.11175,12,0.25825
HND,1974,24.646,12,0.2870833333333333
HND,1975,24.870666666666665,12,0.2950833333333333
HND,1976,24.67425,12,0.3315
HND,1977,25.1945,12,0.2735
HND,1978,25.126666666666665,12,0.30516666666666664
HND,1979,25.18466666666667,12,0.2796666666666667
HND,1980,25.16875,12,0.313
HND,1981,24.896333333333335,12,0.3269166666666667
HND,1982,25.177083333333332,12,0.29450000000000004
HND,1983,25.624666666666666,12,0.34341666666666665
HND,1984,24.881500000000003,12,0.34408333333333335
HND,1985,25.022166666666667,12,0.3775833333333333
HND,1986,24.9495,12,0.4093333333333333
HND,1987,25.314000000000004,12,0.37666666666666665
HND,1988,25.27116666666667,12,0.32408333333333333
HND,1989,24.91633333333333,12,0.4019166666666667
HND,1990,25.209500000000002,12,0.35966666666666663
HND,1991,25.337500000000002,12,0.3016666666666667
HND,1992,25.461583333333333,12,0.35966666666666663
HND,1993,25.292,12,0.33875000000000005
HND,1994,25.675833333333333,12,0.32816666666666666
HND,1995,25.832166666666666,12,0.39116666666666666
HND,1996,25.179333333333332,12,0.37200000000000005
HND,1997,25.83966666666667,12,0.3416666666666666
HND,1998,26.09925,12,0.34358333333333335
HND,1999,25.218833333333336,12,0.2966666666666667
HND,2000,25.153666666666666,12,0.26966666666666667
HND,2001,25.154750000000003,12,0.3026666666666667
HND,2002,25.432583333333337,12,0.33466666666666667
HND,2003,25.54875,12,0.35508333333333336
HND,2004,25.463916666666666,12,0.28275
HND,2005,25.626416666666668,12,0.2955833333333333
HND,2006,25.589916666666667,12,0.28458333333333335
HND,2007,25.383416666666665,12,0.32866666666666666
HND,2008,25.107833333333332,12,0.2804166666666667
HND,2009,25.518583333333336,12,0.33008333333333334
HRV,1960,11.842999999999998,12,0.349
HRV,1961,12.191666666666668,12,0.28783333333333333
HRV,1962,10.838083333333332,12,0.314
HRV,1963,11.05025,12,0.29283333333333333
HRV,1964,11.072416666666667,12,0.3243333333333333
HRV,1965,10.923083333333333,12,0.3205
HRV,1966,11.952166666666665,12,0.28758333333333336
HRV,1967,11.737916666666665,12,0.2658333333333333
HRV,1968,11.577333333333334,12,0.297
HRV,1969,11.095083333333333,12,0.3145833333333334
HRV,1970,11.310666666666668,12,0.265
HRV,1971,11.393333333333333,12,0.25675
HRV,1972,11.494166666666667,12,0.30825
HRV,1973,11.248333333333333,12,0.26016666666666666
HRV,1974,11.745166666666668,12,0.27691666666666664
HRV,1975,11.948583333333334,12,0.29116666666666663
HRV,1976,11.041583333333334,12,0.2871666666666667
HRV,1977,11.926416666666666,12,0.24150000000000002
HRV,1978,10.766666666666667,12,0.23883333333333334
HRV,1979,11.777666666666667,12,0.22366666666666668
HRV,1980,10.685250000000002,12,0.2538333333333333
HRV,1981,11.5085,12,0.2718333333333333
HRV,1982,11.921916666666666,12,0.25775
HRV,1983,11.934833333333335,12,0.25675
HRV,1984,11.194,12,0.24233333333333332
HRV,1985,11.151833333333334,12,0.25658333333333333
HRV,1986,11.404000000000002,12,0.21233333333333335
HRV,1987,11.398666666666665,12,0.22716666666666666
HRV,1988,11.989916666666666,12,0.22808333333333333
HRV,1989,12.096083333333333,12,0.2591666666666667
HRV,1990,12.434416666666666,12,0.2896666666666667
HRV,1991,11.33325,12,0.23808333333333334
HRV,1992,12.549083333333334,12,0.29191666666666666
HRV,1993,11.931583333333334,12,0.269
HRV,1994,13.11,12,0.25433333333333336
HRV,1995,11.881749999999998,12,0.22658333333333333
HRV,1996,11.125750000000002,12,0.24541666666666664
HRV,1997,11.827416666666666,12,0.29875
HRV,1998,12.100916666666668,12,0.27558333333333335
HRV,1999,12.3165,12,0.2364166666666667
HRV,2000,13.226416666666665,12,0.26166666666666666
HRV,2001,12.411,12,0.18983333333333333
HRV,2002,12.898916666666667,12,0.22716666666666666
HRV,2003,12.567000000000002,12,0.26008333333333333
HRV,2004,11.919416666666665,12,0.27008333333333334
HRV,2005,11.376249999999999,12,0.20916666666666664
HRV,2006,12.241666666666667,12,0.26216666666666666
HRV,2007,13.0665,12,0.23375
HRV,2008,12.977083333333333,12,0.25475
HRV,2009,12.875083333333334,12,0.2788333333333333
HTI,1960,26.781583333333334,12,0.3115833333333333
HTI,1961,26.530083333333334,12,0.3609166666666666
HTI,1962,26.471333333333334,12,0.35375
HTI,1963,26.513583333333333,12,0.38666666666666666
HTI,1964,26.5485,12,0.37675
HTI,1965,26.335250000000002,12,0.387
HTI,1966,26.51325,12,0.3403333333333333
HTI,1967,26.5675,12,0.31483333333333335
HTI,1968,26.5325,12,0.40616666666666673
HTI,1969,26.791750000000004,12,0.3471666666666666
HTI,1970,26.448333333333334,12,0.28250000000000003
HTI,1971,26.21366666666667,12,0.2404166666666667
HTI,1972,26.443,12,0.31758333333333333
HTI,1973,26.58125,12,0.4086666666666667
HTI,1974,26.19816666666667,12,0.31766666666666665
HTI,1975,26.405,12,0.3778333333333333
HTI,1976,26.32225,12,0.35716666666666663
HTI,1977,26.758666666666667,12,0.3438333333333334
HTI,1978,26.707333333333334,12,0.28508333333333336
HTI,1979,26.5265,12,0.2985
HTI,1980,27.030833333333334,12,0.31033333333333335
HTI,1981,26.75583333333333,12,0.33066666666666666
HTI,1982,26.762666666666664,12,0.33025
HTI,1983,27.052083333333332,12,0.38575
HTI,1984,26.51216666666667,12,0.32408333333333333
HTI,1985,26.51875,12,0.34225
HTI,1986,26.663416666666667,12,0.3358333333333334
HTI,1987,26.952416666666668,12,0.3821666666666667
HTI,1988,26.885416666666668,12,0.45408333333333334
HTI,1989,26.656666666666666,12,0.3646666666666667
HTI,1990,26.942916666666665,12,0.40625
HTI,1991,26.854,12,0.47291666666666665
HTI,1992,26.671833333333336,12,0.7045833333333333
HTI,1993,26.619583333333335,12,0.52775
HTI,1994,27.105249999999998,12,0.3778333333333333
HTI,1995,27.104249999999997,12,0.52225
HTI,1996,26.65608333333333,12,0.59025
HTI,1997,27.545833333333334,12,0.5425
HTI,1998,27.395416666666666,12,0.399
HTI,1999,26.850166666666667,12,0.37433333333333335
HTI,2000,26.598583333333334,12,0.40158333333333335
HTI,2001,27.01375,12,0.3680833333333333
HTI,2002,27.249666666666666,12,0.32383333333333336
HTI,2003,27.334333333333333,12,0.39566666666666667
HTI,2004,27.177666666666667,12,0.41491666666666666
HTI,2005,27.180583333333335,12,0.43225
HTI,2006,27.222250000000003,12,0.48533333333333334
HTI,2007,27.28825,12,0.31575000000000003
HTI,2008,26.92716666666667,12,0.35375
HTI,2009,27.145166666666668,12,0.32525
HUN,1960,10.240916666666667,12,0.32416666666666666
HUN,1961,10.625166666666667,12,0.304
HUN,1962,9.327250000000001,12,0.33508333333333334
HUN,1963,9.36825,12,0.3144166666666667
HUN,1964,9.310500000000001,12,0.32566666666666666
HUN,1965,9.089333333333334,12,0.3451666666666667
HUN,1966,10.550749999999999,12,0.2798333333333333
HUN,1967,10.322416666666667,12,0.282
HUN,1968,10.220583333333334,12,0.28733333333333333
HUN,1969,9.548833333333333,12,0.328
HUN,1970,9.646916666666668,12,0.29241666666666666
HUN,1971,9.991833333333334,12,0.24325
HUN,1972,10.18975,12,0.32275000000000004
HUN,1973,9.753666666666666,12,0.30258333333333337
HUN,1974,10.388916666666667,12,0.285
HUN,1975,10.522416666666667,12,0.2824166666666667
HUN,1976,9.574083333333332,12,0.285
HUN,1977,10.298166666666667,12,0.21483333333333332
HUN,1978,9.176499999999999,12,0.23758333333333334
HUN,1979,10.27125,12,0.22233333333333336
HUN,1980,8.896916666666668,12,0.23233333333333336
HUN,1981,10.058666666666667,12,0.25991666666666663
HUN,1982,10.186583333333333,12,0.2595
HUN,1983,10.6155,12,0.28733333333333333
HUN,1984,9.837166666666667,12,0.2956666666666667
HUN,1985,9.092333333333334,12,0.26133333333333336
HUN,1986,9.776666666666667,12,0.27258333333333334
HUN,1987,9.53775,12,0.258
HUN,1988,10.224,12,0.23650000000000002
HUN,1989,10.633750000000001,12,0.2778333333333333
HUN,1990,10.920333333333334,12,0.27708333333333335
HUN,1991,9.680166666666667,12,0.23658333333333334
HUN,1992,10.996333333333334,12,0.30775
HUN,1993,10.120916666666668,12,0.23816666666666667
HUN,1994,11.545416666666668,12,0.25658333333333333
HUN,1995,10.30275,12,0.23324999999999999
HUN,1996,9.357,12,0.26116666666666666
HUN,1997,9.871916666666666,12,0.25558333333333333
HUN,1998,10.361833333333333,12,0.2535
HUN,1999,10.655,12,0.26525
HUN,2000,11.700333333333333,12,0.27499999999999997
HUN,2001,10.52375,12,0.23575
HUN,2002,11.432083333333333,12,0.2346666666666667
HUN,2003,10.597916666666666,12,0.29624999999999996
HUN,2004,10.3115,12,0.2649166666666667
HUN,2005,9.942583333333333,12,0.24608333333333332
HUN,2006,10.629083333333334,12,0.29624999999999996
HUN,2007,11.707250000000002,12,0.25283333333333335
HUN,2008,11.531083333333335,12,0.2568333333333333
HUN,2009,11.381083333333335,12,0.2981666666666667
IDN,1960,26.02916666666667,12,0.23458333333333334
IDN,1961,25.771666666666665,12,0.24116666666666664
IDN,1962,25.789416666666668,12,0.26933333333333337
IDN,1963,25.838583333333332,12,0.23291666666666666
IDN,1964,25.8355,12,0.21158333333333335
IDN,1965,25.70175,12,0.2740833333333333
IDN,1966,25.943916666666667,12,0.21433333333333335
IDN,1967,25.835083333333333,12,0.22191666666666665
IDN,1968,25.951083333333333,12,0.1945
IDN,1969,26.113083333333336,12,0.23066666666666666
IDN,1970,26.060166666666664,12,0.20833333333333334
IDN,1971,25.79291666666667,12,0.20625000000000002
IDN,1972,26.061916666666665,12,0.22941666666666669
IDN,1973,26.221833333333336,12,0.24416666666666667
IDN,1974,25.89708333333333,12,0.24233333333333332
IDN,1975,25.898500000000002,12,0.24449999999999997
IDN,1976,25.780833333333334,12,0.2990833333333333
IDN,1977,25.9025,12,0.211
IDN,1978,25.985083333333336,12,0.21966666666666668
IDN,1979,26.060000000000002,12,0.25433333333333336
IDN,1980,26.03025,12,0.18566666666666665
IDN,1981,26.030916666666666,12,0.23891666666666667
IDN,1982,25.94175,12,0.23966666666666667
IDN,1983,26.238333333333333,12,0.20425000000000001
IDN,1984,25.77325,12,0.219
IDN,1985,25.994083333333336,12,0.23808333333333334
IDN,1986,26.05716666666667,12,0.21383333333333332
IDN,1987,26.368333333333336,12,0.19733333333333333
IDN,1988,26.250666666666664,12,0.20466666666666666
IDN,1989,26.054000000000002,12,0.246
IDN,1990,26.23783333333333,12,0.2775
IDN,1991,26.075166666666664,12,0.18658333333333332
IDN,1992,26.17016666666667,12,0.21241666666666667
IDN,1993,26.138833333333334,12,0.16833333333333333
IDN,1994,26.08425,12,0.18858333333333333
IDN,1995,26.22966666666667,12,0.159
IDN,1996,26.215,12,0.13825
IDN,1997,26.371916666666667,12,0.18699999999999997
IDN,1998,26.75475,12,0.15608333333333332
IDN,1999,26.1335,12,0.158
IDN,2000,26.190250000000002,12,0.18366666666666667
IDN,2001,26.32975,12,0.18841666666666665
IDN,2002,26.529,12,0.19008333333333335
IDN,2003,26.4455,12,0.22191666666666665
IDN,2004,26.434833333333334,12,0.19799999999999998
IDN,2005,26.45375,12,0.1825
IDN,2006,26.38175,12,0.21275
IDN,2007,26.293083333333332,12,0.18058333333333332
IDN,2008,26.065250000000002,12,0.16733333333333333
IDN,2009,26.455000000000002,12,0.1975
IMN,1960,9.784,12,0.27666666666666667
IMN,1961,9.84125,12,0.30083333333333334
IMN,1962,8.773333333333333,12,0.34558333333333335
IMN,1963,8.594333333333333,12,0.29033333333333333
IMN,1964,9.561833333333333,12,0.26433333333333336
IMN,1965,9.006333333333334,12,0.32083333333333336
IMN,1966,9.476583333333332,12,0.30275
IMN,1967,9.624916666666666,12,0.28475
IMN,1968,9.450583333333332,12,0.23891666666666667
IMN,1969,9.256833333333333,12,0.2688333333333333
IMN,1970,9.6285,12,0.24825
IMN,1971,10.029916666666667,12,0.24675
IMN,1972,9.348333333333334,12,0.27316666666666667
IMN,1973,9.69375,12,0.27116666666666667
IMN,1974,9.56525,12,0.29175
IMN,1975,9.993916666666667,12,0.289
IMN,1976,9.916916666666667,12,0.30116666666666664
IMN,1977,9.5535,12,0.32558333333333334
IMN,1978,9.429916666666667,12,0.288
IMN,1979,8.789666666666667,12,0.24466666666666667
IMN,1980,9.525666666666668,12,0.22683333333333333
IMN,1981,9.291916666666667,12,0.24133333333333332
IMN,1982,9.837583333333333,12,0.23124999999999998
IMN,1983,9.961583333333333,12,0.23950000000000002
IMN,1984,9.87175,12,0.24358333333333335
IMN,1985,8.969083333333334,12,0.27
IMN,1986,8.780166666666666,12,0.27658333333333335
IMN,1987,9.12675,12,0.22691666666666666
IMN,1988,9.894916666666667,12,0.21533333333333335
IMN,1989,10.4115,12,0.23866666666666667
IMN,1990,10.519333333333334,12,0.26958333333333334
IMN,1991,9.727,12,0.23758333333333334
IMN,1992,9.905583333333334,12,0.24058333333333334
IMN,1993,9.428416666666667,12,0.21125000000000002
IMN,1994,9.876916666666666,12,0.26466666666666666
IMN,1995,10.436583333333333,12,0.25991666666666663
IMN,1996,9.332666666666666,12,0.2648333333333333
IMN,1997,10.53775,12,0.24875
IMN,1998,10.368666666666666,12,0.1935
IMN,1999,10.52225,12,0.20758333333333334
IMN,2000,10.257583333333333,12,0.22941666666666669
IMN,2001,9.971333333333334,12,0.27491666666666664
IMN,2002,10.524166666666668,12,0.25033333333333335
IMN,2003,10.574666666666667,12,0.2843333333333333
IMN,2004,10.596083333333334,12,0.20833333333333334
IMN,2005,10.576333333333332,12,0.21033333333333334
IMN,2006,10.823666666666668,12,0.27191666666666664
IMN,2007,10.809083333333334,12,0.22383333333333333
IMN,2008,10.236666666666666,12,0.22216666666666665
IMN,2009,10.294833333333333,12,0.22633333333333336
IND,1960,24.287166666666668,12,0.2568333333333333
IND,1961,23.815250000000002,12,0.22166666666666665
IND,1962,23.88475,12,0.28733333333333333
IND,1963,24.09575,12,0.27391666666666664
IND,1964,24.0705,12,0.2635
IND,1965,24.09091666666667,12,0.29233333333333333
IND,1966,24.438583333333337,12,0.26158333333333333
IND,1967,23.992083333333337,12,0.26875
IND,1968,23.86475,12,0.25625000000000003
IND,1969,24.501166666666666,12,0.27066666666666667
IND,1970,24.074083333333334,12,0.23625
IND,1971,23.634,12,0.21608333333333332
IND,1972,24.272166666666667,12,0.27675
IND,1973,24.386583333333334,12,0.22908333333333333
IND,1974,24.175749999999997,12,0.19658333333333333
IND,1975,23.862166666666667,12,0.24725
IND,1976,24.199583333333333,12,0.22983333333333333
IND,1977,24.28891666666667,12,0.20750000000000002
IND,1978,24.007333333333335,12,0.22816666666666666
IND,1979,24.553583333333336,12,0.19825
IND,1980,24.593083333333336,12,0.21516666666666664
IND,1981,24.228416666666664,12,0.21841666666666668
IND,1982,24.21825,12,0.18991666666666665
IND,1983,23.938000000000002,12,0.17800000000000002
IND,1984,24.185083333333335,12,0.18925
IND,1985,24.486333333333334,12,0.21433333333333335
IND,1986,24.2945,12,0.22041666666666668
IND,1987,24.789083333333334,12,0.20033333333333334
IND,1988,24.72775,12,0.167
IND,1989,24.162333333333333,12,0.21824999999999997
IND,1990,24.17816666666667,12,0.2363333333333333
IND,1991,24.311750000000004,12,0.18575
IND,1992,24.222916666666666,12,0.21608333333333332
IND,1993,24.408666666666665,12,0.21525000000000002
IND,1994,24.29641666666667,12,0.23191666666666666
IND,1995,24.42975,12,0.18858333333333333
IND,1996,24.436916666666665,12,0.18508333333333335
IND,1997,24.04733333333333,12,0.22308333333333333
IND,1998,24.755416666666665,12,0.16466666666666666
IND,1999,24.659833333333335,12,0.17108333333333334
IND,2000,24.498,12,0.20025
IND,2001,24.581916666666668,12,0.20258333333333334
IND,2002,24.913,12,0.19375
IND,2003,24.649916666666666,12,0.2565
IND,2004,24.634583333333335,12,0.19899999999999998
IND,2005,24.495416666666667,12,0.18158333333333332
IND,2006,24.732083333333335,12,0.21883333333333332
IND,2007,24.649916666666666,12,0.1759166666666667
IND,2008,24.406000000000002,12,0.17808333333333334
IND,2009,25.146666666666665,12,0.165
IRL,1960,9.673416666666666,12,0.2781666666666667
IRL,1961,9.811083333333334,12,0.25608333333333333
IRL,1962,9.064416666666668,12,0.30675
IRL,1963,8.78825,12,0.2565
IRL,1964,9.751,12,0.23024999999999998
IRL,1965,9.068916666666667,12,0.29691666666666666
IRL,1966,9.631333333333332,12,0.2768333333333333
IRL,1967,9.491416666666668,12,0.2575
IRL,1968,9.588833333333334,12,0.2510833333333333
IRL,1969,9.33275,12,0.22233333333333336
IRL,1970,9.603583333333333,12,0.2165
IRL,1971,10.086583333333333,12,0.22683333333333333
IRL,1972,9.239583333333334,12,0.23583333333333334
IRL,1973,9.816666666666666,12,0.24083333333333332
IRL,1974,9.478666666666667,12,0.24558333333333335
IRL,1975,10.063666666666666,12,0.26016666666666666
IRL,1976,9.861583333333334,12,0.25458333333333333
IRL,1977,9.61225,12,0.23316666666666666
IRL,1978,9.648583333333333,12,0.2356666666666667
IRL,1979,8.8925,12,0.20908333333333332
IRL,1980,9.545333333333334,12,0.17800000000000002
IRL,1981,9.590916666666667,12,0.23683333333333334
IRL,1982,9.84675,12,0.18566666666666665
IRL,1983,10.079500000000001,12,0.209
IRL,1984,9.784583333333334,12,0.22475
IRL,1985,9.110666666666667,12,0.24341666666666664
IRL,1986,8.733333333333333,12,0.21166666666666667
IRL,1987,9.438666666666666,12,0.20891666666666667
IRL,1988,9.865333333333334,12,0.1995
IRL,1989,10.29575,12,0.24158333333333334
IRL,1990,10.312666666666667,12,0.22558333333333333
IRL,1991,9.825166666666666,12,0.21025000000000002
IRL,1992,9.789,12,0.25466666666666665
IRL,1993,9.641583333333333,12,0.20966666666666667
IRL,1994,9.884833333333333,12,0.22341666666666668
IRL,1995,10.518916666666668,12,0.20825000000000002
IRL,1996,9.591166666666668,12,0.21958333333333335
IRL,1997,10.6835,12,0.23058333333333333
IRL,1998,10.4595,12,0.1955
IRL,1999,10.458166666666665,12,0.19833333333333333
IRL,2000,10.13075,12,0.23858333333333334
IRL,2001,10.023083333333334,12,0.22766666666666666
IRL,2002,10.420666666666667,12,0.2235
IRL,2003,10.522416666666667,12,0.274
IRL,2004,10.439083333333334,12,0.23650000000000002
IRL,2005,10.575750000000001,12,0.24133333333333332
IRL,2006,10.654166666666667,12,0.22958333333333333
IRL,2007,10.842666666666666,12,0.21599999999999997
IRL,2008,10.15875,12,0.24125
IRL,2009,10.15725,12,0.26016666666666666
IRN,1960,17.89375,12,0.385
IRN,1961,17.739333333333335,12,0.34008333333333335
IRN,1962,17.798,12,0.3918333333333333
IRN,1963,18.258916666666668,12,0.25525000000000003
IRN,1964,16.906333333333333,12,0.32583333333333336
IRN,1965,17.752583333333334,12,0.3585
IRN,1966,18.403166666666667,12,0.3179166666666667
IRN,1967,17.280083333333334,12,0.326
IRN,1968,17.54825,12,0.324
IRN,1969,17.522916666666667,12,0.3445833333333333
IRN,1970,18.452,12,0.31316666666666665
IRN,1971,17.901416666666666,12,0.30216666666666664
IRN,1972,16.423833333333334,12,0.3273333333333333
IRN,1973,17.786583333333336,12,0.33358333333333334
IRN,1974,16.989250000000002,12,0.27408333333333335
IRN,1975,17.44183333333333,12,0.31083333333333335
IRN,1976,17.35291666666667,12,0.28550000000000003
IRN,1977,18.28291666666667,12,0.28575
IRN,1978,18.15125,12,0.30741666666666667
IRN,1979,18.208666666666666,12,0.2780833333333333
IRN,1980,18.328833333333332,12,0.25716666666666665
IRN,1981,18.41825,12,0.27408333333333335
IRN,1982,17.32675,12,0.2753333333333333
IRN,1983,17.95991666666667,12,0.29983333333333334
IRN,1984,17.627916666666668,12,0.27225000000000005
IRN,1985,18.111333333333334,12,0.28291666666666665
IRN,1986,17.700666666666667,12,0.24541666666666664
IRN,1987,18.39625,12,0.24283333333333332
IRN,1988,18.51216666666667,12,0.2324166666666667
IRN,1989,17.993083333333335,12,0.3134166666666667
IRN,1990,18.426416666666665,12,0.30933333333333335
IRN,1991,18.02925,12,0.21283333333333332
IRN,1992,16.949749999999998,12,0.2565
IRN,1993,17.741083333333332,12,0.2344166666666667
IRN,1994,18.386,12,0.21416666666666664
IRN,1995,18.40791666666667,12,0.2215
IRN,1996,18.206416666666666,12,0.19233333333333336
IRN,1997,18.303250000000002,12,0.1991666666666667
IRN,1998,19.16991666666667,12,0.21233333333333335
IRN,1999,19.15791666666667,12,0.21091666666666667
IRN,2000,18.892083333333336,12,0.20416666666666664
IRN,2001,19.473833333333335,12,0.264
IRN,2002,19.142416666666666,12,0.27625
IRN,2003,18.915166666666668,12,0.33591666666666664
IRN,2004,19.149916666666666,12,0.2624166666666667
IRN,2005,18.80666666666667,12,0.28691666666666665
IRN,2006,19.211916666666667,12,0.2841666666666667
IRN,2007,18.740416666666665,12,0.24508333333333332
IRN,2008,18.90491666666667,12,0.2524166666666667
IRN,2009,19.1095,12,0.24791666666666667
IRQ,1960,22.727500000000003,12,0.3495
IRQ,1961,21.939333333333334,12,0.40575
IRQ,1962,23.15225,12,0.37233333333333335
IRQ,1963,22.331000000000003,12,0.2981666666666667
IRQ,1964,21.37325,12,0.34125
IRQ,1965,22.181583333333336,12,0.3585
IRQ,1966,23.078166666666664,12,0.30383333333333334
IRQ,1967,21.077583333333333,12,0.34558333333333335
IRQ,1968,22.015583333333336,12,0.3195
IRQ,1969,22.39125,12,0.3535
IRQ,1970,22.602666666666668,12,0.29158333333333336
IRQ,1971,21.819916666666668,12,0.3239166666666667
IRQ,1972,21.17716666666667,12,0.3385833333333333
IRQ,1973,22.04008333333333,12,0.36883333333333335
IRQ,1974,21.653750000000002,12,0.39916666666666667
IRQ,1975,21.81341666666667,12,0.39683333333333337
IRQ,1976,21.57025,12,0.3398333333333334
IRQ,1977,22.21841666666667,12,0.30675
IRQ,1978,22.406750000000002,12,0.36033333333333334
IRQ,1979,23.285666666666668,12,0.276
IRQ,1980,22.377583333333334,12,0.27225
IRQ,1981,22.419,12,0.4400833333333334
IRQ,1982,21.185166666666667,12,0.45341666666666663
IRQ,1983,21.534833333333335,12,0.36800000000000005
IRQ,1984,21.842000000000002,12,0.4034166666666667
IRQ,1985,22.203000000000003,12,0.41858333333333336
IRQ,1986,22.324333333333332,12,0.337
IRQ,1987,22.607666666666663,12,0.3443333333333333
IRQ,1988,22.058583333333335,12,0.26158333333333333
IRQ,1989,22.338416666666664,12,0.4483333333333333
IRQ,1990,22.5415,12,0.34141666666666665
IRQ,1991,22.28033333333333,12,0.40441666666666665
IRQ,1992,20.68583333333333,12,0.4538333333333333
IRQ,1993,21.90308333333333,12,0.4756666666666667
IRQ,1994,22.642416666666666,12,0.44475
IRQ,1995,22.431,12,0.4400833333333333
IRQ,1996,23.01375,12,0.3498333333333334
IRQ,1997,21.921166666666668,12,0.3263333333333333
IRQ,1998,23.455416666666665,12,0.35341666666666666
IRQ,1999,23.493333333333336,12,0.3343333333333333
IRQ,2000,22.988833333333332,12,0.3621666666666667
IRQ,2001,23.517083333333332,12,0.44158333333333327
IRQ,2002,22.895583333333335,12,0.40158333333333335
IRQ,2003,22.95941666666667,12,0.38199999999999995
IRQ,2004,22.77891666666667,12,0.32116666666666666
IRQ,2005,22.696083333333334,12,0.29125
IRQ,2006,22.904333333333337,12,0.26691666666666664
IRQ,2007,23.015,12,0.24433333333333332
IRQ,2008,23.118166666666667,12,0.26033333333333336
IRQ,2009,22.998083333333337,12,0.25116666666666665
ISL,1960,2.571333333333333,12,0.4435833333333334
ISL,1961,2.003833333333333,12,0.445
ISL,1962,1.5171666666666663,12,0.4675
ISL,1963,1.5729166666666667,12,0.4349166666666666
ISL,1964,2.449666666666667,12,0.4655833333333333
ISL,1965,1.4381666666666668,12,0.5403333333333333
ISL,1966,1.0913333333333333,12,0.39916666666666667
ISL,1967,1.0142499999999999,12,0.39808333333333334
ISL,1968,0.8940000000000001,12,0.46475
ISL,1969,0.646833333333333,12,0.47633333333333333
ISL,1970,1.0832499999999998,12,0.41524999999999995
ISL,1971,1.3544166666666666,12,0.4573333333333333
ISL,1972,2.5978333333333334,12,0.3914166666666667
ISL,1973,1.1006666666666665,12,0.41683333333333333
ISL,1974,2.3700833333333335,12,0.43191666666666667
ISL,1975,1.3686666666666667,12,0.37424999999999997
ISL,1976,2.1191666666666666,12,0.47900000000000004
ISL,1977,1.5915833333333333,12,0.38116666666666665
ISL,1978,1.7345833333333331,12,0.3640833333333333
ISL,1979,0.2740833333333336,12,0.3814166666666667
ISL,1980,1.8332500000000003,12,0.4025
ISL,1981,0.6415000000000001,12,0.407
ISL,1982,1.34425,12,0.35708333333333336
ISL,1983,0.8177499999999999,12,0.32208333333333333
ISL,1984,2.05925,12,0.3438333333333334
ISL,1985,1.4100833333333334,12,0.38125000000000003
ISL,1986,1.545,12,0.33183333333333337
ISL,1987,2.547,12,0.3055833333333333
ISL,1988,1.2264166666666665,12,0.31975000000000003
ISL,1989,1.3808333333333334,12,0.3173333333333333
ISL,1990,1.7747500000000003,12,0.31525
ISL,1991,2.540083333333333,12,0.316
ISL,1992,1.7690833333333333,12,0.3511666666666667
ISL,1993,1.70325,12,0.35200000000000004
ISL,1994,1.5843333333333334,12,0.33125
ISL,1995,1.06825,12,0.2891666666666667
ISL,1996,2.3195,12,0.3615833333333333
ISL,1997,2.223666666666667,12,0.3988333333333334
ISL,1998,1.6077500000000002,12,0.32558333333333334
ISL,1999,1.84225,12,0.30224999999999996
ISL,2000,2.1032499999999996,12,0.34041666666666665
ISL,2001,2.3649166666666663,12,0.3289166666666667
ISL,2002,2.665833333333333,12,0.367
ISL,2003,3.3408333333333338,12,0.3979166666666667
ISL,2004,2.9484166666666667,12,0.3794166666666667
ISL,2005,2.2003333333333335,12,0.397
ISL,2006,2.6824999999999997,12,0.42225
ISL,2007,2.5614166666666667,12,0.34991666666666665
ISL,2008,2.3129166666666667,12,0.34425
ISL,2009,2.464,12,0.34575
ISR,1960,20.723166666666668,12,0.32275
ISR,1961,19.616833333333332,12,0.3259166666666667
ISR,1962,20.791083333333333,12,0.3356666666666667
ISR,1963,20.604666666666667,12,0.30275
ISR,1964,19.325083333333335,12,0.28225
ISR,1965,19.935333333333332,12,0.3103333333333333
ISR,1966,20.509083333333333,12,0.28125
ISR,1967,19.080916666666667,12,0.289
ISR,1968,19.983416666666667,12,0.24366666666666667
ISR,1969,20.335583333333336,12,0.28150000000000003
ISR,1970,20.06866666666667,12,0.24175
ISR,1971,19.649333333333335,12,0.24308333333333332
ISR,1972,19.529666666666667,12,0.24583333333333335
ISR,1973,19.7835,12,0.2733333333333334
ISR,1974,19.69333333333333,12,0.2575
ISR,1975,19.666333333333334,12,0.28341666666666665
ISR,1976,19.608583333333332,12,0.26566666666666666
ISR,1977,19.935666666666666,12,0.23424999999999999
ISR,1978,20.19225,12,0.26375
ISR,1979,20.65775,12,0.24041666666666664
ISR,1980,20.04075,12,0.22633333333333336
ISR,1981,20.019416666666668,12,0.23933333333333331
ISR,1982,19.318250000000003,12,0.235
ISR,1983,19.200583333333334,12,0.20683333333333334
ISR,1984,19.730416666666667,12,0.2595
ISR,1985,20.216166666666666,12,0.2704166666666667
ISR,1986,19.998166666666666,12,0.22608333333333333
ISR,1987,19.951833333333333,12,0.24216666666666667
ISR,1988,20.06025,12,0.19858333333333333
ISR,1989,19.901999999999997,12,0.24808333333333332
ISR,1990,20.129833333333334,12,0.25275
ISR,1991,20.021916666666666,12,0.24133333333333332
ISR,1992,19.028666666666666,12,0.29316666666666663
ISR,1993,19.975416666666664,12,0.22458333333333333
ISR,1994,20.500333333333334,12,0.26191666666666663
ISR,1995,20.043333333333333,12,0.23374999999999999
ISR,1996,20.52808333333333,12,0.24791666666666665
ISR,1997,19.823166666666665,12,0.2644166666666667
ISR,1998,20.966416666666667,12,0.2549166666666666
ISR,1999,20.892166666666668,12,0.29333333333333333
ISR,2000,20.230416666666667,12,0.2614166666666667
ISR,2001,20.929750000000002,12,0.25383333333333336
ISR,2002,20.728333333333335,12,0.25458333333333333
ISR,2003,20.614,12,0.29458333333333336
ISR,2004,20.4905,12,0.23216666666666666
ISR,2005,20.43775,12,0.21675
ISR,2006,20.409166666666668,12,0.25608333333333333
ISR,2007,20.701583333333335,12,0.24308333333333332
ISR,2008,20.930083333333332,12,0.2565
ISR,2009,20.831416666666666,12,0.29
ITA,1960,13.072833333333334,12,0.27466666666666667
ITA,1961,13.570583333333333,12,0.25466666666666665
ITA,1962,12.658000000000001,12,0.28933333333333333
ITA,1963,12.604583333333332,12,0.21958333333333332
ITA,1964,12.991333333333332,12,0.23291666666666666
ITA,1965,12.455583333333331,12,0.28350000000000003
ITA,1966,13.040583333333332,12,0.2501666666666667
ITA,1967,13.13725,12,0.21783333333333332
ITA,1968,12.84525,12,0.22133333333333335
ITA,1969,12.629583333333334,12,0.22375
ITA,1970,12.840583333333333,12,0.21475
ITA,1971,12.788916666666665,12,0.22391666666666668
ITA,1972,12.716833333333334,12,0.2253333333333333
ITA,1973,12.798499999999999,12,0.22091666666666665
ITA,1974,12.807583333333334,12,0.22316666666666665
ITA,1975,12.937166666666668,12,0.25466666666666665
ITA,1976,12.503166666666667,12,0.23908333333333331
ITA,1977,13.03875,12,0.18766666666666665
ITA,1978,12.373666666666667,12,0.22183333333333333
ITA,1979,12.898166666666667,12,0.18391666666666664
ITA,1980,12.239583333333334,12,0.19874999999999998
ITA,1981,12.77675,12,0.20941666666666667
ITA,1982,13.439916666666667,12,0.19266666666666665
ITA,1983,13.188333333333333,12,0.23983333333333334
ITA,1984,12.486333333333333,12,0.21283333333333335
ITA,1985,13.058333333333332,12,0.23575000000000002
ITA,1986,13.132833333333332,12,0.20183333333333334
ITA,1987,13.176499999999999,12,0.19099999999999998
ITA,1988,13.507666666666667,12,0.17800000000000002
ITA,1989,13.329166666666667,12,0.24358333333333335
ITA,1990,13.716916666666668,12,0.2051666666666667
ITA,1991,12.853499999999999,12,0.18308333333333335
ITA,1992,13.58175,12,0.24258333333333335
ITA,1993,13.409666666666666,12,0.21433333333333335
ITA,1994,14.284833333333333,12,0.22758333333333333
ITA,1995,13.234083333333333,12,0.19941666666666666
ITA,1996,13.007,12,0.21141666666666667
ITA,1997,13.838833333333334,12,0.22533333333333336
ITA,1998,13.662333333333335,12,0.2315
ITA,1999,13.763,12,0.1975
ITA,2000,14.1255,12,0.23858333333333334
ITA,2001,13.95425,12,0.219
ITA,2002,13.934,12,0.19933333333333333
ITA,2003,14.296916666666666,12,0.24966666666666668
ITA,2004,13.559833333333332,12,0.21016666666666664
ITA,2005,13.028583333333332,12,0.21041666666666667
ITA,2006,13.787333333333335,12,0.24441666666666664
ITA,2007,14.073333333333332,12,0.20858333333333334
ITA,2008,13.88125,12,0.19841666666666669
ITA,2009,14.052916666666667,12,0.24308333333333335
JAM,1960,26.463916666666666,12,0.4285833333333333
JAM,1961,26.484333333333336,12,0.703
JAM,1962,26.117416666666667,12,0.6058333333333333
JAM,1963,26.117833333333337,12,0.42883333333333334
JAM,1964,26.405916666666666,12,0.3109166666666667
JAM,1965,26.266666666666666,12,0.622
JAM,1966,26.1825,12,0.41991666666666666
JAM,1967,26.18641666666667,12,0.49616666666666664
JAM,1968,26.1945,12,0.34274999999999994
JAM,1969,26.542583333333337,12,0.3844166666666667
JAM,1970,26.150666666666666,12,0.32575
JAM,1971,26.099083333333336,12,0.37683333333333335
JAM,1972,26.406333333333333,12,0.37958333333333333
JAM,1973,26.51025,12,0.3784166666666667
JAM,1974,26.033749999999998,12,0.27499999999999997
JAM,1975,26.264750000000003,12,0.3758333333333333
JAM,1976,26.297083333333333,12,0.34575
JAM,1977,26.558000000000003,12,0.3194166666666666
JAM,1978,26.393916666666666,12,0.3416666666666666
JAM,1979,26.340333333333334,12,0.3174166666666667
JAM,1980,26.662833333333335,12,0.41608333333333336
JAM,1981,26.379583333333333,12,0.2946666666666667
JAM,1982,26.660333333333337,12,0.4695833333333333
JAM,1983,26.84641666666667,12,0.35883333333333334
JAM,1984,26.355333333333334,12,0.29458333333333336
JAM,1985,26.23783333333333,12,0.38325000000000004
JAM,1986,26.320916666666665,12,0.31024999999999997
JAM,1987,26.86283333333333,12,0.38625
JAM,1988,26.736,12,0.334
JAM,1989,26.43841666666667,12,0.3173333333333333
JAM,1990,26.740250000000003,12,0.36624999999999996
JAM,1991,26.687833333333334,12,0.3918333333333333
JAM,1992,26.720416666666665,12,0.39091666666666663
JAM,1993,26.523,12,0.36341666666666667
JAM,1994,26.911,12,0.32758333333333334
JAM,1995,26.89391666666667,12,0.3745833333333333
JAM,1996,26.474833333333333,12,0.5946666666666667
JAM,1997,27.199166666666667,12,0.41125000000000006
JAM,1998,27.235583333333334,12,0.4379166666666667
JAM,1999,26.535666666666668,12,0.45041666666666663
JAM,2000,26.469416666666664,12,0.42241666666666666
JAM,2001,26.703083333333336,12,0.3918333333333333
JAM,2002,27.00075,12,0.30833333333333335
JAM,2003,27.065833333333334,12,0.44733333333333336
JAM,2004,26.903833333333335,12,0.4310833333333333
JAM,2005,26.834999999999997,12,0.40166666666666667
JAM,2006,27.034166666666668,12,0.5098333333333334
JAM,2007,27.01391666666667,12,0.42933333333333334
JAM,2008,26.6215,12,0.357
JAM,2009,26.860166666666668,12,0.46366666666666667
JEY,1960,11.313833333333333,12,0.34475000000000006
JEY,1961,11.70575,12,0.3655
JEY,1962,10.3605,12,0.38575000000000004
JEY,1963,9.803500000000001,12,0.3358333333333334
JEY,1964,10.916916666666665,12,0.24883333333333332
JEY,1965,10.56775,12,0.2804166666666667
JEY,1966,11.476666666666667,12,0.321
JEY,1967,11.145916666666666,12,0.2535
JEY,1968,10.990166666666667,12,0.2665
JEY,1969,11.1775,12,0.25508333333333333
JEY,1970,11.051083333333333,12,0.29275
JEY,1971,11.21825,12,0.31216666666666665
JEY,1972,10.71875,12,0.28941666666666666
JEY,1973,11.115833333333333,12,0.25608333333333333
JEY,1974,11.129,12,0.23908333333333334
JEY,1975,11.415166666666666,12,0.26166666666666666
JEY,1976,11.5645,12,0.2728333333333333
JEY,1977,11.074166666666665,12,0.22891666666666666
JEY,1978,10.935,12,0.2305
JEY,1979,10.58775,12,0.24025
JEY,1980,10.825166666666666,12,0.2001666666666667
JEY,1981,11.18125,12,0.266
JEY,1982,11.661416666666668,12,0.21783333333333332
JEY,1983,11.568666666666667,12,0.24233333333333337
JEY,1984,11.368916666666665,12,0.24708333333333332
JEY,1985,10.698416666666667,12,0.243
JEY,1986,10.396833333333333,12,0.20966666666666667
JEY,1987,10.688,12,0.22899999999999998
JEY,1988,11.60225,12,0.25808333333333333
JEY,1989,12.359416666666666,12,0.26091666666666663
JEY,1990,12.3365,12,0.30183333333333334
JEY,1991,10.890583333333334,12,0.24816666666666667
JEY,1992,11.448916666666667,12,0.24925
JEY,1993,11.187666666666667,12,0.22066666666666668
JEY,1994,12.080666666666666,12,0.22083333333333333
JEY,1995,12.187083333333334,12,0.23424999999999999
JEY,1996,11.016916666666667,12,0.18416666666666667
JEY,1997,12.098666666666666,12,0.21791666666666668
JEY,1998,11.846166666666667,12,0.18166666666666664
JEY,1999,12.34525,12,0.22008333333333333
JEY,2000,11.918999999999999,12,0.25625000000000003
JEY,2001,11.876416666666666,12,0.24916666666666668
JEY,2002,12.245083333333334,12,0.24491666666666667
JEY,2003,12.2355,12,0.2738333333333333
JEY,2004,11.950333333333333,12,0.21791666666666668
JEY,2005,12.050083333333333,12,0.17316666666666666
JEY,2006,12.187249999999999,12,0.27691666666666664
JEY,2007,12.227666666666666,12,0.21375
JEY,2008,11.761583333333332,12,0.19833333333333333
JEY,2009,11.732583333333332,12,0.20433333333333334
JOR,1960,20.470583333333334,12,0.3468333333333333
JOR,1961,19.335083333333333,12,0.3398333333333334
JOR,1962,20.7025,12,0.4073333333333333
JOR,1963,20.344666666666665,12,0.3443333333333333
JOR,1964,19.022333333333332,12,0.32975000000000004
JOR,1965,19.752,12,0.3814166666666667
JOR,1966,20.32075,12,0.29375
JOR,1967,18.6445,12,0.3154166666666667
JOR,1968,19.691166666666668,12,0.30591666666666667
JOR,1969,20.136416666666666,12,0.33875000000000005
JOR,1970,19.844333333333335,12,0.3233333333333333
JOR,1971,19.331666666666667,12,0.29241666666666666
JOR,1972,19.116,12,0.30441666666666667
JOR,1973,19.49775,12,0.3145833333333333
JOR,1974,19.3785,12,0.297
JOR,1975,19.271583333333332,12,0.3374166666666667
JOR,1976,19.229833333333335,12,0.32608333333333334
JOR,1977,19.71125,12,0.28391666666666665
JOR,1978,19.99683333333333,12,0.33308333333333334
JOR,1979,20.50825,12,0.2834166666666667
JOR,1980,19.845000000000002,12,0.25333333333333335
JOR,1981,19.769916666666667,12,0.25933333333333336
JOR,1982,18.850916666666667,12,0.2485833333333333
JOR,1983,18.918,12,0.24966666666666668
JOR,1984,19.35741666666667,12,0.27016666666666667
JOR,1985,19.916,12,0.30016666666666664
JOR,1986,19.74175,12,0.27266666666666667
JOR,1987,19.896583333333336,12,0.287
JOR,1988,19.811,12,0.21475
JOR,1989,19.753666666666668,12,0.3665
JOR,1990,19.921583333333334,12,0.26891666666666664
JOR,1991,19.79175,12,0.31
JOR,1992,18.604916666666668,12,0.36625
JOR,1993,19.679916666666667,12,0.29333333333333333
JOR,1994,20.265583333333336,12,0.35033333333333333
JOR,1995,19.847916666666666,12,0.22775
JOR,1996,20.422,12,0.25716666666666665
JOR,1997,19.484583333333337,12,0.2935
JOR,1998,20.773583333333335,12,0.2728333333333333
JOR,1999,20.621166666666667,12,0.33391666666666664
JOR,2000,20.04525,12,0.26016666666666666
JOR,2001,20.730833333333333,12,0.3095
JOR,2002,20.322833333333335,12,0.31066666666666665
JOR,2003,20.331416666666666,12,0.3116666666666667
JOR,2004,20.25525,12,0.25075
JOR,2005,20.137416666666667,12,0.23866666666666667
JOR,2006,20.173333333333336,12,0.3135833333333333
JOR,2007,20.43975,12,0.22791666666666666
JOR,2008,20.572750000000003,12,0.27375
JOR,2009,20.4985,12,0.3865
JPN,1960,12.599833333333335,12,0.21658333333333335
JPN,1961,13.045499999999999,12,0.21208333333333332
JPN,1962,12.466166666666666,12,0.2574166666666667
JPN,1963,12.29325,12,0.21141666666666667
JPN,1964,12.34975,12,0.19633333333333333
JPN,1965,11.687916666666666,12,0.24308333333333332
JPN,1966,12.134416666666667,12,0.18925
JPN,1967,12.266333333333334,12,0.20083333333333334
JPN,1968,12.190416666666666,12,0.18108333333333335
JPN,1969,11.848999999999998,12,0.18491666666666665
JPN,1970,11.929,12,0.19233333333333333
JPN,1971,11.983416666666665,12,0.17308333333333334
JPN,1972,12.592166666666666,12,0.20125
JPN,1973,12.41475,12,0.20666666666666667
JPN,1974,11.7905,12,0.20491666666666666
JPN,1975,12.336999999999998,12,0.21308333333333332
JPN,1976,11.7475,12,0.2111666666666667
JPN,1977,12.19825,12,0.19491666666666665
JPN,1978,12.505333333333333,12,0.19983333333333334
JPN,1979,12.842583333333332,12,0.17741666666666667
JPN,1980,11.795083333333332,12,0.14708333333333332
JPN,1981,11.629416666666666,12,0.18808333333333335
JPN,1982,12.336333333333334,12,0.16974999999999998
JPN,1983,12.121916666666666,12,0.19274999999999998
JPN,1984,11.659916666666666,12,0.19266666666666665
JPN,1985,12.281333333333334,12,0.19841666666666669
JPN,1986,11.691416666666667,12,0.17049999999999998
JPN,1987,12.543833333333332,12,0.16383333333333333
JPN,1988,11.967666666666666,12,0.15641666666666665
JPN,1989,12.91175,12,0.18416666666666667
JPN,1990,13.590583333333333,12,0.20274999999999999
JPN,1991,12.783166666666666,12,0.15958333333333333
JPN,1992,12.484250000000001,12,0.22124999999999997
JPN,1993,12.055166666666667,12,0.17466666666666666
JPN,1994,13.229750000000001,12,0.17191666666666663
JPN,1995,12.475416666666666,12,0.16266666666666665
JPN,1996,12.082833333333333,12,0.15641666666666668
JPN,1997,12.752416666666667,12,0.17341666666666666
JPN,1998,13.244750000000002,12,0.15274999999999997
JPN,1999,13.080083333333334,12,0.15966666666666665
JPN,2000,12.833833333333333,12,0.18658333333333332
JPN,2001,12.450000000000001,12,0.1758333333333333
JPN,2002,12.837333333333333,12,0.16316666666666665
JPN,2003,12.507,12,0.22
JPN,2004,13.435666666666668,12,0.17116666666666666
JPN,2005,12.555916666666667,12,0.15675
JPN,2006,12.757083333333334,12,0.19974999999999998
JPN,2007,13.192166666666667,12,0.17341666666666666
JPN,2008,12.874916666666666,12,0.18375
JPN,2009,12.933833333333332,12,0.20158333333333334
KAZ,1960,4.318833333333334,12,0.32508333333333334
KAZ,1961,6.357583333333333,12,0.2838333333333333
KAZ,1962,6.529583333333334,12,0.32608333333333334
KAZ,1963,6.677416666666667,12,0.3055833333333333
KAZ,1964,4.974583333333333,12,0.313
KAZ,1965,6.236166666666667,12,0.3219166666666667
KAZ,1966,5.78025,12,0.308
KAZ,1967,5.923583333333333,12,0.3363333333333333
KAZ,1968,5.3919999999999995,12,0.2941666666666667
KAZ,1969,3.7237500000000003,12,0.25566666666666665
KAZ,1970,5.547000000000001,12,0.23475000000000001
KAZ,1971,6.325166666666667,12,0.28291666666666665
KAZ,1972,4.3566666666666665,12,0.3954166666666667
KAZ,1973,6.086083333333334,12,0.25558333333333333
KAZ,1974,5.25625,12,0.23108333333333334
KAZ,1975,6.527583333333333,12,0.24733333333333332
KAZ,1976,4.447166666666667,12,0.24349999999999997
KAZ,1977,6.0776666666666666,12,0.20366666666666666
KAZ,1978,6.040166666666667,12,0.21466666666666667
KAZ,1979,6.119583333333334,12,0.20766666666666667
KAZ,1980,5.7067499999999995,12,0.22183333333333333
KAZ,1981,6.71525,12,0.22791666666666666
KAZ,1982,6.257583333333334,12,0.24241666666666664
KAZ,1983,7.660083333333334,12,0.23791666666666667
KAZ,1984,4.852333333333333,12,0.23391666666666666
KAZ,1985,5.49775,12,0.26308333333333334
KAZ,1986,5.68725,12,0.24491666666666667
KAZ,1987,5.526083333333333,12,0.23408333333333334
KAZ,1988,6.377666666666667,12,0.20391666666666666
KAZ,1989,6.517,12,0.23450000000000001
KAZ,1990,6.55575,12,0.239
KAZ,1991,6.470999999999999,12,0.20541666666666666
KAZ,1992,5.809666666666668,12,0.256
KAZ,1993,4.70225,12,0.25833333333333336
KAZ,1994,5.5365,12,0.25475
KAZ,1995,7.335333333333334,12,0.2589166666666667
KAZ,1996,5.100833333333334,12,0.25925
KAZ,1997,7.065333333333334,12,0.29791666666666666
KAZ,1998,6.248916666666667,12,0.261
KAZ,1999,6.9755,12,0.27775
KAZ,2000,6.761416666666666,12,0.27258333333333334
KAZ,2001,6.813083333333334,12,0.2860833333333333
KAZ,2002,7.301583333333334,12,0.30275
KAZ,2003,6.131416666666667,12,0.32075000000000004
KAZ,2004,7.393,12,0.2784166666666667
KAZ,2005,6.998833333333334,12,0.23566666666666666
KAZ,2006,6.869833333333333,12,0.2594166666666667
KAZ,2007,7.155166666666666,12,0.2575
KAZ,2008,7.028916666666667,12,0.24758333333333335
KAZ,2009,6.382083333333333,12,0.24641666666666664
KEN,1960,24.09575,12,0.26691666666666664
KEN,1961,24.219583333333333,12,0.36074999999999996
KEN,1962,24.002083333333335,12,0.3165
KEN,1963,23.945083333333333,12,0.28991666666666666
KEN,1964,23.764833333333332,12,0.30475
KEN,1965,23.977249999999998,12,0.27125
KEN,1966,24.2165,12,0.3289166666666667
KEN,1967,24.136416666666666,12,0.3313333333333333
KEN,1968,23.579666666666668,12,0.3365833333333333
KEN,1969,24.278666666666666,12,0.2986666666666667
KEN,1970,24.230249999999998,12,0.26675
KEN,1971,23.8565,12,0.3388333333333333
KEN,1972,24.397166666666667,12,0.2945
KEN,1973,24.483416666666667,12,0.35375
KEN,1974,24.028666666666666,12,0.3558333333333333
KEN,1975,24.149416666666667,12,0.30133333333333334
KEN,1976,24.313333333333333,12,0.33616666666666667
KEN,1977,24.330416666666668,12,0.2788333333333333
KEN,1978,24.075833333333335,12,0.27591666666666664
KEN,1979,24.24116666666667,12,0.26366666666666666
KEN,1980,24.722416666666664,12,0.28683333333333333
KEN,1981,24.320916666666665,12,0.31975
KEN,1982,24.359416666666664,12,0.28825
KEN,1983,24.776,12,0.27416666666666667
KEN,1984,24.292083333333334,12,0.24283333333333332
KEN,1985,24.169583333333335,12,0.27225
KEN,1986,24.419583333333335,12,0.2538333333333333
KEN,1987,25.01575,12,0.30775
KEN,1988,24.66025,12,0.235
KEN,1989,24.021666666666665,12,0.2511666666666667
KEN,1990,24.132416666666668,12,0.33225
KEN,1991,24.371583333333334,12,0.3094166666666667
KEN,1992,24.408916666666666,12,0.32833333333333337
KEN,1993,24.281583333333334,12,0.32725
KEN,1994,24.524916666666666,12,0.2831666666666667
KEN,1995,24.475333333333335,12,0.2520833333333333
KEN,1996,24.453000000000003,12,0.31175
KEN,1997,24.56475,12,0.2921666666666667
KEN,1998,24.590999999999998,12,0.38875
KEN,1999,24.57058333333333,12,0.38658333333333333
KEN,2000,24.71666666666667,12,0.35766666666666663
KEN,2001,24.458333333333332,12,0.34149999999999997
KEN,2002,24.66175,12,0.287
KEN,2003,24.858333333333334,12,0.322
KEN,2004,24.86708333333333,12,0.24491666666666667
KEN,2005,25.133666666666667,12,0.3050833333333333
KEN,2006,24.820083333333333,12,0.3441666666666667
KEN,2007,24.788750000000004,12,0.36716666666666664
KEN,2008,24.64975,12,0.3155
KEN,2009,25.228083333333334,12,0.30183333333333334
KGZ,1960,3.011249999999999,12,0.62975
KGZ,1961,3.933916666666667,12,0.44450000000000006
KGZ,1962,3.5964166666666664,12,0.5064166666666666
KGZ,1963,4.435416666666667,12,0.60525
KGZ,1964,2.702583333333333,12,0.4974166666666667
KGZ,1965,4.095999999999999,12,0.46625000000000005
KGZ,1966,3.744499999999999,12,0.56325
KGZ,1967,3.179916666666667,12,0.5011666666666666
KGZ,1968,3.5055833333333326,12,0.5251666666666667
KGZ,1969,2.3744166666666664,12,0.6704166666666667
KGZ,1970,3.7745833333333327,12,0.5369166666666666
KGZ,1971,4.176749999999999,12,0.5019166666666667
KGZ,1972,2.372583333333333,12,0.5271666666666667
KGZ,1973,4.082833333333333,12,0.4695833333333333
KGZ,1974,2.8895,12,0.48275
KGZ,1975,3.4741666666666666,12,0.3878333333333333
KGZ,1976,3.0085833333333327,12,0.4599166666666667
KGZ,1977,3.94,12,0.34650000000000003
KGZ,1978,3.8703333333333334,12,0.39675
KGZ,1979,3.807916666666667,12,0.39425
KGZ,1980,4.507833333333333,12,0.38691666666666663
KGZ,1981,4.140499999999999,12,0.48741666666666666
KGZ,1982,3.7505833333333336,12,0.5358333333333333
KGZ,1983,4.4415000000000004,12,0.30041666666666667
KGZ,1984,2.94,12,0.40575
KGZ,1985,3.829833333333333,12,0.3879166666666667
KGZ,1986,3.8058333333333336,12,0.42816666666666664
KGZ,1987,4.004583333333334,12,0.35441666666666666
KGZ,1988,4.332999999999999,12,0.3565
KGZ,1989,3.3475833333333327,12,0.38175
KGZ,1990,4.492416666666666,12,0.35725
KGZ,1991,3.7833333333333337,12,0.3555833333333333
KGZ,1992,3.7207500000000002,12,0.40124999999999994
KGZ,1993,3.116166666666667,12,0.42408333333333337
KGZ,1994,3.7527500000000003,12,0.369
KGZ,1995,4.050166666666667,12,0.4495
KGZ,1996,3.414583333333334,12,0.36874999999999997
KGZ,1997,4.873916666666667,12,0.5085833333333333
KGZ,1998,4.393166666666667,12,0.42850000000000005
KGZ,1999,4.6003333333333325,12,0.39283333333333337
KGZ,2000,4.73075,12,0.38458333333333333
KGZ,2001,4.781,12,0.3515
KGZ,2002,4.709,12,0.35375
KGZ,2003,4.042333333333333,12,0.4114166666666667
KGZ,2004,5.02925,12,0.3985
KGZ,2005,4.518083333333333,12,0.43450000000000005
KGZ,2006,4.917333333333333,12,0.38025
KGZ,2007,5.053249999999999,12,0.4005
KGZ,2008,4.577583333333333,12,0.33175
KGZ,2009,4.349166666666666,12,0.4495
KHM,1960,27.172416666666667,12,0.268
KHM,1961,26.9765,12,0.27308333333333334
KHM,1962,26.699333333333332,12,0.2880833333333333
KHM,1963,26.6825,12,0.2793333333333333
KHM,1964,27.014166666666668,12,0.22375
KHM,1965,26.92125,12,0.2813333333333333
KHM,1966,27.38008333333333,12,0.2615
KHM,1967,26.654750000000003,12,0.2870833333333333
KHM,1968,27.008916666666668,12,0.2649166666666667
KHM,1969,27.265416666666667,12,0.22966666666666666
KHM,1970,27.008583333333334,12,0.2574166666666667
KHM,1971,26.363916666666668,12,0.25425000000000003
KHM,1972,26.99291666666667,12,0.27891666666666665
KHM,1973,27.228916666666667,12,0.25891666666666663
KHM,1974,26.732416666666666,12,0.29483333333333334
KHM,1975,26.8015,12,0.29491666666666666
KHM,1976,26.647666666666666,12,0.27975
KHM,1977,26.919583333333332,12,0.29941666666666666
KHM,1978,27.027,12,0.26108333333333333
KHM,1979,27.247583333333335,12,0.2738333333333333
KHM,1980,27.207083333333333,12,0.23058333333333333
KHM,1981,27.065250000000002,12,0.3293333333333333
KHM,1982,26.947833333333335,12,0.27125
KHM,1983,27.194583333333338,12,0.34958333333333336
KHM,1984,26.80175,12,0.325
KHM,1985,26.968666666666667,12,0.34358333333333335
KHM,1986,26.806833333333334,12,0.2545
KHM,1987,27.366666666666664,12,0.2781666666666667
KHM,1988,27.11675,12,0.24991666666666668
KHM,1989,26.962666666666667,12,0.2860833333333333
KHM,1990,27.259333333333334,12,0.2768333333333333
KHM,1991,27.20141666666667,12,0.2569166666666667
KHM,1992,27.0705,12,0.26891666666666664
KHM,1993,26.90825,12,0.3026666666666667
KHM,1994,27.12308333333333,12,0.2936666666666667
KHM,1995,27.080416666666668,12,0.23916666666666667
KHM,1996,26.83883333333333,12,0.27133333333333337
KHM,1997,27.219333333333335,12,0.26575
KHM,1998,27.956833333333336,12,0.21858333333333335
KHM,1999,26.83475,12,0.2305
KHM,2000,27.05716666666667,12,0.2519166666666667
KHM,2001,27.245833333333334,12,0.24816666666666665
KHM,2002,27.55541666666667,12,0.27799999999999997
KHM,2003,27.29941666666667,12,0.2925
KHM,2004,27.17941666666667,12,0.24749999999999997
KHM,2005,27.39,12,0.27225
KHM,2006,27.413916666666665,12,0.2578333333333333
KHM,2007,27.241833333333332,12,0.23216666666666666
KHM,2008,26.89708333333333,12,0.29658333333333337
KHM,2009,27.252750000000002,12,0.264
KIR,1960,26.734750000000002,12,0.6124166666666667
KIR,1961,26.785666666666668,12,0.6456666666666667
KIR,1962,26.658083333333334,12,0.7225
KIR,1963,27.058833333333336,12,0.57975
KIR,1964,26.427666666666667,12,0.6400833333333333
KIR,1965,26.685916666666667,12,0.7484999999999999
KIR,1966,27.055750000000003,12,0.6186666666666666
KIR,1967,26.90925,12,0.515
KIR,1968,26.856333333333335,12,0.541
KIR,1969,27.221333333333334,12,0.594
KIR,1970,26.750333333333334,12,0.5216666666666666
KIR,1971,26.18166666666667,12,0.4815833333333333
KIR,1972,26.85375,12,0.6135
KIR,1973,26.62216666666667,12,0.6975833333333333
KIR,1974,26.608166666666666,12,0.5696666666666667
KIR,1975,26.39425,12,0.5949166666666666
KIR,1976,26.55225,12,0.5400833333333334
KIR,1977,27.341333333333335,12,0.4959166666666666
KIR,1978,26.971666666666668,12,0.457
KIR,1979,27.061000000000003,12,0.6122500000000001
KIR,1980,27.257,12,0.5628333333333334
KIR,1981,26.935833333333335,12,0.652
KIR,1982,27.28991666666667,12,0.4848333333333334
KIR,1983,27.2045,12,0.7160000000000001
KIR,1984,26.82675,12,0.5845833333333333
KIR,1985,26.807666666666666,12,0.5734166666666667
KIR,1986,27.17175,12,0.6794166666666667
KIR,1987,27.596333333333334,12,0.4940833333333334
KIR,1988,26.931083333333333,12,0.791
KIR,1989,26.684416666666667,12,0.6464166666666666
KIR,1990,27.075666666666667,12,0.6431666666666667
KIR,1991,27.363083333333336,12,0.5631666666666667
KIR,1992,27.287333333333333,12,0.59375
KIR,1993,27.138583333333333,12,0.616
KIR,1994,27.247083333333336,12,0.5815
KIR,1995,27.46591666666667,12,0.54925
KIR,1996,27.3535,12,0.6454166666666666
KIR,1997,27.496333333333336,12,0.62675
KIR,1998,27.465999999999998,12,0.6716666666666667
KIR,1999,26.93541666666667,12,0.6086666666666667
KIR,2000,27.079250000000002,12,0.6404166666666666
KIR,2001,27.39225,12,0.6503333333333333
KIR,2002,27.657916666666665,12,0.5942500000000001
KIR,2003,27.767083333333332,12,0.66
KIR,2004,27.683666666666667,12,0.743
KIR,2005,27.814083333333333,12,0.7349166666666666
KIR,2006,27.756,12,0.8017499999999999
KIR,2007,27.295416666666668,12,0.9425833333333333
KIR,2008,26.961000000000002,12,0.64875
KIR,2009,27.66616666666667,12,0.82075
KNA,1960,26.412916666666664,12,0.338
KNA,1961,26.149333333333335,12,0.3135833333333333
KNA,1962,26.146333333333335,12,0.34241666666666665
KNA,1963,26.32325,12,0.3105833333333333
KNA,1964,26.160333333333337,12,0.32458333333333333
KNA,1965,25.841166666666666,12,0.3761666666666667
KNA,1966,26.00991666666667,12,0.3641666666666667
KNA,1967,25.765,12,0.305
KNA,1968,25.84391666666667,12,0.2713333333333333
KNA,1969,26.312083333333334,12,0.26133333333333336
KNA,1970,26.157416666666666,12,0.29041666666666666
KNA,1971,25.8025,12,0.25133333333333335
KNA,1972,25.970916666666668,12,0.28308333333333335
KNA,1973,26.269499999999997,12,0.32516666666666666
KNA,1974,25.728666666666665,12,0.24316666666666667
KNA,1975,25.77,12,0.25808333333333333
KNA,1976,25.65816666666667,12,0.2693333333333333
KNA,1977,26.256583333333335,12,0.2354166666666667
KNA,1978,26.270750000000003,12,0.22908333333333333
KNA,1979,26.076083333333333,12,0.2524166666666667
KNA,1980,26.551583333333337,12,0.19458333333333333
KNA,1981,26.485249999999997,12,0.26366666666666666
KNA,1982,26.0735,12,0.25416666666666665
KNA,1983,26.48966666666667,12,0.2625
KNA,1984,26.044583333333335,12,0.23716666666666666
KNA,1985,26.039,12,0.27325
KNA,1986,26.120833333333334,12,0.19474999999999998
KNA,1987,26.669,12,0.25566666666666665
KNA,1988,26.352999999999998,12,0.22975
KNA,1989,26.088916666666666,12,0.23891666666666667
KNA,1990,26.348916666666668,12,0.24091666666666667
KNA,1991,26.293916666666664,12,0.20591666666666666
KNA,1992,26.315583333333333,12,0.2724166666666667
KNA,1993,26.397833333333335,12,0.23099999999999998
KNA,1994,26.40341666666667,12,0.229
KNA,1995,26.793333333333333,12,0.20808333333333331
KNA,1996,26.325333333333333,12,0.21975
KNA,1997,26.675083333333333,12,0.17625
KNA,1998,26.996333333333336,12,0.20283333333333334
KNA,1999,26.521333333333335,12,0.253
KNA,2000,26.2735,12,0.21741666666666667
KNA,2001,26.66525,12,0.2233333333333333
KNA,2002,26.779916666666665,12,0.24866666666666667
KNA,2003,26.91508333333333,12,0.27416666666666667
KNA,2004,26.52733333333333,12,0.21241666666666667
KNA,2005,26.99491666666667,12,0.19425
KNA,2006,26.874416666666665,12,0.2775
KNA,2007,26.96466666666667,12,0.23308333333333334
KNA,2008,26.39225,12,0.21983333333333333
KNA,2009,26.716583333333332,12,0.26033333333333336
KOR,1960,12.7395,12,0.24350000000000002
KOR,1961,12.879,12,0.22591666666666668
KOR,1962,12.083833333333333,12,0.2896666666666667
KOR,1963,11.488999999999999,12,0.29033333333333333
KOR,1964,12.588166666666668,12,0.275
KOR,1965,11.752833333333333,12,0.29258333333333336
KOR,1966,12.02425,12,0.22791666666666666
KOR,1967,12.04625,12,0.2394166666666667
KOR,1968,11.956416666666668,12,0.24725
KOR,1969,11.448083333333335,12,0.218
KOR,1970,11.71125,12,0.24666666666666667
KOR,1971,11.920416666666668,12,0.27191666666666664
KOR,1972,12.133833333333333,12,0.28041666666666665
KOR,1973,12.432416666666667,12,0.23399999999999999
KOR,1974,11.388333333333334,12,0.22883333333333333
KOR,1975,12.615,12,0.23933333333333331
KOR,1976,11.720166666666666,12,0.2324166666666667
KOR,1977,12.361333333333334,12,0.19975
KOR,1978,12.807833333333335,12,0.22783333333333333
KOR,1979,12.67575,12,0.21166666666666667
KOR,1980,11.263583333333335,12,0.18091666666666664
KOR,1981,11.47425,12,0.2141666666666667
KOR,1982,12.469833333333334,12,0.2020833333333333
KOR,1983,12.363999999999999,12,0.19958333333333333
KOR,1984,11.802583333333333,12,0.2095
KOR,1985,12.177166666666666,12,0.21375
KOR,1986,11.601916666666668,12,0.20383333333333334
KOR,1987,12.359250000000001,12,0.18733333333333332
KOR,1988,12.22625,12,0.18275
KOR,1989,12.951833333333333,12,0.20775
KOR,1990,13.2295,12,0.22916666666666666
KOR,1991,12.407916666666667,12,0.18491666666666665
KOR,1992,12.60375,12,0.24225
KOR,1993,11.971916666666667,12,0.20808333333333331
KOR,1994,13.480416666666665,12,0.23666666666666666
KOR,1995,12.32725,12,0.23708333333333334
KOR,1996,12.165,12,0.2273333333333333
KOR,1997,12.818833333333332,12,0.23675
KOR,1998,13.64925,12,0.20458333333333334
KOR,1999,13.033416666666668,12,0.19208333333333336
KOR,2000,12.575333333333333,12,0.2175
KOR,2001,12.842583333333335,12,0.19225
KOR,2002,12.817166666666667,12,0.23641666666666664
KOR,2003,12.646583333333334,12,0.23658333333333334
KOR,2004,13.365083333333333,12,0.2265
KOR,2005,12.356666666666667,12,0.21066666666666667
KOR,2006,12.903333333333334,12,0.22441666666666668
KOR,2007,13.292916666666665,12,0.22491666666666665
KOR,2008,13.027916666666668,12,0.22033333333333335
KOR,2009,12.949333333333334,12,0.27308333333333334
KWT,1960,25.696749999999998,12,0.4690833333333333
KWT,1961,24.980499999999996,12,0.42083333333333334
KWT,1962,26.154083333333332,12,0.472
KWT,1963,25.459833333333336,12,0.43375
KWT,1964,24.548000000000002,12,0.476
KWT,1965,25.540916666666664,12,0.3978333333333333
KWT,1966,26.150583333333334,12,0.44375000000000003
KWT,1967,24.44633333333333,12,0.4078333333333333
KWT,1968,25.329833333333337,12,0.4805833333333333
KWT,1969,25.68241666666667,12,0.41700000000000004
KWT,1970,25.65725,12,0.34525
KWT,1971,25.0655,12,0.4444166666666667
KWT,1972,24.3685,12,0.39483333333333337
KWT,1973,25.40641666666667,12,0.4875833333333333
KWT,1974,24.997249999999998,12,0.4435
KWT,1975,25.008916666666668,12,0.4439166666666667
KWT,1976,24.96466666666667,12,0.442
KWT,1977,25.572000000000003,12,0.5740833333333334
KWT,1978,25.472916666666666,12,0.49300000000000005
KWT,1979,26.17125,12,0.57575
KWT,1980,25.670833333333334,12,0.85925
KWT,1981,25.69275,12,0.999
KWT,1982,24.723000000000003,12,1.3572499999999998
KWT,1983,24.795833333333334,12,0.41583333333333333
KWT,1984,25.123333333333335,12,0.4054166666666667
KWT,1985,25.358083333333337,12,0.3780833333333333
KWT,1986,25.4425,12,0.35641666666666666
KWT,1987,26.020083333333336,12,0.3086666666666667
KWT,1988,25.596333333333334,12,0.41675
KWT,1989,25.300166666666666,12,0.5391666666666667
KWT,1990,25.758583333333334,12,0.7120833333333333
KWT,1991,25.348583333333334,12,0.4698333333333333
KWT,1992,24.30033333333333,12,0.501
KWT,1993,25.361833333333333,12,0.59275
KWT,1994,25.842333333333332,12,0.5820833333333334
KWT,1995,25.49175,12,0.5759166666666666
KWT,1996,26.327916666666667,12,0.34166666666666673
KWT,1997,25.315833333333334,12,0.3855
KWT,1998,26.670749999999998,12,0.5530833333333334
KWT,1999,26.83683333333333,12,0.3868333333333333
KWT,2000,26.376083333333337,12,0.41033333333333327
KWT,2001,26.654750000000003,12,0.5303333333333333
KWT,2002,26.386750000000003,12,0.4404166666666667
KWT,2003,26.496583333333334,12,0.42791666666666667
KWT,2004,26.155416666666667,12,0.43016666666666664
KWT,2005,25.987916666666667,12,0.5629166666666666
KWT,2006,26.314666666666668,12,0.55525
KWT,2007,26.330916666666667,12,0.33949999999999997
KWT,2008,26.266583333333333,12,0.33958333333333335
KWT,2009,26.453166666666664,12,0.29616666666666663
LAO,1960,24.113416666666666,12,0.3356666666666666
LAO,1961,24.031333333333333,12,0.3440833333333333
LAO,1962,23.608500000000003,12,0.33525
LAO,1963,23.66325,12,0.3030833333333333
LAO,1964,23.822666666666667,12,0.24683333333333335
LAO,1965,24.02841666666667,12,0.2886666666666667
LAO,1966,24.535833333333333,12,0.2901666666666667
LAO,1967,23.532,12,0.27408333333333335
LAO,1968,23.847250000000003,12,0.28725
LAO,1969,24.125500000000002,12,0.3005833333333333
LAO,1970,23.988583333333334,12,0.23274999999999998
LAO,1971,23.200999999999997,12,0.24841666666666665
LAO,1972,23.910416666666666,12,0.27099999999999996
LAO,1973,24.074250000000003,12,0.29758333333333337
LAO,1974,23.564916666666665,12,0.28158333333333335
LAO,1975,23.8125,12,0.29775
LAO,1976,23.52325,12,0.267
LAO,1977,23.806416666666667,12,0.22875
LAO,1978,23.8565,12,0.23258333333333334
LAO,1979,24.257,12,0.22191666666666665
LAO,1980,24.282583333333335,12,0.23866666666666667
LAO,1981,24.02433333333333,12,0.27516666666666667
LAO,1982,23.86975,12,0.26958333333333334
LAO,1983,23.858416666666667,12,0.30175
LAO,1984,23.73575,12,0.2509166666666667
LAO,1985,23.8195,12,0.2638333333333333
LAO,1986,23.74466666666667,12,0.22408333333333333
LAO,1987,24.351250000000004,12,0.29241666666666666
LAO,1988,23.993,12,0.21058333333333332
LAO,1989,23.818749999999998,12,0.28241666666666665
LAO,1990,24.057333333333332,12,0.38066666666666665
LAO,1991,24.259583333333335,12,0.2394166666666667
LAO,1992,23.71183333333333,12,0.27516666666666667
LAO,1993,23.770333333333337,12,0.2714166666666667
LAO,1994,24.060916666666667,12,0.26216666666666666
LAO,1995,23.945833333333336,12,0.23883333333333334
LAO,1996,23.7015,12,0.21058333333333332
LAO,1997,24.11791666666667,12,0.26999999999999996
LAO,1998,24.86883333333333,12,0.22441666666666668
LAO,1999,23.937083333333334,12,0.2205
LAO,2000,23.835166666666666,12,0.2350833333333333
LAO,2001,24.155083333333334,12,0.22224999999999998
LAO,2002,24.22041666666667,12,0.24875
LAO,2003,24.331916666666668,12,0.30233333333333334
LAO,2004,23.86375,12,0.24083333333333332
LAO,2005,24.31775,12,0.248
LAO,2006,24.4055,12,0.24091666666666667
LAO,2007,24.21075,12,0.2688333333333333
LAO,2008,23.631583333333335,12,0.27266666666666667
LAO,2009,24.3655,12,0.30783333333333335
LBN,1960,18.837333333333333,12,0.29716666666666663
LBN,1961,17.763250000000003,12,0.37283333333333335
LBN,1962,18.862750000000002,12,0.3383333333333333
LBN,1963,18.511916666666668,12,0.3833333333333333
LBN,1964,17.334166666666665,12,0.3279166666666667
LBN,1965,17.90066666666667,12,0.3486666666666667
LBN,1966,18.645166666666665,12,0.3075
LBN,1967,17.020333333333333,12,0.35308333333333336
LBN,1968,18.078583333333334,12,0.34591666666666665
LBN,1969,18.273,12,0.33049999999999996
LBN,1970,18.262583333333335,12,0.2976666666666667
LBN,1971,17.71375,12,0.27316666666666667
LBN,1972,17.343833333333333,12,0.29716666666666663
LBN,1973,17.79525,12,0.3409166666666667
LBN,1974,17.779416666666666,12,0.27099999999999996
LBN,1975,17.690416666666668,12,0.3070833333333333
LBN,1976,17.479000000000003,12,0.28058333333333335
LBN,1977,17.937,12,0.27991666666666665
LBN,1978,18.253833333333336,12,0.28391666666666665
LBN,1979,18.60891666666667,12,0.246
LBN,1980,17.884583333333335,12,0.25958333333333333
LBN,1981,18.14775,12,0.2823333333333333
LBN,1982,17.324749999999998,12,0.2765
LBN,1983,17.316083333333335,12,0.24924999999999997
LBN,1984,17.773333333333333,12,0.2820833333333333
LBN,1985,18.255333333333333,12,0.30791666666666667
LBN,1986,18.111916666666666,12,0.2638333333333333
LBN,1987,17.912,12,0.2900833333333333
LBN,1988,17.97025,12,0.24116666666666667
LBN,1989,18.106583333333333,12,0.261
LBN,1990,18.184583333333332,12,0.2800833333333333
LBN,1991,18.114833333333333,12,0.2820833333333333
LBN,1992,16.92125,12,0.37916666666666665
LBN,1993,17.92625,12,0.26875
LBN,1994,18.66425,12,0.28275
LBN,1995,18.104833333333335,12,0.27266666666666667
LBN,1996,18.50016666666667,12,0.27541666666666664
LBN,1997,17.731583333333333,12,0.32358333333333333
LBN,1998,19.00166666666667,12,0.24575
LBN,1999,18.9815,12,0.3253333333333333
LBN,2000,18.377333333333336,12,0.2735
LBN,2001,19.06275,12,0.26575
LBN,2002,18.677083333333332,12,0.29091666666666666
LBN,2003,18.554,12,0.32958333333333334
LBN,2004,18.47425,12,0.23750000000000002
LBN,2005,18.39275,12,0.26408333333333334
LBN,2006,18.314333333333334,12,0.23908333333333331
LBN,2007,18.755166666666664,12,0.20041666666666666
LBN,2008,18.957166666666666,12,0.27299999999999996
LBN,2009,18.85225,12,0.26316666666666666
LBR,1960,25.616500000000002,12,0.34274999999999994
LBR,1961,25.52916666666667,12,0.2548333333333333
LBR,1962,25.439000000000004,12,0.30641666666666667
LBR,1963,25.729,12,0.26075
LBR,1964,25.413916666666665,12,0.30133333333333334
LBR,1965,25.2985,12,0.37825
LBR,1966,25.584166666666665,12,0.32125
LBR,1967,25.296499999999998,12,0.30775
LBR,1968,25.524916666666666,12,0.23508333333333334
LBR,1969,25.72583333333333,12,0.32508333333333334
LBR,1970,25.780833333333334,12,0.2866666666666667
LBR,1971,25.277333333333335,12,0.36125
LBR,1972,25.57558333333333,12,0.2775
LBR,1973,25.960333333333335,12,0.30141666666666667
LBR,1974,25.491666666666664,12,0.36833333333333335
LBR,1975,25.33241666666667,12,0.2528333333333333
LBR,1976,25.16091666666667,12,0.304
LBR,1977,25.72425,12,0.2579166666666667
LBR,1978,25.625249999999998,12,0.3155833333333333
LBR,1979,25.898083333333332,12,0.25708333333333333
LBR,1980,25.795,12,0.22741666666666668
LBR,1981,25.770083333333332,12,0.27475
LBR,1982,25.542333333333335,12,0.33558333333333334
LBR,1983,25.91116666666667,12,0.26266666666666666
LBR,1984,25.782583333333335,12,0.26925
LBR,1985,25.615333333333336,12,0.3690833333333334
LBR,1986,25.480333333333334,12,0.34425
LBR,1987,26.327833333333334,12,0.294
LBR,1988,25.954000000000004,12,0.31483333333333335
LBR,1989,25.839083333333335,12,0.333
LBR,1990,25.881583333333335,12,0.29291666666666666
LBR,1991,25.844916666666666,12,0.31825
LBR,1992,25.655916666666666,12,0.3388333333333333
LBR,1993,25.832583333333332,12,0.3740833333333333
LBR,1994,25.720916666666668,12,0.318
LBR,1995,25.94875,12,0.35633333333333334
LBR,1996,25.99625,12,0.41875
LBR,1997,25.99066666666667,12,0.3114166666666667
LBR,1998,26.459999999999997,12,0.30383333333333334
LBR,1999,25.889666666666667,12,0.35274999999999995
LBR,2000,25.859750000000002,12,0.3165
LBR,2001,26.153500000000005,12,0.5989166666666667
LBR,2002,26.236083333333337,12,0.5835
LBR,2003,26.386916666666664,12,0.6103333333333333
LBR,2004,26.2835,12,0.44125
LBR,2005,26.290916666666664,12,0.3369166666666667
LBR,2006,26.18316666666667,12,0.40099999999999997
LBR,2007,26.289833333333334,12,0.39725000000000005
LBR,2008,26.297416666666667,12,0.3821666666666667
LBR,2009,26.494,12,0.641
LBY,1960,23.134666666666664,12,0.50225
LBY,1961,21.817916666666665,12,0.5441666666666667
LBY,1962,22.628583333333335,12,0.6914166666666667
LBY,1963,23.027416666666667,12,0.65225
LBY,1964,22.251166666666666,12,0.47141666666666665
LBY,1965,22.115416666666665,12,0.46666666666666673
LBY,1966,22.51308333333333,12,0.4696666666666667
LBY,1967,22.051000000000002,12,0.37833333333333335
LBY,1968,22.465166666666665,12,0.35341666666666666
LBY,1969,23.13475,12,0.35083333333333333
LBY,1970,22.25391666666667,12,0.33874999999999994
LBY,1971,22.208416666666665,12,0.39725000000000005
LBY,1972,22.650916666666664,12,0.4394166666666666
LBY,1973,22.145583333333335,12,0.41758333333333336
LBY,1974,22.135416666666668,12,0.3895
LBY,1975,22.153499999999998,12,0.4054166666666667
LBY,1976,22.314999999999998,12,0.4098333333333333
LBY,1977,22.516916666666663,12,0.39799999999999996
LBY,1978,22.41133333333333,12,0.4130833333333333
LBY,1979,22.78475,12,0.4300833333333333
LBY,1980,22.36966666666667,12,0.4635833333333334
LBY,1981,22.609583333333333,12,0.40808333333333335
LBY,1982,22.409750000000003,12,0.47750000000000004
LBY,1983,22.202166666666667,12,0.42391666666666666
LBY,1984,22.50225,12,0.48266666666666663
LBY,1985,22.68416666666667,12,0.5341666666666667
LBY,1986,22.542333333333332,12,0.47441666666666665
LBY,1987,22.804916666666667,12,0.5081666666666667
LBY,1988,23.114583333333332,12,0.44025
LBY,1989,22.655583333333336,12,0.5134166666666666
LBY,1990,23.101,12,0.49383333333333335
LBY,1991,22.618166666666667,12,0.4683333333333333
LBY,1992,22.397833333333335,12,0.48324999999999996
LBY,1993,23.002750000000002,12,0.46525
LBY,1994,22.816083333333335,12,0.48383333333333334
LBY,1995,22.9495,12,0.49833333333333335
LBY,1996,23.12325,12,0.54375
LBY,1997,23.046499999999998,12,0.5715
LBY,1998,23.27633333333333,12,0.519
LBY,1999,23.693583333333333,12,0.5888333333333333
LBY,2000,22.835083333333333,12,0.6830833333333333
LBY,2001,23.41316666666667,12,0.6764166666666668
LBY,2002,23.40941666666667,12,0.5274166666666666
LBY,2003,23.369,12,0.4365833333333333
LBY,2004,23.27841666666667,12,0.42183333333333334
LBY,2005,23.256666666666664,12,0.4074166666666667
LBY,2006,23.315083333333334,12,0.5429166666666666
LBY,2007,23.325833333333335,12,0.31958333333333333
LBY,2008,23.474333333333334,12,0.35133333333333333
LBY,2009,23.379833333333334,12,0.3913333333333333
LCA,1960,27.153833333333335,12,0.28583333333333333
LCA,1961,26.9735,12,0.3460833333333333
LCA,1962,27.02733333333333,12,0.3555833333333333
LCA,1963,27.149583333333336,12,0.32983333333333337
LCA,1964,26.871083333333335,12,0.318
LCA,1965,26.81266666666667,12,0.35475000000000007
LCA,1966,26.92533333333333,12,0.29616666666666663
LCA,1967,26.66425,12,0.32949999999999996
LCA,1968,26.68675,12,0.3428333333333333
LCA,1969,27.28025,12,0.2764166666666667
LCA,1970,26.974333333333334,12,0.30275
LCA,1971,26.61066666666667,12,0.2245
LCA,1972,26.892750000000003,12,0.26991666666666664
LCA,1973,26.995583333333332,12,0.249
LCA,1974,26.634,12,0.29691666666666666
LCA,1975,26.5915,12,0.33808333333333335
LCA,1976,26.48766666666667,12,0.31875000000000003
LCA,1977,26.96741666666667,12,0.2520833333333333
LCA,1978,27.07816666666667,12,0.27116666666666667
LCA,1979,27.046166666666668,12,0.31183333333333335
LCA,1980,27.32133333333333,12,0.27133333333333337
LCA,1981,27.302583333333335,12,0.26608333333333334
LCA,1982,26.971500000000002,12,0.2335
LCA,1983,27.187166666666666,12,0.262
LCA,1984,26.832583333333332,12,0.24633333333333332
LCA,1985,26.724333333333334,12,0.24225
LCA,1986,26.841083333333334,12,0.23158333333333334
LCA,1987,27.546166666666668,12,0.26075
LCA,1988,27.183083333333332,12,0.2505833333333333
LCA,1989,26.916,12,0.2554166666666667
LCA,1990,27.142750000000003,12,0.25183333333333335
LCA,1991,27.087166666666665,12,0.23316666666666666
LCA,1992,27.102999999999998,12,0.26766666666666666
LCA,1993,27.24741666666667,12,0.20858333333333334
LCA,1994,27.140249999999998,12,0.2605
LCA,1995,27.49275,12,0.24016666666666667
LCA,1996,27.175083333333333,12,0.20666666666666667
LCA,1997,27.442083333333333,12,0.19966666666666666
LCA,1998,27.812,12,0.19983333333333334
LCA,1999,27.32858333333333,12,0.20099999999999998
LCA,2000,27.07841666666667,12,0.19025
LCA,2001,27.42125,12,0.20333333333333334
LCA,2002,27.462833333333336,12,0.20266666666666666
LCA,2003,27.60766666666667,12,0.2505
LCA,2004,27.377916666666668,12,0.26691666666666664
LCA,2005,27.858666666666668,12,0.21375
LCA,2006,27.692166666666665,12,0.24941666666666665
LCA,2007,27.583250000000003,12,0.21541666666666667
LCA,2008,27.20866666666667,12,0.21641666666666667
LCA,2009,27.495,12,0.2535
LIE,1960,4.9679166666666665,12,0.3793333333333333
LIE,1961,5.853583333333333,12,0.40291666666666665
LIE,1962,3.9412499999999997,12,0.4593333333333333
LIE,1963,3.994166666666667,12,0.5713333333333334
LIE,1964,4.921083333333334,12,0.3905
LIE,1965,4.0769166666666665,12,0.5005000000000001
LIE,1966,5.1009166666666665,12,0.36575
LIE,1967,5.177,12,0.45449999999999996
LIE,1968,4.679749999999999,12,0.4028333333333334
LIE,1969,4.421583333333333,12,0.5515
LIE,1970,4.409666666666667,12,0.4566666666666667
LIE,1971,4.857666666666667,12,0.4603333333333333
LIE,1972,4.6940833333333325,12,0.48633333333333334
LIE,1973,4.56675,12,0.39808333333333334
LIE,1974,5.2295,12,0.33675000000000005
LIE,1975,5.196666666666666,12,0.35158333333333336
LIE,1976,4.94675,12,0.39491666666666664
LIE,1977,5.3174166666666665,12,0.36966666666666664
LIE,1978,4.321083333333333,12,0.305
LIE,1979,4.866583333333334,12,0.38133333333333336
LIE,1980,4.189916666666666,12,0.23033333333333336
LIE,1981,4.8181666666666665,12,0.3586666666666667
LIE,1982,5.51175,12,0.32108333333333333
LIE,1983,5.604499999999999,12,0.32175
LIE,1984,4.433833333333333,12,0.3495
LIE,1985,4.516583333333333,12,0.33258333333333334
LIE,1986,4.854,12,0.42625
LIE,1987,4.692083333333334,12,0.28058333333333335
LIE,1988,5.642833333333333,12,0.33116666666666666
LIE,1989,5.882583333333334,12,0.4414166666666666
LIE,1990,5.91725,12,0.43133333333333335
LIE,1991,4.933,12,0.27699999999999997
LIE,1992,5.910666666666667,12,0.40158333333333335
LIE,1993,5.333833333333334,12,0.4841666666666667
LIE,1994,6.637583333333333,12,0.3495
LIE,1995,5.334583333333334,12,0.37316666666666665
LIE,1996,4.48675,12,0.3850833333333334
LIE,1997,5.7932500000000005,12,0.49291666666666667
LIE,1998,5.663833333333333,12,0.3735
LIE,1999,5.546083333333333,12,0.29516666666666663
LIE,2000,6.328749999999999,12,0.3850833333333334
LIE,2001,5.588416666666666,12,0.3779166666666667
LIE,2002,6.2636666666666665,12,0.3219166666666667
LIE,2003,6.124666666666666,12,0.32175000000000004
LIE,2004,5.430416666666666,12,0.30241666666666667
LIE,2005,5.013,12,0.2846666666666667
LIE,2006,5.941166666666667,12,0.31425
LIE,2007,6.27925,12,0.27166666666666667
LIE,2008,5.9422500000000005,12,0.32116666666666666
LIE,2009,5.8935,12,0.3480833333333333
LKA,1960,27.0385,12,0.2816666666666667
LKA,1961,27.014833333333332,12,0.2925
LKA,1962,27.088916666666666,12,0.26125
LKA,1963,27.107,12,0.26699999999999996
LKA,1964,27.24,12,0.27025000000000005
LKA,1965,27.088916666666666,12,0.2856666666666667
LKA,1966,27.420749999999998,12,0.23375
LKA,1967,27.06266666666667,12,0.20783333333333331
LKA,1968,27.135833333333334,12,0.24116666666666667
LKA,1969,27.414666666666665,12,0.23883333333333331
LKA,1970,27.21291666666667,12,0.237
LKA,1971,26.842583333333334,12,0.21924999999999997
LKA,1972,27.162583333333334,12,0.2866666666666667
LKA,1973,27.45575,12,0.25183333333333335
LKA,1974,26.894499999999997,12,0.2615
LKA,1975,26.97066666666667,12,0.26133333333333336
LKA,1976,27.151,12,0.2569166666666667
LKA,1977,27.23925,12,0.22474999999999998
LKA,1978,27.325,12,0.27758333333333335
LKA,1979,27.561333333333334,12,0.23466666666666666
LKA,1980,27.654833333333332,12,0.24233333333333332
LKA,1981,27.335083333333333,12,0.2905
LKA,1982,27.40675,12,0.35133333333333333
LKA,1983,27.826999999999998,12,0.30075
LKA,1984,27.082166666666666,12,0.3640833333333333
LKA,1985,27.350166666666667,12,0.32008333333333333
LKA,1986,27.415499999999998,12,0.3144166666666667
LKA,1987,27.83966666666667,12,0.3715
LKA,1988,27.613416666666666,12,0.42825
LKA,1989,27.29125,12,0.3213333333333333
LKA,1990,27.528750000000002,12,0.4121666666666666
LKA,1991,27.560000000000002,12,0.28575
LKA,1992,27.269833333333334,12,0.32383333333333336
LKA,1993,27.367416666666667,12,0.3205
LKA,1994,27.36525,12,0.2738333333333333
LKA,1995,27.587500000000002,12,0.24825
LKA,1996,27.399583333333336,12,0.28141666666666665
LKA,1997,27.657666666666668,12,0.333
LKA,1998,28.15325,12,0.33116666666666666
LKA,1999,27.36125,12,0.26816666666666666
LKA,2000,27.46975,12,0.28375
LKA,2001,27.663083333333333,12,0.30524999999999997
LKA,2002,27.795916666666667,12,0.3420833333333333
LKA,2003,27.797416666666667,12,0.35283333333333333
LKA,2004,27.606333333333335,12,0.30083333333333334
LKA,2005,27.723833333333335,12,0.294
LKA,2006,27.572,12,0.3690833333333334
LKA,2007,27.5565,12,0.30175
LKA,2008,27.441166666666664,12,0.33316666666666667
LKA,2009,27.745416666666667,12,0.32675000000000004
LSO,1960,13.899500000000002,12,0.3189166666666667
LSO,1961,14.09325,12,0.29483333333333334
LSO,1962,14.274416666666667,12,0.35775
LSO,1963,13.829916666666668,12,0.282
LSO,1964,13.765333333333333,12,0.29483333333333334
LSO,1965,13.951416666666667,12,0.30824999999999997
LSO,1966,14.283500000000002,12,0.2714166666666667
LSO,1967,13.755583333333334,12,0.27366666666666667
LSO,1968,13.540583333333332,12,0.2916666666666667
LSO,1969,14.3405,12,0.324
LSO,1970,14.286666666666667,12,0.33008333333333334
LSO,1971,13.799500000000002,12,0.2798333333333333
LSO,1972,13.912416666666667,12,0.39549999999999996
LSO,1973,13.848500000000001,12,0.33466666666666667
LSO,1974,13.662833333333333,12,0.29333333333333333
LSO,1975,13.560250000000002,12,0.26725
LSO,1976,13.427999999999999,12,0.29058333333333336
LSO,1977,14.278583333333332,12,0.29824999999999996
LSO,1978,13.877083333333333,12,0.40875
LSO,1979,14.246416666666667,12,0.23466666666666666
LSO,1980,14.109083333333333,12,0.33808333333333335
LSO,1981,13.501,12,0.2876666666666667
LSO,1982,14.327,12,0.29624999999999996
LSO,1983,14.842166666666666,12,0.29433333333333334
LSO,1984,14.320833333333333,12,0.2790833333333333
LSO,1985,14.63675,12,0.30133333333333334
LSO,1986,14.449083333333334,12,0.2783333333333333
LSO,1987,14.527333333333333,12,0.31883333333333336
LSO,1988,13.981916666666665,12,0.3396666666666666
LSO,1989,13.832833333333333,12,0.31866666666666665
LSO,1990,14.14725,12,0.29833333333333334
LSO,1991,14.353,12,0.32925
LSO,1992,14.890083333333335,12,0.3030833333333333
LSO,1993,14.63275,12,0.27325
LSO,1994,13.90275,12,0.29591666666666666
LSO,1995,14.246,12,0.29983333333333334
LSO,1996,13.655666666666667,12,0.2559166666666666
LSO,1997,13.953250000000002,12,0.2916666666666667
LSO,1998,14.542333333333334,12,0.3235
LSO,1999,14.982166666666666,12,0.32866666666666666
LSO,2000,14.053916666666666,12,0.32941666666666664
LSO,2001,14.333416666666666,12,0.3541666666666667
LSO,2002,14.387333333333332,12,0.37483333333333335
LSO,2003,14.684833333333335,12,0.32416666666666666
LSO,2004,14.562916666666666,12,0.39858333333333335
LSO,2005,14.576500000000001,12,0.26566666666666666
LSO,2006,13.903500000000001,12,0.37474999999999997
LSO,2007,14.525333333333334,12,0.3670833333333334
LSO,2008,14.427750000000001,12,0.41700000000000004
LSO,2009,14.257166666666668,12,0.37283333333333335
LTU,1960,6.191416666666666,12,0.32825
LTU,1961,7.261666666666667,12,0.29783333333333334
LTU,1962,5.526166666666666,12,0.35966666666666663
LTU,1963,5.2861666666666665,12,0.36941666666666667
LTU,1964,5.898916666666666,12,0.31016666666666665
LTU,1965,5.191166666666667,12,0.36841666666666667
LTU,1966,6.046083333333333,12,0.28441666666666665
LTU,1967,6.894833333333334,12,0.2786666666666667
LTU,1968,5.9075,12,0.3015
LTU,1969,4.704583333333333,12,0.2803333333333333
LTU,1970,5.39975,12,0.29033333333333333
LTU,1971,6.702916666666666,12,0.22466666666666668
LTU,1972,6.767916666666667,12,0.24383333333333332
LTU,1973,6.573083333333333,12,0.2804166666666667
LTU,1974,6.995333333333334,12,0.25983333333333336
LTU,1975,8.012333333333332,12,0.29083333333333333
LTU,1976,5.005583333333333,12,0.28883333333333333
LTU,1977,6.147916666666667,12,0.22366666666666668
LTU,1978,5.36325,12,0.233
LTU,1979,5.63075,12,0.25666666666666665
LTU,1980,5.128333333333332,12,0.21525000000000002
LTU,1981,6.396916666666666,12,0.23008333333333333
LTU,1982,6.700666666666666,12,0.24641666666666664
LTU,1983,7.490416666666667,12,0.248
LTU,1984,6.619833333333333,12,0.24608333333333332
LTU,1985,4.854333333333333,12,0.26491666666666663
LTU,1986,5.951833333333333,12,0.2515
LTU,1987,4.52075,12,0.2373333333333333
LTU,1988,6.640916666666667,12,0.21933333333333335
LTU,1989,8.1175,12,0.2504166666666667
LTU,1990,7.978416666666665,12,0.22216666666666665
LTU,1991,7.091583333333333,12,0.18774999999999997
LTU,1992,7.46825,12,0.24325
LTU,1993,6.24175,12,0.22475
LTU,1994,6.8094166666666665,12,0.19791666666666666
LTU,1995,7.0073333333333325,12,0.18591666666666665
LTU,1996,5.405583333333333,12,0.19908333333333336
LTU,1997,6.726749999999999,12,0.20891666666666667
LTU,1998,6.6531666666666665,12,0.17708333333333334
LTU,1999,7.678249999999999,12,0.1955
LTU,2000,8.107666666666665,12,0.21108333333333332
LTU,2001,7.120416666666666,12,0.19933333333333333
LTU,2002,7.706083333333333,12,0.20841666666666667
LTU,2003,6.830333333333333,12,0.25133333333333335
LTU,2004,6.835333333333332,12,0.22783333333333333
LTU,2005,6.920999999999999,12,0.20916666666666664
LTU,2006,7.422000000000001,12,0.24808333333333332
LTU,2007,7.853999999999999,12,0.21616666666666665
LTU,2008,8.175333333333333,12,0.204
LTU,2009,7.096083333333333,12,0.22975
LUX,1960,9.632583333333333,12,0.27133333333333337
LUX,1961,10.177083333333334,12,0.2510833333333333
LUX,1962,8.233166666666667,12,0.274
LUX,1963,8.022,12,0.28091666666666665
LUX,1964,9.362583333333333,12,0.26708333333333334
LUX,1965,8.700999999999999,12,0.2833333333333333
LUX,1966,9.670833333333333,12,0.2664166666666667
LUX,1967,9.735333333333333,12,0.25075
LUX,1968,9.081916666666666,12,0.2675
LUX,1969,9.161833333333334,12,0.23641666666666664
LUX,1970,9.108416666666667,12,0.24466666666666667
LUX,1971,9.48875,12,0.2798333333333333
LUX,1972,8.969666666666667,12,0.257
LUX,1973,9.371416666666667,12,0.24116666666666667
LUX,1974,9.789083333333334,12,0.22816666666666666
LUX,1975,9.777166666666666,12,0.24216666666666667
LUX,1976,10.090333333333335,12,0.2689166666666667
LUX,1977,9.700583333333332,12,0.22716666666666666
LUX,1978,8.816,12,0.2568333333333333
LUX,1979,8.852666666666666,12,0.22375
LUX,1980,8.8775,12,0.19658333333333333
LUX,1981,9.309166666666666,12,0.22675
LUX,1982,10.099583333333333,12,0.20658333333333334
LUX,1983,9.990166666666667,12,0.22233333333333336
LUX,1984,9.236916666666668,12,0.21925000000000003
LUX,1985,8.532,12,0.24
LUX,1986,9.026000000000002,12,0.24333333333333332
LUX,1987,8.761916666666666,12,0.22033333333333335
LUX,1988,10.1865,12,0.19466666666666665
LUX,1989,10.594333333333333,12,0.23458333333333334
LUX,1990,10.590916666666667,12,0.24883333333333335
LUX,1991,9.453083333333334,12,0.18383333333333332
LUX,1992,10.223833333333333,12,0.26358333333333334
LUX,1993,9.65275,12,0.18075
LUX,1994,10.822166666666666,12,0.20033333333333334
LUX,1995,10.342666666666666,12,0.19583333333333333
LUX,1996,8.652583333333334,12,0.18299999999999997
LUX,1997,10.167,12,0.21566666666666667
LUX,1998,9.995416666666666,12,0.1785
LUX,1999,10.542333333333334,12,0.2055
LUX,2000,10.79275,12,0.2315
LUX,2001,10.206583333333333,12,0.23308333333333334
LUX,2002,10.714,12,0.17316666666666666
LUX,2003,10.700583333333334,12,0.23424999999999999
LUX,2004,9.983083333333333,12,0.19575
LUX,2005,10.308083333333332,12,0.16958333333333334
LUX,2006,10.730333333333334,12,0.2303333333333333
LUX,2007,10.761666666666665,12,0.18741666666666668
LUX,2008,10.128666666666666,12,0.217
LUX,2009,10.328083333333334,12,0.21683333333333332
LVA,1960,5.492583333333333,12,0.29558333333333336
LVA,1961,6.901833333333333,12,0.29758333333333337
LVA,1962,5.109750000000001,12,0.33383333333333337
LVA,1963,4.615583333333333,12,0.3345
LVA,1964,5.51325,12,0.2768333333333333
LVA,1965,4.728916666666667,12,0.3185
LVA,1966,5.01775,12,0.2781666666666667
LVA,1967,6.067583333333334,12,0.2579166666666666
LVA,1968,5.180833333333333,12,0.288
LVA,1969,4.181916666666667,12,0.29125
LVA,1970,4.837416666666667,12,0.28841666666666665
LVA,1971,6.0633333333333335,12,0.2664166666666667
LVA,1972,6.335250000000001,12,0.28099999999999997
LVA,1973,6.01775,12,0.266
LVA,1974,6.565,12,0.26033333333333336
LVA,1975,7.456666666666667,12,0.2821666666666667
LVA,1976,4.35025,12,0.27491666666666664
LVA,1977,5.423666666666667,12,0.23158333333333334
LVA,1978,4.638416666666667,12,0.24425
LVA,1979,5.19,12,0.27366666666666667
LVA,1980,4.7629166666666665,12,0.22158333333333333
LVA,1981,5.800583333333333,12,0.24691666666666667
LVA,1982,6.01125,12,0.27291666666666664
LVA,1983,6.788833333333334,12,0.26791666666666664
LVA,1984,6.0951666666666675,12,0.26466666666666666
LVA,1985,4.168500000000001,12,0.28358333333333335
LVA,1986,5.403666666666666,12,0.272
LVA,1987,3.874,12,0.24916666666666668
LVA,1988,6.149916666666666,12,0.22691666666666666
LVA,1989,7.5995833333333325,12,0.25966666666666666
LVA,1990,7.325666666666668,12,0.2753333333333334
LVA,1991,6.689916666666668,12,0.21550000000000002
LVA,1992,6.920083333333333,12,0.25666666666666665
LVA,1993,5.639916666666668,12,0.22433333333333336
LVA,1994,5.9385,12,0.23491666666666666
LVA,1995,6.566333333333334,12,0.18725
LVA,1996,4.9670000000000005,12,0.23091666666666666
LVA,1997,6.232083333333333,12,0.23975
LVA,1998,5.997750000000001,12,0.21191666666666667
LVA,1999,7.1089166666666666,12,0.21175
LVA,2000,7.497083333333333,12,0.23324999999999999
LVA,2001,6.53925,12,0.22666666666666666
LVA,2002,6.917583333333333,12,0.23399999999999999
LVA,2003,6.2772499999999996,12,0.2776666666666667
LVA,2004,6.334083333333333,12,0.23108333333333334
LVA,2005,6.3745,12,0.24841666666666665
LVA,2006,6.970583333333334,12,0.26008333333333333
LVA,2007,7.278916666666667,12,0.23925
LVA,2008,7.6810833333333335,12,0.21183333333333332
LVA,2009,6.559333333333334,12,0.2645
MAC,1960,22.9585,12,0.31683333333333336
MAC,1961,22.8055,12,0.2698333333333333
MAC,1962,22.549750000000003,12,0.46308333333333335
MAC,1963,22.899833333333333,12,0.39375
MAC,1964,22.598166666666668,12,0.36575
MAC,1965,22.781000000000002,12,0.3626666666666667
MAC,1966,23.32166666666667,12,0.3165833333333333
MAC,1967,22.344250000000002,12,0.36125
MAC,1968,22.605666666666668,12,0.3174166666666667
MAC,1969,22.34958333333333,12,0.3013333333333333
MAC,1970,22.46141666666667,12,0.24358333333333335
MAC,1971,22.421333333333333,12,0.247
MAC,1972,22.610416666666666,12,0.2614166666666667
MAC,1973,23.152666666666665,12,0.26608333333333334
MAC,1974,22.50616666666667,12,0.269
MAC,1975,22.677333333333333,12,0.2569166666666666
MAC,1976,22.25225,12,0.2990833333333333
MAC,1977,23.09566666666667,12,0.27875
MAC,1978,22.699250000000003,12,0.299
MAC,1979,22.84691666666667,12,0.26891666666666664
MAC,1980,22.939083333333333,12,0.2846666666666667
MAC,1981,22.976916666666668,12,0.28941666666666666
MAC,1982,22.729416666666665,12,0.21075
MAC,1983,22.55858333333333,12,0.24233333333333332
MAC,1984,22.14991666666667,12,0.22325000000000003
MAC,1985,22.425083333333333,12,0.2714166666666667
MAC,1986,22.708083333333335,12,0.24875
MAC,1987,23.388,12,0.3309166666666667
MAC,1988,22.604,12,0.237
MAC,1989,22.82875,12,0.25183333333333335
MAC,1990,23.046666666666667,12,0.31775000000000003
MAC,1991,23.14033333333333,12,0.2634166666666667
MAC,1992,22.366333333333333,12,0.33966666666666673
MAC,1993,22.574583333333333,12,0.3010833333333333
MAC,1994,22.970083333333335,12,0.328
MAC,1995,22.269416666666668,12,0.309
MAC,1996,22.576416666666663,12,0.31366666666666665
MAC,1997,22.767666666666667,12,0.22341666666666668
MAC,1998,23.458333333333332,12,0.24333333333333332
MAC,1999,23.137833333333333,12,0.241
MAC,2000,22.937166666666666,12,0.24041666666666664
MAC,2001,23.09875,12,0.2275
MAC,2002,23.299750000000003,12,0.27375
MAC,2003,23.173750000000002,12,0.3476666666666666
MAC,2004,22.9935,12,0.28541666666666665
MAC,2005,22.805666666666667,12,0.216
MAC,2006,23.302083333333332,12,0.27325
MAC,2007,23.336333333333332,12,0.22741666666666668
MAC,2008,22.589166666666667,12,0.20299999999999999
MAC,2009,23.073083333333333,12,0.28491666666666665
MAF,1960,27.14016666666667,12,0.37074999999999997
MAF,1961,26.935833333333335,12,0.36083333333333334
MAF,1962,26.84691666666667,12,0.34883333333333333
MAF,1963,27.049333333333333,12,0.3175
MAF,1964,26.882416666666668,12,0.3273333333333333
MAF,1965,26.557000000000002,12,0.44083333333333335
MAF,1966,26.691666666666666,12,0.42483333333333334
MAF,1967,26.483999999999998,12,0.37274999999999997
MAF,1968,26.608583333333332,12,0.30491666666666667
MAF,1969,27.04925,12,0.3145
MAF,1970,26.91616666666667,12,0.3665833333333333
MAF,1971,26.553416666666667,12,0.35800000000000004
MAF,1972,26.670749999999998,12,0.3998333333333333
MAF,1973,27.012333333333334,12,0.4134166666666667
MAF,1974,26.491833333333332,12,0.31425
MAF,1975,26.48975,12,0.33116666666666666
MAF,1976,26.4545,12,0.35050000000000003
MAF,1977,27.048333333333332,12,0.3070833333333333
MAF,1978,27.040583333333334,12,0.31958333333333333
MAF,1979,26.80633333333334,12,0.32466666666666666
MAF,1980,27.252083333333335,12,0.27466666666666667
MAF,1981,27.18325,12,0.29325
MAF,1982,26.831166666666665,12,0.32175
MAF,1983,27.263666666666666,12,0.3760833333333333
MAF,1984,26.859333333333336,12,0.3426666666666667
MAF,1985,26.842,12,0.33725
MAF,1986,26.884416666666667,12,0.26533333333333337
MAF,1987,27.379583333333333,12,0.36074999999999996
MAF,1988,27.13791666666667,12,0.264
MAF,1989,26.84658333333333,12,0.28941666666666666
MAF,1990,27.09875,12,0.25725000000000003
MAF,1991,27.097333333333335,12,0.28875
MAF,1992,27.05033333333333,12,0.3115833333333333
MAF,1993,27.163416666666667,12,0.3013333333333333
MAF,1994,27.16925,12,0.287
MAF,1995,27.55033333333333,12,0.2881666666666667
MAF,1996,27.056833333333334,12,0.26391666666666663
MAF,1997,27.393583333333336,12,0.24358333333333335
MAF,1998,27.74083333333333,12,0.26425
MAF,1999,27.344583333333333,12,0.31975000000000003
MAF,2000,27.05275,12,0.25908333333333333
MAF,2001,27.4085,12,0.2723333333333333
MAF,2002,27.53825,12,0.25783333333333336
MAF,2003,27.67741666666667,12,0.2851666666666666
MAF,2004,27.334000000000003,12,0.2668333333333333
MAF,2005,27.732333333333333,12,0.24791666666666665
MAF,2006,27.63625,12,0.30275
MAF,2007,27.685083333333335,12,0.2838333333333333
MAF,2008,27.140416666666667,12,0.2578333333333333
MAF,2009,27.46858333333333,12,0.24625
MAR,1960,17.85625,12,0.39658333333333334
MAR,1961,18.608666666666668,12,0.3706666666666667
MAR,1962,18.0075,12,0.4595
MAR,1963,17.779,12,0.51675
MAR,1964,17.9755,12,0.49091666666666667
MAR,1965,17.626833333333334,12,0.6044999999999999
MAR,1966,17.951083333333333,12,0.4295
MAR,1967,17.543583333333334,12,0.4558333333333333
MAR,1968,17.71825,12,0.39725000000000005
MAR,1969,17.62183333333333,12,0.4331666666666667
MAR,1970,17.9635,12,0.48741666666666666
MAR,1971,16.9075,12,0.3753333333333333
MAR,1972,16.594916666666666,12,0.5170833333333333
MAR,1973,17.5375,12,0.41766666666666663
MAR,1974,17.249583333333334,12,0.48533333333333334
MAR,1975,17.41241666666667,12,0.4056666666666667
MAR,1976,17.034833333333335,12,0.5195833333333333
MAR,1977,17.73275,12,0.47100000000000003
MAR,1978,17.952749999999998,12,0.40549999999999997
MAR,1979,17.860333333333333,12,0.389
MAR,1980,18.05675,12,0.338
MAR,1981,18.312166666666666,12,0.39691666666666664
MAR,1982,17.701916666666666,12,0.3313333333333333
MAR,1983,18.555083333333332,12,0.3598333333333333
MAR,1984,17.714000000000002,12,0.39825
MAR,1985,18.30933333333333,12,0.318
MAR,1986,17.792666666666666,12,0.35966666666666663
MAR,1987,18.814666666666668,12,0.3443333333333333
MAR,1988,18.212,12,0.3373333333333333
MAR,1989,18.530333333333335,12,0.3799166666666667
MAR,1990,18.697666666666667,12,0.32525
MAR,1991,17.617250000000002,12,0.30083333333333334
MAR,1992,17.68575,12,0.41558333333333336
MAR,1993,17.502666666666666,12,0.3434166666666667
MAR,1994,18.460416666666667,12,0.32075000000000004
MAR,1995,18.788833333333333,12,0.3476666666666666
MAR,1996,18.248333333333335,12,0.285
MAR,1997,18.79925,12,0.31525
MAR,1998,18.712666666666667,12,0.3154166666666667
MAR,1999,18.368333333333336,12,0.30041666666666667
MAR,2000,18.565083333333334,12,0.27458333333333335
MAR,2001,19.23391666666667,12,0.32641666666666663
MAR,2002,18.71258333333333,12,0.3406666666666667
MAR,2003,18.856,12,0.3745833333333333
MAR,2004,18.486,12,0.37200000000000005
MAR,2005,18.580750000000002,12,0.3036666666666667
MAR,2006,18.793166666666668,12,0.3715
MAR,2007,18.419666666666668,12,0.329
MAR,2008,18.382166666666667,12,0.37916666666666665
MAR,2009,19.01075,12,0.418
MCO,1960,9.05675,12,0.3629166666666667
MCO,1961,10.008583333333334,12,0.363
MCO,1962,8.852083333333333,12,0.36741666666666667
MCO,1963,8.476416666666667,12,0.3501666666666667
MCO,1964,9.456166666666666,12,0.3219166666666667
MCO,1965,8.7225,12,0.35533333333333333
MCO,1966,9.368666666666666,12,0.33875000000000005
MCO,1967,9.525166666666667,12,0.30875
MCO,1968,9.046249999999999,12,0.31625
MCO,1969,8.678916666666666,12,0.32
MCO,1970,9.033333333333333,12,0.3275
MCO,1971,9.208916666666667,12,0.3445833333333333
MCO,1972,8.889750000000001,12,0.3451666666666667
MCO,1973,9.23575,12,0.35733333333333334
MCO,1974,9.212916666666667,12,0.3085
MCO,1975,9.182833333333333,12,0.36233333333333334
MCO,1976,9.130166666666666,12,0.39458333333333334
MCO,1977,9.066333333333334,12,0.30575
MCO,1978,8.708416666666666,12,0.314
MCO,1979,9.289250000000001,12,0.28191666666666665
MCO,1980,8.690083333333334,12,0.29983333333333334
MCO,1981,9.2305,12,0.2808333333333333
MCO,1982,9.894833333333333,12,0.27233333333333337
MCO,1983,9.60375,12,0.32925
MCO,1984,8.689083333333333,12,0.30741666666666667
MCO,1985,9.15525,12,0.3593333333333333
MCO,1986,9.515333333333333,12,0.2735
MCO,1987,9.504916666666666,12,0.3160833333333333
MCO,1988,9.7545,12,0.25066666666666665
MCO,1989,10.0955,12,0.35925
MCO,1990,10.135333333333334,12,0.31825
MCO,1991,9.468333333333334,12,0.22325000000000003
MCO,1992,9.897916666666667,12,0.40975
MCO,1993,9.551666666666668,12,0.35425
MCO,1994,10.569583333333334,12,0.31666666666666665
MCO,1995,9.756583333333333,12,0.327
MCO,1996,9.278583333333334,12,0.30083333333333334
MCO,1997,10.368083333333333,12,0.3275
MCO,1998,9.88925,12,0.347
MCO,1999,9.993333333333334,12,0.2866666666666667
MCO,2000,10.2295,12,0.2866666666666667
MCO,2001,10.211833333333333,12,0.2665
MCO,2002,10.260166666666667,12,0.27075
MCO,2003,10.726083333333333,12,0.3293333333333333
MCO,2004,9.93825,12,0.286
MCO,2005,9.518416666666667,12,0.22991666666666666
MCO,2006,10.454916666666668,12,0.33549999999999996
MCO,2007,10.411,12,0.3455
MCO,2008,9.97425,12,0.24733333333333332
MCO,2009,10.429416666666667,12,0.3269166666666667
MDA,1960,9.941083333333333,12,0.3084166666666667
MDA,1961,9.804499999999999,12,0.31166666666666665
MDA,1962,9.465916666666667,12,0.34175
MDA,1963,8.74475,12,0.3749166666666666
MDA,1964,8.841666666666667,12,0.31075
MDA,1965,8.429,12,0.363
MDA,1966,10.387333333333332,12,0.317
MDA,1967,9.585666666666667,12,0.32358333333333333
MDA,1968,9.478166666666667,12,0.27066666666666667
MDA,1969,8.200083333333334,12,0.32608333333333334
MDA,1970,9.540750000000001,12,0.26666666666666666
MDA,1971,9.333166666666667,12,0.33916666666666667
MDA,1972,9.384666666666668,12,0.36541666666666667
MDA,1973,8.858333333333333,12,0.3055833333333333
MDA,1974,9.362166666666669,12,0.26808333333333334
MDA,1975,10.359583333333335,12,0.28583333333333333
MDA,1976,8.193916666666667,12,0.2990833333333333
MDA,1977,9.403416666666667,12,0.22424999999999998
MDA,1978,8.578666666666665,12,0.26066666666666666
MDA,1979,9.605916666666666,12,0.24883333333333332
MDA,1980,8.12975,12,0.22983333333333333
MDA,1981,9.531666666666668,12,0.23808333333333334
MDA,1982,9.437666666666667,12,0.28641666666666665
MDA,1983,10.054833333333333,12,0.30816666666666664
MDA,1984,9.159583333333332,12,0.28991666666666666
MDA,1985,7.724166666666668,12,0.30716666666666664
MDA,1986,9.17075,12,0.24949999999999997
MDA,1987,8.015666666666666,12,0.3160833333333333
MDA,1988,8.950666666666667,12,0.22566666666666665
MDA,1989,10.511166666666666,12,0.21358333333333335
MDA,1990,10.875583333333333,12,0.2813333333333333
MDA,1991,9.18325,12,0.21
MDA,1992,9.753333333333334,12,0.298
MDA,1993,8.870166666666666,12,0.28091666666666665
MDA,1994,10.664166666666667,12,0.25608333333333333
MDA,1995,9.477916666666667,12,0.21033333333333334
MDA,1996,8.573333333333332,12,0.2844166666666667
MDA,1997,8.690666666666667,12,0.259
MDA,1998,9.532,12,0.2525833333333333
MDA,1999,10.629166666666668,12,0.29283333333333333
MDA,2000,10.69,12,0.2624166666666667
MDA,2001,10.000833333333333,12,0.24525
MDA,2002,10.541083333333335,12,0.27166666666666667
MDA,2003,9.428416666666667,12,0.2916666666666667
MDA,2004,9.901833333333334,12,0.27991666666666665
MDA,2005,9.842666666666668,12,0.29333333333333333
MDA,2006,9.591833333333334,12,0.314
MDA,2007,11.358916666666666,12,0.3496666666666666
MDA,2008,10.744416666666666,12,0.26508333333333334
MDA,2009,10.731916666666665,12,0.29483333333333334
MDG,1960,22.689333333333334,12,0.3255833333333333
MDG,1961,23.433666666666667,12,0.28058333333333335
MDG,1962,22.82525,12,0.29541666666666666
MDG,1963,22.545333333333332,12,0.3546666666666667
MDG,1964,22.488333333333333,12,0.36033333333333334
MDG,1965,22.343416666666666,12,0.29675
MDG,1966,22.918916666666664,12,0.363
MDG,1967,23.15291666666667,12,0.2805
MDG,1968,22.485500000000002,12,0.29641666666666666
MDG,1969,23.40041666666667,12,0.4300833333333333
MDG,1970,23.126,12,0.4343333333333333
MDG,1971,22.583250000000003,12,0.3119166666666667
MDG,1972,22.834750000000003,12,0.33041666666666664
MDG,1973,22.919916666666666,12,0.3140833333333333
MDG,1974,22.56866666666667,12,0.273
MDG,1975,22.577749999999998,12,0.32275000000000004
MDG,1976,22.862416666666665,12,0.29991666666666666
MDG,1977,23.185666666666666,12,0.2549166666666667
MDG,1978,23.171499999999998,12,0.27825
MDG,1979,22.990083333333335,12,0.26633333333333337
MDG,1980,23.018666666666665,12,0.25508333333333333
MDG,1981,22.933916666666665,12,0.287
MDG,1982,23.001083333333337,12,0.25866666666666666
MDG,1983,23.262333333333334,12,0.27358333333333335
MDG,1984,22.674583333333334,12,0.3129166666666667
MDG,1985,22.879833333333334,12,0.32008333333333333
MDG,1986,22.786083333333334,12,0.23016666666666666
MDG,1987,23.367083333333337,12,0.2614166666666667
MDG,1988,23.254916666666663,12,0.2540833333333333
MDG,1989,22.933083333333332,12,0.28400000000000003
MDG,1990,23.124166666666667,12,0.32183333333333336
MDG,1991,23.327,12,0.3516666666666666
MDG,1992,23.341333333333335,12,0.35283333333333333
MDG,1993,23.455833333333334,12,0.4131666666666667
MDG,1994,23.444583333333338,12,0.42566666666666664
MDG,1995,23.47975,12,0.3040833333333333
MDG,1996,23.26291666666667,12,0.30566666666666664
MDG,1997,23.452916666666667,12,0.33425
MDG,1998,23.753416666666666,12,0.35441666666666666
MDG,1999,23.41925,12,0.36125
MDG,2000,23.320333333333334,12,0.34591666666666665
MDG,2001,23.586916666666667,12,0.3185
MDG,2002,23.617500000000003,12,0.36041666666666666
MDG,2003,23.49525,12,0.33016666666666666
MDG,2004,23.453000000000003,12,0.3129166666666667
MDG,2005,23.62183333333333,12,0.34941666666666665
MDG,2006,23.66116666666667,12,0.39083333333333337
MDG,2007,23.64975,12,0.361
MDG,2008,23.332250000000002,12,0.45333333333333337
MDG,2009,23.618666666666666,12,0.49983333333333335
MEX,1960,20.746583333333334,12,0.22991666666666666
MEX,1961,20.723916666666664,12,0.1945
MEX,1962,20.993333333333336,12,0.2568333333333333
MEX,1963,20.879416666666668,12,0.23683333333333334
MEX,1964,20.586333333333332,12,0.22041666666666668
MEX,1965,20.7345,12,0.26175
MEX,1966,20.389666666666667,12,0.21775
MEX,1967,20.683333333333334,12,0.21733333333333335
MEX,1968,20.316083333333335,12,0.22491666666666665
MEX,1969,20.958833333333335,12,0.2038333333333333
MEX,1970,20.490083333333335,12,0.22324999999999998
MEX,1971,20.640333333333334,12,0.22108333333333333
MEX,1972,20.975,12,0.22375
MEX,1973,20.496166666666667,12,0.23933333333333331
MEX,1974,20.6315,12,0.2295
MEX,1975,20.449333333333332,12,0.23650000000000002
MEX,1976,20.145666666666667,12,0.24183333333333334
MEX,1977,20.84125,12,0.20775
MEX,1978,20.7555,12,0.22558333333333333
MEX,1979,20.569,12,0.18825
MEX,1980,21.035666666666668,12,0.18116666666666667
MEX,1981,20.75375,12,0.22716666666666666
MEX,1982,21.051083333333334,12,0.21308333333333332
MEX,1983,20.675416666666667,12,0.21458333333333335
MEX,1984,20.5115,12,0.20466666666666666
MEX,1985,20.603916666666667,12,0.22241666666666668
MEX,1986,20.850666666666665,12,0.19391666666666665
MEX,1987,20.455166666666667,12,0.2048333333333333
MEX,1988,20.736083333333333,12,0.18958333333333333
MEX,1989,20.96516666666667,12,0.24758333333333335
MEX,1990,20.960833333333333,12,0.21025000000000002
MEX,1991,20.83966666666667,12,0.18391666666666664
MEX,1992,20.650333333333332,12,0.23491666666666666
MEX,1993,20.938833333333335,12,0.19258333333333333
MEX,1994,21.325750000000003,12,0.2145
MEX,1995,21.370666666666665,12,0.19225
MEX,1996,21.132166666666667,12,0.21275
MEX,1997,20.898583333333335,12,0.1970833333333333
MEX,1998,21.531750000000002,12,0.17825
MEX,1999,21.1285,12,0.22875
MEX,2000,21.232083333333332,12,0.23083333333333333
MEX,2001,21.133,12,0.24749999999999997
MEX,2002,21.224999999999998,12,0.2376666666666667
MEX,2003,21.329416666666667,12,0.2685
MEX,2004,20.924833333333336,12,0.2085
MEX,2005,21.4135,12,0.19425
MEX,2006,21.418083333333332,12,0.23666666666666666
MEX,2007,21.079333333333334,12,0.206
MEX,2008,21.08525,12,0.19949999999999998
MEX,2009,21.546083333333332,12,0.20591666666666666
MKD,1960,11.075249999999999,12,0.33958333333333335
MKD,1961,11.043083333333334,12,0.3449166666666667
MKD,1962,10.816666666666665,12,0.4036666666666667
MKD,1963,10.73375,12,0.3745833333333333
MKD,1964,10.229833333333334,12,0.38425
MKD,1965,10.136166666666666,12,0.41783333333333333
MKD,1966,11.183833333333332,12,0.371
MKD,1967,10.368666666666668,12,0.4225833333333333
MKD,1968,10.766416666666666,12,0.36141666666666666
MKD,1969,10.532,12,0.40625
MKD,1970,10.687166666666668,12,0.45175000000000004
MKD,1971,10.283500000000002,12,0.33433333333333337
MKD,1972,10.45025,12,0.4093333333333333
MKD,1973,10.057333333333334,12,0.3495
MKD,1974,10.367416666666667,12,0.38258333333333333
MKD,1975,10.379166666666666,12,0.3443333333333333
MKD,1976,9.745916666666666,12,0.3625
MKD,1977,11.130333333333333,12,0.32158333333333333
MKD,1978,10.092833333333333,12,0.31083333333333335
MKD,1979,10.810333333333332,12,0.32841666666666663
MKD,1980,9.991583333333333,12,0.28783333333333333
MKD,1981,10.33475,12,0.30083333333333334
MKD,1982,10.560250000000002,12,0.298
MKD,1983,10.266250000000001,12,0.34791666666666665
MKD,1984,10.444083333333333,12,0.29308333333333336
MKD,1985,10.580666666666668,12,0.32558333333333334
MKD,1986,10.667583333333333,12,0.3189166666666667
MKD,1987,10.754083333333334,12,0.3189166666666667
MKD,1988,10.741583333333333,12,0.31583333333333335
MKD,1989,10.59025,12,0.38200000000000006
MKD,1990,11.29775,12,0.35125
MKD,1991,9.984416666666668,12,0.3455
MKD,1992,10.843333333333334,12,0.32475
MKD,1993,10.915166666666666,12,0.3416666666666666
MKD,1994,12.036583333333333,12,0.34541666666666665
MKD,1995,10.571250000000001,12,0.33433333333333337
MKD,1996,10.506916666666667,12,0.28741666666666665
MKD,1997,10.460166666666666,12,0.3216666666666667
MKD,1998,10.997583333333333,12,0.32591666666666663
MKD,1999,11.406833333333333,12,0.326
MKD,2000,11.582,12,0.33758333333333335
MKD,2001,11.4705,12,0.28691666666666665
MKD,2002,11.281083333333333,12,0.29275
MKD,2003,11.207666666666666,12,0.29791666666666666
MKD,2004,11.058583333333333,12,0.27841666666666665
MKD,2005,10.55,12,0.26391666666666663
MKD,2006,10.752583333333334,12,0.34850000000000003
MKD,2007,11.90575,12,0.27891666666666665
MKD,2008,11.924083333333334,12,0.2806666666666667
MKD,2009,11.643833333333333,12,0.3056666666666667
MLI,1960,28.47375,12,0.2980833333333333
MLI,1961,28.329250000000002,12,0.38891666666666663
MLI,1962,28.40425,12,0.44725
MLI,1963,28.689083333333333,12,0.31766666666666665
MLI,1964,28.441666666666666,12,0.39433333333333337
MLI,1965,28.189083333333333,12,0.4274166666666666
MLI,1966,28.754333333333335,12,0.44783333333333336
MLI,1967,28.202833333333334,12,0.39366666666666666
MLI,1968,28.53991666666667,12,0.33241666666666664
MLI,1969,29.15591666666667,12,0.38875
MLI,1970,28.893333333333334,12,0.35958333333333337
MLI,1971,28.506416666666667,12,0.29050000000000004
MLI,1972,28.557666666666666,12,0.2755
MLI,1973,28.801916666666667,12,0.3110833333333333
MLI,1974,28.085250000000002,12,0.27375
MLI,1975,28.170333333333335,12,0.30441666666666667
MLI,1976,27.869,12,0.3319166666666667
MLI,1977,28.81975,12,0.3403333333333334
MLI,1978,28.874166666666667,12,0.30833333333333335
MLI,1979,28.96241666666667,12,0.32641666666666663
MLI,1980,29.141416666666668,12,0.3125
MLI,1981,28.91208333333333,12,0.31716666666666665
MLI,1982,28.439666666666668,12,0.4033333333333333
MLI,1983,29.276666666666667,12,0.39608333333333334
MLI,1984,28.85766666666667,12,0.36508333333333337
MLI,1985,28.793583333333334,12,0.3819166666666667
MLI,1986,28.519000000000002,12,0.305
MLI,1987,29.637833333333333,12,0.31666666666666665
MLI,1988,28.780666666666665,12,0.35175
MLI,1989,28.77316666666667,12,0.32608333333333334
MLI,1990,29.321083333333334,12,0.4030833333333333
MLI,1991,28.855833333333333,12,0.45058333333333334
MLI,1992,28.56616666666667,12,0.37866666666666665
MLI,1993,28.9665,12,0.36000000000000004
MLI,1994,28.37625,12,0.3795
MLI,1995,28.904,12,0.3006666666666667
MLI,1996,29.252583333333334,12,0.36508333333333337
MLI,1997,29.133916666666668,12,0.429
MLI,1998,29.493083333333335,12,0.3879166666666667
MLI,1999,28.792583333333337,12,0.40225
MLI,2000,29.150333333333336,12,0.3174166666666667
MLI,2001,29.310833333333335,12,0.6294166666666666
MLI,2002,29.4265,12,0.39725000000000005
MLI,2003,29.429000000000002,12,0.4635833333333333
MLI,2004,29.426000000000002,12,0.6417499999999999
MLI,2005,29.52625,12,0.6305833333333334
MLI,2006,29.037916666666664,12,0.6645833333333333
MLI,2007,29.202166666666667,12,0.5021666666666667
MLI,2008,28.949916666666667,12,0.49700000000000005
MLI,2009,29.440916666666666,12,0.40358333333333335
MLT,1960,19.0835,12,0.4003333333333334
MLT,1961,18.919583333333332,12,0.3914166666666667
MLT,1962,18.701833333333333,12,0.405
MLT,1963,18.614083333333333,12,0.37725000000000003
MLT,1964,18.503416666666666,12,0.40650000000000003
MLT,1965,18.365166666666667,12,0.4141666666666666
MLT,1966,18.611083333333333,12,0.4018333333333333
MLT,1967,18.61491666666667,12,0.3719166666666667
MLT,1968,18.689416666666666,12,0.4524166666666667
MLT,1969,18.312583333333333,12,0.4251666666666667
MLT,1970,18.594,12,0.4250833333333333
MLT,1971,18.210333333333335,12,0.516
MLT,1972,18.328,12,0.3645833333333333
MLT,1973,18.53708333333333,12,0.36341666666666667
MLT,1974,18.322166666666668,12,0.3770833333333334
MLT,1975,18.454083333333333,12,0.41808333333333336
MLT,1976,17.947750000000003,12,0.30683333333333335
MLT,1977,18.9385,12,0.33549999999999996
MLT,1978,18.1975,12,0.29283333333333333
MLT,1979,18.675416666666667,12,0.30375
MLT,1980,17.970916666666668,12,0.33066666666666666
MLT,1981,18.417083333333334,12,0.34991666666666665
MLT,1982,19.080916666666667,12,0.38158333333333333
MLT,1983,18.586583333333333,12,0.38825
MLT,1984,18.338583333333332,12,0.33949999999999997
MLT,1985,18.967833333333335,12,0.34925
MLT,1986,18.780833333333334,12,0.33183333333333337
MLT,1987,19.119916666666665,12,0.36375
MLT,1988,19.35725,12,0.36466666666666664
MLT,1989,18.969416666666667,12,0.3854166666666667
MLT,1990,19.56175,12,0.3259166666666667
MLT,1991,18.590083333333336,12,0.38366666666666666
MLT,1992,18.832083333333333,12,0.39399999999999996
MLT,1993,19.05125,12,0.318
MLT,1994,19.837666666666667,12,0.3239166666666667
MLT,1995,19.07275,12,0.40258333333333335
MLT,1996,18.962416666666666,12,0.31975000000000003
MLT,1997,19.396666666666665,12,0.3805
MLT,1998,19.311083333333332,12,0.34558333333333335
MLT,1999,19.842,12,0.3089166666666667
MLT,2000,19.609166666666667,12,0.32866666666666666
MLT,2001,19.909666666666666,12,0.3174166666666666
MLT,2002,19.551833333333335,12,0.3005
MLT,2003,19.756583333333335,12,0.35883333333333334
MLT,2004,19.171166666666668,12,0.39399999999999996
MLT,2005,18.875083333333333,12,0.38599999999999995
MLT,2006,19.601333333333333,12,0.4323333333333334
MLT,2007,19.749916666666667,12,0.3518333333333333
MLT,2008,19.818166666666666,12,0.3914166666666667
MLT,2009,19.579250000000002,12,0.38808333333333334
MMR,1960,24.383083333333335,12,0.29125
MMR,1961,24.017916666666668,12,0.2589166666666667
MMR,1962,23.953166666666664,12,0.36141666666666666
MMR,1963,23.857833333333332,12,0.27575
MMR,1964,24.054000000000002,12,0.29283333333333333
MMR,1965,23.837,12,0.30491666666666667
MMR,1966,24.3955,12,0.29091666666666666
MMR,1967,23.80716666666667,12,0.33216666666666667
MMR,1968,23.860249999999997,12,0.3193333333333333
MMR,1969,24.135499999999997,12,0.26925
MMR,1970,23.986083333333337,12,0.245
MMR,1971,23.515083333333333,12,0.2574166666666667
MMR,1972,24.124166666666667,12,0.31133333333333335
MMR,1973,24.131583333333335,12,0.3433333333333333
MMR,1974,23.8545,12,0.30533333333333335
MMR,1975,23.968083333333336,12,0.3910833333333333
MMR,1976,23.767166666666668,12,0.36375
MMR,1977,23.877166666666668,12,0.28141666666666665
MMR,1978,24.037666666666667,12,0.2545
MMR,1979,24.515666666666664,12,0.26208333333333333
MMR,1980,24.319666666666667,12,0.23975000000000002
MMR,1981,24.078000000000003,12,0.2738333333333333
MMR,1982,23.93041666666667,12,0.35325
MMR,1983,23.975583333333333,12,0.2784166666666667
MMR,1984,24.051083333333334,12,0.3451666666666667
MMR,1985,23.986500000000003,12,0.28891666666666665
MMR,1986,24.018416666666667,12,0.28391666666666665
MMR,1987,24.351250000000004,12,0.24775
MMR,1988,24.373333333333335,12,0.23683333333333334
MMR,1989,24.082916666666666,12,0.3784166666666667
MMR,1990,24.062583333333336,12,0.3473333333333333
MMR,1991,24.14375,12,0.21966666666666668
MMR,1992,23.637,12,0.2333333333333333
MMR,1993,23.856916666666667,12,0.22175
MMR,1994,24.143333333333334,12,0.25958333333333333
MMR,1995,24.25525,12,0.23566666666666666
MMR,1996,24.108333333333334,12,0.24491666666666667
MMR,1997,23.870583333333332,12,0.24266666666666667
MMR,1998,24.78125,12,0.24625
MMR,1999,24.380166666666668,12,0.21258333333333335
MMR,2000,23.930833333333336,12,0.20675
MMR,2001,24.327250000000003,12,0.26008333333333333
MMR,2002,24.292416666666668,12,0.2860833333333333
MMR,2003,24.288083333333333,12,0.3225
MMR,2004,24.108249999999998,12,0.329
MMR,2005,24.581083333333336,12,0.25
MMR,2006,24.43216666666667,12,0.2811666666666667
MMR,2007,24.159666666666666,12,0.2773333333333333
MMR,2008,24.175916666666666,12,0.2514166666666667
MMR,2009,24.701333333333334,12,0.3099166666666667
MNE,1960,10.89275,12,0.3735
MNE,1961,11.001583333333334,12,0.36074999999999996
MNE,1962,10.497083333333334,12,0.4074166666666666
MNE,1963,10.535083333333333,12,0.41808333333333336
MNE,1964,10.099083333333333,12,0.363
MNE,1965,9.99375,12,0.39041666666666663
MNE,1966,10.81675,12,0.333
MNE,1967,10.346166666666667,12,0.34299999999999997
MNE,1968,10.461,12,0.4043333333333334
MNE,1969,10.163,12,0.41033333333333327
MNE,1970,10.283,12,0.3491666666666667
MNE,1971,10.232916666666666,12,0.28958333333333336
MNE,1972,10.3225,12,0.3535
MNE,1973,10.04825,12,0.3465833333333333
MNE,1974,10.297916666666667,12,0.37025
MNE,1975,10.369666666666665,12,0.3844166666666667
MNE,1976,9.534583333333334,12,0.35033333333333333
MNE,1977,10.820416666666667,12,0.32766666666666666
MNE,1978,9.849083333333335,12,0.32341666666666663
MNE,1979,10.641333333333334,12,0.291
MNE,1980,9.612250000000001,12,0.3016666666666667
MNE,1981,10.206249999999999,12,0.3309166666666667
MNE,1982,10.685666666666668,12,0.36341666666666667
MNE,1983,10.242083333333333,12,0.33641666666666664
MNE,1984,10.168999999999999,12,0.3045833333333333
MNE,1985,10.313333333333334,12,0.38375000000000004
MNE,1986,10.67075,12,0.34108333333333335
MNE,1987,10.5725,12,0.3575
MNE,1988,10.7035,12,0.31083333333333335
MNE,1989,10.554333333333334,12,0.36074999999999996
MNE,1990,11.242583333333334,12,0.3411666666666667
MNE,1991,10.069666666666667,12,0.3725
MNE,1992,10.94225,12,0.3978333333333333
MNE,1993,10.783333333333333,12,0.30916666666666665
MNE,1994,11.7725,12,0.33791666666666664
MNE,1995,10.383583333333332,12,0.31516666666666665
MNE,1996,10.323583333333334,12,0.33191666666666664
MNE,1997,10.572166666666666,12,0.39266666666666666
MNE,1998,10.930833333333332,12,0.3646666666666667
MNE,1999,11.248666666666667,12,0.3356666666666667
MNE,2000,11.561333333333332,12,0.3830833333333334
MNE,2001,11.23525,12,0.3165833333333333
MNE,2002,11.417166666666667,12,0.29691666666666666
MNE,2003,11.27825,12,0.39516666666666667
MNE,2004,10.82125,12,0.3189166666666667
MNE,2005,10.12575,12,0.29775
MNE,2006,10.560833333333333,12,0.34783333333333327
MNE,2007,11.595083333333333,12,0.3163333333333333
MNE,2008,11.627666666666668,12,0.32216666666666666
MNE,2009,11.462666666666665,12,0.3565833333333333
MNG,1960,-0.7965833333333334,12,0.34833333333333333
MNG,1961,-0.33716666666666645,12,0.3830833333333334
MNG,1962,-0.2626666666666666,12,0.40008333333333335
MNG,1963,0.4474166666666661,12,0.31783333333333336
MNG,1964,-0.7845,12,0.33349999999999996
MNG,1965,0.1289166666666667,12,0.3400833333333333
MNG,1966,-0.5659999999999995,12,0.30633333333333335
MNG,1967,-0.9076666666666666,12,0.3036666666666667
MNG,1968,-0.9830000000000002,12,0.33041666666666664
MNG,1969,-1.5954166666666667,12,0.326
MNG,1970,-1.112833333333333,12,0.30641666666666667
MNG,1971,-0.6264166666666661,12,0.27491666666666664
MNG,1972,-0.23433333333333298,12,0.25475
MNG,1973,0.14433333333333356,12,0.23175
MNG,1974,-0.9841666666666665,12,0.25633333333333336
MNG,1975,-0.04708333333333344,12,0.24775
MNG,1976,-0.9320833333333335,12,0.2836666666666667
MNG,1977,-0.34450000000000003,12,0.23933333333333331
MNG,1978,0.12433333333333312,12,0.24483333333333335
MNG,1979,0.27450000000000035,12,0.3000833333333333
MNG,1980,-0.48266666666666663,12,0.2850833333333333
MNG,1981,-0.6005833333333337,12,0.25366666666666665
MNG,1982,0.4544166666666669,12,0.24175
MNG,1983,-0.12758333333333324,12,0.2970833333333333
MNG,1984,-1.4175000000000004,12,0.315
MNG,1985,-0.9774166666666666,12,0.28958333333333336
MNG,1986,-0.2105,12,0.3145833333333333
MNG,1987,-0.305083333333333,12,0.32241666666666663
MNG,1988,-0.1633333333333334,12,0.2771666666666667
MNG,1989,0.6739166666666662,12,0.30333333333333334
MNG,1990,0.6622500000000002,12,0.2748333333333333
MNG,1991,0.12483333333333253,12,0.268
MNG,1992,0.2616666666666667,12,0.3718333333333333
MNG,1993,-0.2125833333333332,12,0.3359166666666667
MNG,1994,0.6934999999999999,12,0.2901666666666667
MNG,1995,0.7484999999999999,12,0.29433333333333334
MNG,1996,-0.08266666666666629,12,0.32075000000000004
MNG,1997,1.2595000000000003,12,0.26666666666666666
MNG,1998,1.596916666666667,12,0.23658333333333334
MNG,1999,1.099166666666667,12,0.36525
MNG,2000,0.17499999999999952,12,0.2853333333333333
MNG,2001,0.7503333333333334,12,0.30824999999999997
MNG,2002,1.0959166666666669,12,0.33116666666666666
MNG,2003,0.04641666666666625,12,0.3598333333333333
MNG,2004,1.0906666666666662,12,0.3554166666666667
MNG,2005,-0.13983333333333312,12,0.3114166666666667
MNG,2006,0.9519166666666669,12,0.28683333333333333
MNG,2007,2.075583333333334,12,0.3348333333333333
MNG,2008,1.1155833333333334,12,0.2568333333333333
MNG,2009,0.5645000000000001,12,0.3394166666666667
MOZ,1960,23.54325,12,0.2813333333333333
MOZ,1961,23.930083333333332,12,0.30975
MOZ,1962,23.781500000000005,12,0.311
MOZ,1963,23.280916666666666,12,0.2055
MOZ,1964,23.436916666666665,12,0.2333333333333333
MOZ,1965,23.2025,12,0.26358333333333334
MOZ,1966,23.884833333333333,12,0.23083333333333333
MOZ,1967,23.782,12,0.2624166666666667
MOZ,1968,23.418499999999998,12,0.22966666666666669
MOZ,1969,24.004499999999997,12,0.21358333333333335
MOZ,1970,23.95625,12,0.24433333333333332
MOZ,1971,23.550666666666668,12,0.23558333333333334
MOZ,1972,23.568749999999998,12,0.2370833333333333
MOZ,1973,23.74083333333333,12,0.26625
MOZ,1974,23.3455,12,0.23666666666666666
MOZ,1975,23.422666666666668,12,0.24708333333333332
MOZ,1976,23.494083333333332,12,0.27758333333333335
MOZ,1977,23.99716666666667,12,0.24833333333333332
MOZ,1978,23.7745,12,0.22475
MOZ,1979,23.745166666666666,12,0.23758333333333334
MOZ,1980,23.75191666666667,12,0.21641666666666667
MOZ,1981,23.42625,12,0.24666666666666667
MOZ,1982,23.762666666666664,12,0.25625000000000003
MOZ,1983,24.563833333333335,12,0.23775000000000002
MOZ,1984,23.858249999999998,12,0.21583333333333332
MOZ,1985,23.67758333333333,12,0.25825000000000004
MOZ,1986,23.776833333333332,12,0.22066666666666668
MOZ,1987,24.488333333333333,12,0.21591666666666665
MOZ,1988,24.085250000000002,12,0.1975
MOZ,1989,23.79625,12,0.24016666666666667
MOZ,1990,24.200666666666667,12,0.29158333333333336
MOZ,1991,24.13275,12,0.25533333333333336
MOZ,1992,24.743,12,0.27091666666666664
MOZ,1993,24.247500000000002,12,0.25625
MOZ,1994,24.04225,12,0.27525
MOZ,1995,24.4765,12,0.27166666666666667
MOZ,1996,24.090166666666665,12,0.2624166666666667
MOZ,1997,24.15225,12,0.26625
MOZ,1998,24.623416666666667,12,0.24891666666666667
MOZ,1999,24.081500000000002,12,0.23791666666666667
MOZ,2000,23.92025,12,0.28241666666666665
MOZ,2001,24.25091666666667,12,0.32125
MOZ,2002,24.42816666666667,12,0.26733333333333337
MOZ,2003,24.42325,12,0.35433333333333333
MOZ,2004,24.07258333333333,12,0.32816666666666666
MOZ,2005,24.83375,12,0.3323333333333333
MOZ,2006,24.303416666666667,12,0.27575
MOZ,2007,24.224416666666666,12,0.291
MOZ,2008,24.0305,12,0.28375
MOZ,2009,24.081333333333333,12,0.30441666666666667
MRT,1960,27.6765,12,0.3735
MRT,1961,27.939916666666665,12,0.3294166666666667
MRT,1962,27.806416666666667,12,0.3525833333333333
MRT,1963,27.756333333333334,12,0.3765833333333333
MRT,1964,27.862166666666667,12,0.49675
MRT,1965,27.298666666666666,12,0.40066666666666667
MRT,1966,27.985500000000002,12,0.43575
MRT,1967,27.27525,12,0.30633333333333335
MRT,1968,27.58,12,0.32116666666666666
MRT,1969,28.13325,12,0.3135833333333333
MRT,1970,28.368166666666667,12,0.37766666666666665
MRT,1971,27.253416666666666,12,0.38833333333333336
MRT,1972,27.196916666666667,12,0.4039166666666667
MRT,1973,27.761750000000003,12,0.39025
MRT,1974,27.066666666666666,12,0.3838333333333333
MRT,1975,27.29925,12,0.3998333333333333
MRT,1976,26.69725,12,0.39825
MRT,1977,28.116583333333335,12,0.36916666666666664
MRT,1978,28.000666666666664,12,0.35191666666666666
MRT,1979,28.366333333333333,12,0.3765833333333333
MRT,1980,28.23,12,0.3606666666666667
MRT,1981,28.334333333333333,12,0.48525
MRT,1982,27.582666666666668,12,0.47091666666666665
MRT,1983,28.839416666666665,12,0.5401666666666667
MRT,1984,27.771833333333333,12,0.48258333333333336
MRT,1985,27.880916666666668,12,0.5217499999999999
MRT,1986,27.500083333333336,12,0.5400833333333334
MRT,1987,29.096,12,0.5386666666666667
MRT,1988,27.953999999999997,12,0.41875
MRT,1989,28.215999999999998,12,0.433
MRT,1990,28.536416666666668,12,0.55825
MRT,1991,28.033833333333334,12,0.45625
MRT,1992,27.955,12,0.6779166666666666
MRT,1993,27.858416666666667,12,0.43250000000000005
MRT,1994,27.910916666666665,12,0.44775000000000004
MRT,1995,28.26,12,0.5160833333333333
MRT,1996,28.5385,12,0.49666666666666665
MRT,1997,28.599999999999998,12,0.4848333333333334
MRT,1998,28.969916666666666,12,0.4975833333333333
MRT,1999,27.87291666666667,12,0.48833333333333334
MRT,2000,28.35558333333334,12,0.61975
MRT,2001,28.878416666666666,12,0.7620833333333333
MRT,2002,28.65025,12,0.6709166666666667
MRT,2003,28.558833333333336,12,0.6640833333333334
MRT,2004,28.628249999999998,12,0.6550833333333334
MRT,2005,28.75225,12,0.7791666666666667
MRT,2006,28.4505,12,0.7408333333333333
MRT,2007,28.451916666666666,12,0.65375
MRT,2008,28.395,12,0.608
MRT,2009,28.43133333333333,12,0.5744166666666667
MSR,1960,26.906166666666667,12,0.38158333333333333
MSR,1961,26.666,12,0.40008333333333335
MSR,1962,26.70141666666667,12,0.3893333333333333
MSR,1963,26.84075,12,0.39375
MSR,1964,26.653750000000002,12,0.401
MSR,1965,26.378416666666666,12,0.41191666666666665
MSR,1966,26.55933333333333,12,0.42650000000000005
MSR,1967,26.297666666666668,12,0.34791666666666665
MSR,1968,26.356083333333334,12,0.3495
MSR,1969,26.828999999999997,12,0.30291666666666667
MSR,1970,26.682333333333332,12,0.338
MSR,1971,26.339916666666667,12,0.29991666666666666
MSR,1972,26.511499999999998,12,0.31983333333333336
MSR,1973,26.828833333333336,12,0.3655
MSR,1974,26.291750000000004,12,0.27758333333333335
MSR,1975,26.286333333333335,12,0.292
MSR,1976,26.208250000000003,12,0.29491666666666666
MSR,1977,26.789833333333334,12,0.28175
MSR,1978,26.80475,12,0.27308333333333334
MSR,1979,26.60766666666667,12,0.25866666666666666
MSR,1980,27.075416666666666,12,0.21724999999999997
MSR,1981,27.01725,12,0.30575
MSR,1982,26.633166666666668,12,0.26216666666666666
MSR,1983,27.020666666666667,12,0.2838333333333333
MSR,1984,26.54275,12,0.23758333333333334
MSR,1985,26.54716666666667,12,0.28725
MSR,1986,26.653833333333335,12,0.24533333333333332
MSR,1987,27.169916666666666,12,0.30483333333333335
MSR,1988,26.894166666666667,12,0.2625
MSR,1989,26.635666666666665,12,0.24950000000000003
MSR,1990,26.882333333333335,12,0.27375
MSR,1991,26.83175,12,0.223
MSR,1992,26.845250000000004,12,0.30233333333333334
MSR,1993,26.890249999999998,12,0.24891666666666667
MSR,1994,26.875416666666666,12,0.24850000000000003
MSR,1995,27.326333333333334,12,0.22891666666666666
MSR,1996,26.905666666666665,12,0.25425000000000003
MSR,1997,27.25583333333334,12,0.2050833333333333
MSR,1998,27.55741666666667,12,0.23566666666666666
MSR,1999,27.064333333333334,12,0.28708333333333336
MSR,2000,26.841083333333334,12,0.22358333333333333
MSR,2001,27.204666666666668,12,0.23658333333333334
MSR,2002,27.30575,12,0.29341666666666666
MSR,2003,27.46166666666667,12,0.29091666666666666
MSR,2004,27.093,12,0.23825
MSR,2005,27.55525,12,0.21558333333333332
MSR,2006,27.41241666666667,12,0.28783333333333333
MSR,2007,27.452916666666667,12,0.23858333333333334
MSR,2008,26.909833333333335,12,0.22983333333333333
MSR,2009,27.21675,12,0.25316666666666665
MTQ,1960,26.603083333333334,12,0.34149999999999997
MTQ,1961,26.34991666666667,12,0.4088333333333333
MTQ,1962,26.473416666666665,12,0.35833333333333334
MTQ,1963,26.603916666666667,12,0.3904166666666667
MTQ,1964,26.394166666666667,12,0.41524999999999995
MTQ,1965,26.21525,12,0.42791666666666667
MTQ,1966,26.358583333333332,12,0.3498333333333334
MTQ,1967,26.095,12,0.36308333333333337
MTQ,1968,26.133499999999998,12,0.3829166666666666
MTQ,1969,26.65516666666667,12,0.32216666666666666
MTQ,1970,26.423083333333334,12,0.34791666666666665
MTQ,1971,26.089333333333332,12,0.2625
MTQ,1972,26.326999999999998,12,0.31483333333333335
MTQ,1973,26.490166666666667,12,0.28825
MTQ,1974,26.087500000000002,12,0.28883333333333333
MTQ,1975,26.03708333333333,12,0.3475
MTQ,1976,25.95125,12,0.327
MTQ,1977,26.426083333333334,12,0.266
MTQ,1978,26.51575,12,0.3146666666666667
MTQ,1979,26.442666666666668,12,0.3055833333333333
MTQ,1980,26.753333333333334,12,0.26616666666666666
MTQ,1981,26.686333333333334,12,0.319
MTQ,1982,26.436000000000003,12,0.2569166666666666
MTQ,1983,26.696749999999998,12,0.2764166666666667
MTQ,1984,26.250833333333333,12,0.24525
MTQ,1985,26.27475,12,0.2645
MTQ,1986,26.358083333333337,12,0.241
MTQ,1987,26.94775,12,0.2753333333333334
MTQ,1988,26.6615,12,0.24766666666666667
MTQ,1989,26.378666666666664,12,0.2776666666666667
MTQ,1990,26.629833333333334,12,0.28991666666666666
MTQ,1991,26.544583333333335,12,0.28041666666666665
MTQ,1992,26.619,12,0.307
MTQ,1993,26.647916666666664,12,0.27341666666666664
MTQ,1994,26.6245,12,0.3083333333333333
MTQ,1995,26.974333333333334,12,0.32425
MTQ,1996,26.632499999999997,12,0.2314166666666667
MTQ,1997,26.957166666666666,12,0.20741666666666667
MTQ,1998,27.268,12,0.22183333333333333
MTQ,1999,26.81325,12,0.24850000000000003
MTQ,2000,26.5715,12,0.20316666666666663
MTQ,2001,26.90216666666667,12,0.24141666666666664
MTQ,2002,26.935666666666666,12,0.2524166666666667
MTQ,2003,27.08,12,0.2559166666666667
MTQ,2004,26.829666666666668,12,0.259
MTQ,2005,27.31925,12,0.19658333333333333
MTQ,2006,27.148583333333335,12,0.27608333333333335
MTQ,2007,27.094416666666664,12,0.22708333333333333
MTQ,2008,26.664666666666665,12,0.21241666666666667
MTQ,2009,26.9505,12,0.2708333333333333
MUS,1960,23.452833333333334,12,0.33825
MUS,1961,24.150666666666666,12,0.3060833333333333
MUS,1962,23.300416666666667,12,0.365
MUS,1963,23.146,12,0.3146666666666667
MUS,1964,23.125,12,0.3615833333333333
MUS,1965,23.265083333333337,12,0.33516666666666667
MUS,1966,23.63025,12,0.28741666666666665
MUS,1967,23.7195,12,0.33591666666666664
MUS,1968,23.197666666666667,12,0.3368333333333333
MUS,1969,24.105166666666666,12,0.3560833333333333
MUS,1970,23.751166666666666,12,0.2945
MUS,1971,23.30125,12,0.35074999999999995
MUS,1972,23.821749999999998,12,0.39125000000000004
MUS,1973,23.72775,12,0.34991666666666665
MUS,1974,23.091416666666664,12,0.32316666666666666
MUS,1975,23.57025,12,0.37233333333333335
MUS,1976,23.841333333333335,12,0.38658333333333333
MUS,1977,24.150750000000002,12,0.25366666666666665
MUS,1978,23.989083333333337,12,0.32566666666666666
MUS,1979,23.936583333333335,12,0.2838333333333333
MUS,1980,23.86491666666667,12,0.2515833333333333
MUS,1981,23.817083333333333,12,0.3449166666666666
MUS,1982,23.751333333333335,12,0.30133333333333334
MUS,1983,23.709500000000002,12,0.49675
MUS,1984,23.578083333333336,12,0.3194166666666666
MUS,1985,23.649416666666667,12,0.35541666666666666
MUS,1986,23.688,12,0.32858333333333334
MUS,1987,24.315083333333334,12,0.3353333333333333
MUS,1988,24.135583333333333,12,0.2833333333333333
MUS,1989,23.76008333333333,12,0.33308333333333334
MUS,1990,23.840666666666667,12,0.32966666666666666
MUS,1991,24.138,12,0.35225
MUS,1992,23.809083333333334,12,0.4395
MUS,1993,23.911083333333334,12,0.30524999999999997
MUS,1994,24.165833333333335,12,0.32966666666666666
MUS,1995,24.023416666666666,12,0.32208333333333333
MUS,1996,23.891166666666667,12,0.283
MUS,1997,24.097416666666664,12,0.3665833333333333
MUS,1998,24.405916666666666,12,0.29725
MUS,1999,24.1075,12,0.3993333333333333
MUS,2000,24.002583333333334,12,0.31375000000000003
MUS,2001,24.4905,12,0.28591666666666665
MUS,2002,24.395750000000003,12,0.27675
MUS,2003,24.517083333333332,12,0.33075
MUS,2004,24.254583333333333,12,0.30883333333333335
MUS,2005,24.155916666666666,12,0.39608333333333334
MUS,2006,24.31975,12,0.34400000000000003
MUS,2007,24.284333333333336,12,0.35741666666666666
MUS,2008,24.189000000000004,12,0.27016666666666667
MUS,2009,24.584833333333336,12,0.2748333333333333
MWI,1960,21.422,12,0.33675000000000005
MWI,1961,21.617583333333332,12,0.3165833333333333
MWI,1962,21.422583333333336,12,0.3040833333333333
MWI,1963,21.11225,12,0.26075
MWI,1964,21.24566666666667,12,0.28391666666666665
MWI,1965,20.982916666666664,12,0.2735
MWI,1966,21.69158333333333,12,0.24341666666666664
MWI,1967,21.54433333333333,12,0.2996666666666667
MWI,1968,21.240333333333336,12,0.30683333333333335
MWI,1969,21.777666666666665,12,0.31758333333333333
MWI,1970,21.631249999999998,12,0.30583333333333335
MWI,1971,21.26125,12,0.27391666666666664
MWI,1972,21.480333333333334,12,0.272
MWI,1973,21.527749999999997,12,0.34575
MWI,1974,21.060416666666665,12,0.30424999999999996
MWI,1975,21.297916666666666,12,0.30275
MWI,1976,21.340833333333332,12,0.34508333333333335
MWI,1977,21.83758333333333,12,0.3085833333333334
MWI,1978,21.593333333333334,12,0.3010833333333333
MWI,1979,21.571916666666667,12,0.29558333333333336
MWI,1980,21.634666666666664,12,0.28975
MWI,1981,21.29175,12,0.2950833333333333
MWI,1982,21.5385,12,0.36883333333333335
MWI,1983,22.45958333333333,12,0.31375
MWI,1984,21.62183333333333,12,0.27825
MWI,1985,21.307750000000002,12,0.24483333333333332
MWI,1986,21.514666666666667,12,0.284
MWI,1987,22.328333333333333,12,0.3
MWI,1988,21.97341666666667,12,0.27891666666666665
MWI,1989,21.536833333333334,12,0.306
MWI,1990,22.28025,12,0.5256666666666666
MWI,1991,21.889499999999998,12,0.36841666666666667
MWI,1992,22.39033333333333,12,0.37266666666666665
MWI,1993,21.940166666666666,12,0.35341666666666666
MWI,1994,21.980166666666666,12,0.4290833333333333
MWI,1995,22.301666666666666,12,0.31808333333333333
MWI,1996,21.963333333333335,12,0.3461666666666667
MWI,1997,22.034750000000003,12,0.34025
MWI,1998,22.377916666666668,12,0.2754166666666667
MWI,1999,21.68925,12,0.31783333333333336
MWI,2000,21.714416666666665,12,0.3475
MWI,2001,21.99875,12,0.42583333333333334
MWI,2002,22.224,12,0.37083333333333335
MWI,2003,22.233500000000003,12,0.43575
MWI,2004,21.865916666666667,12,0.38433333333333336
MWI,2005,22.81116666666667,12,0.4045
MWI,2006,22.102166666666665,12,0.34241666666666665
MWI,2007,22.098333333333333,12,0.3914166666666667
MWI,2008,21.8225,12,0.2881666666666667
MWI,2009,22.014833333333332,12,0.3721666666666667
MYS,1960,26.262416666666667,12,0.2504166666666667
MYS,1961,26.044916666666666,12,0.20475
MYS,1962,25.949583333333337,12,0.23275
MYS,1963,26.02208333333333,12,0.22824999999999998
MYS,1964,26.03625,12,0.21466666666666667
MYS,1965,25.918583333333334,12,0.26275
MYS,1966,26.174833333333336,12,0.2051666666666667
MYS,1967,25.931833333333334,12,0.23066666666666666
MYS,1968,26.08475,12,0.21208333333333332
MYS,1969,26.31758333333333,12,0.1915
MYS,1970,26.193416666666668,12,0.19025
MYS,1971,25.8485,12,0.19408333333333336
MYS,1972,26.320583333333335,12,0.25025000000000003
MYS,1973,26.35383333333333,12,0.21058333333333334
MYS,1974,25.983249999999998,12,0.24266666666666667
MYS,1975,25.989416666666667,12,0.26
MYS,1976,25.854083333333335,12,0.2524166666666667
MYS,1977,26.092083333333335,12,0.2165
MYS,1978,26.192833333333336,12,0.2243333333333333
MYS,1979,26.256500000000003,12,0.19725
MYS,1980,26.210416666666664,12,0.1748333333333333
MYS,1981,26.20625,12,0.20966666666666667
MYS,1982,26.180083333333332,12,0.20641666666666666
MYS,1983,26.534000000000002,12,0.21516666666666664
MYS,1984,25.903499999999998,12,0.22391666666666668
MYS,1985,26.1245,12,0.22591666666666668
MYS,1986,26.186833333333336,12,0.21475
MYS,1987,26.515333333333334,12,0.18883333333333333
MYS,1988,26.3575,12,0.18133333333333332
MYS,1989,26.106083333333334,12,0.18841666666666668
MYS,1990,26.418916666666664,12,0.21708333333333332
MYS,1991,26.332083333333333,12,0.18891666666666665
MYS,1992,26.286583333333336,12,0.21458333333333335
MYS,1993,26.215,12,0.17416666666666666
MYS,1994,26.27716666666667,12,0.16816666666666666
MYS,1995,26.334500000000002,12,0.16441666666666666
MYS,1996,26.238916666666668,12,0.15733333333333333
MYS,1997,26.556416666666667,12,0.18808333333333335
MYS,1998,27.055000000000003,12,0.16266666666666665
MYS,1999,26.24891666666667,12,0.16066666666666665
MYS,2000,26.371416666666665,12,0.18141666666666667
MYS,2001,26.500083333333333,12,0.15333333333333335
MYS,2002,26.745500000000003,12,0.17708333333333334
MYS,2003,26.57675,12,0.23466666666666666
MYS,2004,26.575999999999997,12,0.21108333333333332
MYS,2005,26.649583333333336,12,0.18483333333333332
MYS,2006,26.57766666666667,12,0.20341666666666666
MYS,2007,26.496333333333336,12,0.18616666666666667
MYS,2008,26.25408333333333,12,0.17475
MYS,2009,26.642,12,0.21608333333333332
MYT,1960,26.418666666666667,12,0.36600000000000005
MYT,1961,26.910583333333335,12,0.3645833333333333
MYT,1962,26.429000000000002,12,0.31675
MYT,1963,26.152416666666667,12,0.32508333333333334
MYT,1964,26.16875,12,0.26225
MYT,1965,25.96666666666667,12,0.33949999999999997
MYT,1966,26.64375,12,0.35483333333333333
MYT,1967,26.600916666666667,12,0.2806666666666667
MYT,1968,26.067333333333334,12,0.29383333333333334
MYT,1969,26.830166666666667,12,0.29450000000000004
MYT,1970,26.646,12,0.339
MYT,1971,25.985583333333334,12,0.3979166666666667
MYT,1972,26.450083333333335,12,0.3618333333333333
MYT,1973,26.53325,12,0.33499999999999996
MYT,1974,26.053333333333338,12,0.37116666666666664
MYT,1975,26.27625,12,0.3105833333333334
MYT,1976,26.361500000000003,12,0.22158333333333333
MYT,1977,26.84766666666667,12,0.28341666666666665
MYT,1978,26.562916666666666,12,0.26958333333333334
MYT,1979,26.600416666666664,12,0.26266666666666666
MYT,1980,26.60041666666667,12,0.22391666666666665
MYT,1981,26.553,12,0.25866666666666666
MYT,1982,26.815416666666668,12,0.26175
MYT,1983,26.705166666666667,12,0.34908333333333336
MYT,1984,26.16208333333333,12,0.34841666666666665
MYT,1985,26.413666666666668,12,0.3620833333333333
MYT,1986,26.61066666666667,12,0.32525
MYT,1987,26.966916666666666,12,0.31816666666666665
MYT,1988,26.931833333333334,12,0.30783333333333335
MYT,1989,26.39108333333333,12,0.34441666666666665
MYT,1990,26.775333333333336,12,0.3701666666666667
MYT,1991,26.79941666666667,12,0.3509166666666667
MYT,1992,26.85475,12,0.3666666666666667
MYT,1993,26.8835,12,0.428
MYT,1994,27.091833333333337,12,0.33
MYT,1995,26.996750000000002,12,0.26925
MYT,1996,26.58575,12,0.39866666666666667
MYT,1997,26.994333333333334,12,0.38558333333333333
MYT,1998,27.354833333333332,12,0.46258333333333335
MYT,1999,26.938666666666666,12,0.43475
MYT,2000,26.609333333333336,12,0.37116666666666664
MYT,2001,27.02808333333333,12,0.3981666666666667
MYT,2002,27.37391666666667,12,0.44216666666666665
MYT,2003,27.142,12,0.42558333333333337
MYT,2004,27.0085,12,0.34800000000000003
MYT,2005,27.266000000000002,12,0.2549166666666667
MYT,2006,27.15125,12,0.34758333333333336
MYT,2007,27.256583333333335,12,0.33641666666666664
MYT,2008,26.914666666666665,12,0.34608333333333335
MYT,2009,27.238,12,0.3693333333333333
NAM,1960,20.735666666666667,12,0.5934166666666667
NAM,1961,20.792416666666668,12,0.6269166666666667
NAM,1962,20.748833333333334,12,0.6350833333333333
NAM,1963,20.563083333333335,12,0.78825
NAM,1964,20.496916666666667,12,0.54325
NAM,1965,20.568,12,0.6018333333333333
NAM,1966,20.794583333333332,12,0.4325833333333333
NAM,1967,20.373916666666666,12,0.45925
NAM,1968,20.421166666666668,12,0.4663333333333333
NAM,1969,20.837083333333336,12,0.48541666666666666
NAM,1970,21.006166666666665,12,0.5325000000000001
NAM,1971,20.568166666666666,12,0.42683333333333334
NAM,1972,20.844083333333334,12,0.5858333333333333
NAM,1973,21.014416666666666,12,0.4725
NAM,1974,19.93,12,0.49524999999999997
NAM,1975,20.4755,12,0.51525
NAM,1976,19.949333333333332,12,0.55625
NAM,1977,20.517083333333336,12,0.412
NAM,1978,20.413,12,0.48275
NAM,1979,20.88475,12,0.45491666666666664
NAM,1980,20.66091666666667,12,0.52975
NAM,1981,20.674,12,0.4463333333333333
NAM,1982,20.857833333333335,12,0.5460833333333334
NAM,1983,21.213083333333334,12,0.6429166666666667
NAM,1984,21.24875,12,0.5964166666666667
NAM,1985,20.794166666666666,12,0.474
NAM,1986,20.996,12,0.5391666666666667
NAM,1987,21.485416666666666,12,0.8033333333333333
NAM,1988,21.0565,12,0.5754166666666667
NAM,1989,20.721083333333336,12,0.6066666666666667
NAM,1990,21.33683333333333,12,0.5491666666666667
NAM,1991,20.78075,12,0.6456666666666667
NAM,1992,21.336833333333335,12,0.6519166666666667
NAM,1993,21.248333333333335,12,0.5199166666666667
NAM,1994,20.951083333333333,12,0.5214166666666666
NAM,1995,21.60025,12,0.5835
NAM,1996,20.828666666666667,12,0.5416666666666666
NAM,1997,20.818166666666666,12,0.5763333333333333
NAM,1998,21.676666666666666,12,0.5740833333333334
NAM,1999,21.46591666666667,12,0.5269166666666667
NAM,2000,21.017666666666667,12,0.5204166666666666
NAM,2001,21.237166666666667,12,0.6195833333333333
NAM,2002,21.547583333333336,12,0.6455833333333333
NAM,2003,22.040833333333335,12,0.7958333333333334
NAM,2004,21.643833333333333,12,0.9091666666666667
NAM,2005,21.473916666666668,12,0.7767499999999999
NAM,2006,20.381833333333333,12,0.669
NAM,2007,21.180583333333335,12,0.6745
NAM,2008,21.021083333333333,12,0.73425
NAM,2009,20.97625,12,0.8723333333333333
NCL,1960,22.6065,12,0.3456666666666666
NCL,1961,22.768833333333333,12,0.3765833333333333
NCL,1962,22.882416666666668,12,0.39325000000000004
NCL,1963,22.62925,12,0.32966666666666666
NCL,1964,23.02208333333333,12,0.3124166666666667
NCL,1965,22.11825,12,0.37433333333333335
NCL,1966,22.195916666666665,12,0.3939166666666667
NCL,1967,22.929333333333332,12,0.32825
NCL,1968,22.394499999999997,12,0.3965
NCL,1969,22.736250000000002,12,0.5061666666666667
NCL,1970,23.190916666666666,12,0.36975
NCL,1971,22.909833333333335,12,0.45341666666666663
NCL,1972,22.620500000000003,12,0.38866666666666666
NCL,1973,23.715416666666666,12,0.34775
NCL,1974,22.991500000000002,12,0.36599999999999994
NCL,1975,23.174166666666665,12,0.38916666666666666
NCL,1976,22.976583333333334,12,0.3759166666666667
NCL,1977,22.667833333333334,12,0.3545833333333333
NCL,1978,22.914083333333334,12,0.38225
NCL,1979,22.831833333333336,12,0.31175
NCL,1980,22.92475,12,0.27516666666666667
NCL,1981,23.048583333333337,12,0.371
NCL,1982,22.687166666666666,12,0.3089166666666667
NCL,1983,23.23625,12,0.4223333333333333
NCL,1984,23.13191666666667,12,0.3199166666666667
NCL,1985,23.14225,12,0.32058333333333333
NCL,1986,22.939833333333336,12,0.39116666666666666
NCL,1987,22.868333333333336,12,0.35200000000000004
NCL,1988,23.7705,12,0.30525
NCL,1989,23.167916666666667,12,0.379
NCL,1990,23.41291666666667,12,0.37200000000000005
NCL,1991,22.855416666666667,12,0.3209166666666667
NCL,1992,22.950166666666664,12,0.34075000000000005
NCL,1993,22.781000000000002,12,0.2890833333333333
NCL,1994,22.671666666666667,12,0.3229166666666667
NCL,1995,23.70741666666667,12,0.3284166666666667
NCL,1996,23.611500000000003,12,0.29191666666666666
NCL,1997,23.183333333333334,12,0.27408333333333335
NCL,1998,24.298916666666667,12,0.29350000000000004
NCL,1999,23.54941666666667,12,0.28683333333333333
NCL,2000,23.283083333333334,12,0.25483333333333336
NCL,2001,23.49875,12,0.24233333333333332
NCL,2002,23.469083333333334,12,0.24458333333333335
NCL,2003,23.261750000000003,12,0.39266666666666666
NCL,2004,23.36766666666667,12,0.3878333333333333
NCL,2005,23.360500000000002,12,0.34075000000000005
NCL,2006,23.194166666666664,12,0.28550000000000003
NCL,2007,23.74325,12,0.25908333333333333
NCL,2008,23.66333333333333,12,0.23408333333333334
NCL,2009,23.27416666666667,12,0.2664166666666667
NER,1960,27.611500000000003,12,0.3864166666666667
NER,1961,26.541333333333338,12,0.5697500000000001
NER,1962,27.513833333333334,12,0.7699166666666667
NER,1963,27.955083333333334,12,0.60925
NER,1964,27.4075,12,0.48741666666666666
NER,1965,27.167333333333332,12,0.5101666666666667
NER,1966,27.41125,12,0.5135833333333334
NER,1967,27.296166666666668,12,0.47500000000000003
NER,1968,27.501083333333337,12,0.36633333333333334
NER,1969,28.49875,12,0.3789166666666666
NER,1970,27.444083333333335,12,0.36033333333333334
NER,1971,27.463333333333335,12,0.42175
NER,1972,27.816916666666668,12,0.3755833333333333
NER,1973,27.85591666666667,12,0.37600000000000006
NER,1974,27.11191666666667,12,0.3443333333333333
NER,1975,27.195833333333336,12,0.3401666666666667
NER,1976,27.62216666666667,12,0.42691666666666667
NER,1977,27.093833333333336,12,0.40425
NER,1978,27.68641666666667,12,0.371
NER,1979,27.88625,12,0.41191666666666665
NER,1980,27.80516666666667,12,0.42408333333333337
NER,1981,27.554333333333332,12,0.4375833333333334
NER,1982,27.58866666666667,12,0.41100000000000003
NER,1983,27.539333333333335,12,0.4599166666666667
NER,1984,27.927000000000003,12,0.4175
NER,1985,27.660333333333337,12,0.41724999999999995
NER,1986,27.920666666666666,12,0.38916666666666666
NER,1987,28.231083333333334,12,0.41016666666666673
NER,1988,27.78675,12,0.4018333333333333
NER,1989,27.166083333333333,12,0.3734166666666667
NER,1990,28.048083333333334,12,0.5415833333333333
NER,1991,27.859166666666667,12,0.4639166666666667
NER,1992,27.185083333333335,12,0.4603333333333333
NER,1993,27.753333333333334,12,0.5495
NER,1994,27.400583333333334,12,0.6273333333333333
NER,1995,27.895416666666666,12,0.38258333333333333
NER,1996,28.128,12,0.6048333333333333
NER,1997,28.131,12,0.43191666666666667
NER,1998,28.32766666666667,12,0.4971666666666666
NER,1999,28.26875,12,0.5734166666666667
NER,2000,27.975833333333338,12,0.5318333333333333
NER,2001,28.118,12,0.69975
NER,2002,28.149666666666665,12,0.5071666666666667
NER,2003,28.30225,12,0.54125
NER,2004,28.371583333333334,12,0.5291666666666667
NER,2005,28.636416666666673,12,0.5837500000000001
NER,2006,28.291083333333333,12,0.5501666666666667
NER,2007,28.411916666666666,12,0.5158333333333334
NER,2008,27.901416666666666,12,0.46808333333333335
NER,2009,28.85041666666667,12,0.4719166666666667
NFK,1960,26.975833333333338,12,0.79625
NFK,1961,26.858166666666666,12,0.44766666666666666
NFK,1962,27.032333333333337,12,0.5194166666666667
NFK,1963,26.787000000000003,12,0.46425
NFK,1964,26.787000000000003,12,0.48033333333333333
NFK,1965,26.862916666666667,12,0.5235833333333334
NFK,1966,26.99225,12,0.4659166666666667
NFK,1967,26.822,12,0.6854166666666667
NFK,1968,26.702416666666668,12,0.5410833333333334
NFK,1969,26.957916666666666,12,0.448
NFK,1970,26.99208333333333,12,0.5513333333333333
NFK,1971,26.9335,12,0.42849999999999994
NFK,1972,26.762916666666666,12,0.47833333333333333
NFK,1973,27.252499999999998,12,0.45291666666666663
NFK,1974,27.210916666666666,12,0.52225
NFK,1975,27.086583333333333,12,0.428
NFK,1976,26.968416666666666,12,0.5478333333333333
NFK,1977,27.207166666666666,12,0.5559166666666667
NFK,1978,27.077250000000003,12,0.5248333333333334
NFK,1979,27.195333333333334,12,0.42758333333333337
NFK,1980,27.302083333333332,12,0.39658333333333334
NFK,1981,27.520083333333332,12,0.5515
NFK,1982,27.05725,12,0.5041666666666667
NFK,1983,27.5605,12,0.5381666666666667
NFK,1984,27.77841666666667,12,0.6196666666666667
NFK,1985,27.467833333333335,12,0.41591666666666666
NFK,1986,27.320166666666665,12,0.42291666666666666
NFK,1987,27.392083333333332,12,0.645
NFK,1988,27.593999999999998,12,0.40425
NFK,1989,27.427083333333332,12,0.34758333333333336
NFK,1990,27.273833333333332,12,0.37875
NFK,1991,27.226333333333333,12,0.4855833333333333
NFK,1992,27.115416666666665,12,0.4756666666666667
NFK,1993,27.24275,12,0.2758333333333333
NFK,1994,27.360083333333336,12,0.31349999999999995
NFK,1995,27.22725,12,0.32275000000000004
NFK,1996,27.383333333333336,12,0.2808333333333333
NFK,1997,27.411583333333336,12,0.28391666666666665
NFK,1998,27.659666666666666,12,0.30383333333333334
NFK,1999,27.586333333333332,12,0.39525000000000005
NFK,2000,27.481666666666666,12,0.32925
NFK,2001,27.595,12,0.3215
NFK,2002,27.4055,12,0.29375
NFK,2003,27.265333333333334,12,0.35400000000000004
NFK,2004,27.54641666666667,12,0.30616666666666664
NFK,2005,27.465666666666667,12,0.2664166666666667
NFK,2006,27.428833333333333,12,0.36366666666666664
NFK,2007,27.402083333333334,12,0.22224999999999998
NFK,2008,27.48391666666667,12,0.29791666666666666
NFK,2009,27.387249999999998,12,0.35433333333333333
NGA,1960,26.81741666666667,12,0.27
NGA,1961,26.3685,12,0.30375
NGA,1962,26.688916666666668,12,0.33125
NGA,1963,27.077083333333334,12,0.30691666666666667
NGA,1964,26.630666666666666,12,0.2549166666666667
NGA,1965,26.667,12,0.3129166666666667
NGA,1966,26.778583333333334,12,0.2861666666666666
NGA,1967,26.595166666666668,12,0.29183333333333333
NGA,1968,26.804000000000002,12,0.3336666666666667
NGA,1969,27.21466666666667,12,0.2514166666666667
NGA,1970,26.9465,12,0.26658333333333334
NGA,1971,26.796166666666668,12,0.2748333333333333
NGA,1972,26.88575,12,0.2738333333333333
NGA,1973,27.471999999999998,12,0.3114166666666667
NGA,1974,26.59266666666667,12,0.29616666666666663
NGA,1975,26.5085,12,0.2798333333333333
NGA,1976,26.809916666666666,12,0.31316666666666665
NGA,1977,26.886833333333332,12,0.2955
NGA,1978,26.7825,12,0.2718333333333333
NGA,1979,27.093083333333336,12,0.27825
NGA,1980,27.063666666666666,12,0.26183333333333336
NGA,1981,26.802916666666672,12,0.3145833333333333
NGA,1982,26.86966666666667,12,0.3015833333333333
NGA,1983,27.02775,12,0.3445833333333333
NGA,1984,27.079083333333333,12,0.3418333333333334
NGA,1985,26.95925,12,0.3119166666666667
NGA,1986,27.06725,12,0.31625000000000003
NGA,1987,27.613250000000004,12,0.27725
NGA,1988,27.037833333333335,12,0.26025000000000004
NGA,1989,26.376166666666666,12,0.31283333333333335
NGA,1990,27.36616666666667,12,0.39241666666666664
NGA,1991,27.043333333333337,12,0.28358333333333335
NGA,1992,26.663666666666668,12,0.33008333333333334
NGA,1993,27.103333333333335,12,0.27758333333333335
NGA,1994,26.818833333333334,12,0.28099999999999997
NGA,1995,27.165166666666664,12,0.333
NGA,1996,27.194666666666667,12,0.2875
NGA,1997,27.14491666666667,12,0.3303333333333333
NGA,1998,27.61191666666667,12,0.33016666666666666
NGA,1999,27.329166666666666,12,0.3541666666666667
NGA,2000,27.0335,12,0.3778333333333333
NGA,2001,27.09466666666667,12,0.3985
NGA,2002,27.464250000000003,12,0.423
NGA,2003,27.429000000000002,12,0.43049999999999994
NGA,2004,27.5695,12,0.31183333333333335
NGA,2005,27.72458333333333,12,0.43341666666666673
NGA,2006,27.795083333333334,12,0.3419166666666667
NGA,2007,27.690083333333334,12,0.6191666666666668
NGA,2008,27.325666666666667,12,0.4255
NGA,2009,27.90291666666667,12,0.37975000000000003
NIC,1960,26.227083333333336,12,0.36883333333333335
NIC,1961,26.17833333333333,12,0.3760833333333333
NIC,1962,25.943916666666667,12,0.36316666666666664
NIC,1963,26.111583333333332,12,0.36533333333333334
NIC,1964,26.14975,12,0.3223333333333333
NIC,1965,26.278750000000002,12,0.40408333333333335
NIC,1966,26.19475,12,0.34758333333333336
NIC,1967,25.957916666666666,12,0.3173333333333333
NIC,1968,25.778750000000002,12,0.434
NIC,1969,26.364166666666666,12,0.5375
NIC,1970,25.990916666666667,12,0.44658333333333333
NIC,1971,25.902333333333335,12,0.4599166666666667
NIC,1972,26.449416666666668,12,0.309
NIC,1973,26.382416666666668,12,0.3036666666666667
NIC,1974,25.91633333333333,12,0.30866666666666664
NIC,1975,25.998083333333337,12,0.2739166666666667
NIC,1976,26.05816666666667,12,0.27008333333333334
NIC,1977,26.537916666666664,12,0.24716666666666667
NIC,1978,26.362750000000002,12,0.26599999999999996
NIC,1979,26.34883333333333,12,0.27475
NIC,1980,26.310000000000002,12,0.29483333333333334
NIC,1981,26.099166666666665,12,0.3698333333333333
NIC,1982,26.38775,12,0.3865833333333333
NIC,1983,26.845916666666668,12,0.32008333333333333
NIC,1984,26.141000000000002,12,0.31675000000000003
NIC,1985,26.21483333333333,12,0.35133333333333333
NIC,1986,26.244,12,0.3725
NIC,1987,26.946083333333334,12,0.435
NIC,1988,26.524583333333336,12,0.3345833333333333
NIC,1989,26.15525,12,0.3658333333333333
NIC,1990,26.55475,12,0.3615833333333333
NIC,1991,26.610249999999997,12,0.2715
NIC,1992,26.73125,12,0.3990833333333333
NIC,1993,26.61125,12,0.34166666666666673
NIC,1994,26.86691666666667,12,0.32333333333333336
NIC,1995,26.92175,12,0.4146666666666667
NIC,1996,26.409750000000003,12,0.3385833333333333
NIC,1997,27.026833333333332,12,0.4136666666666667
NIC,1998,27.39625,12,0.33158333333333334
NIC,1999,26.459999999999997,12,0.32966666666666666
NIC,2000,26.381333333333334,12,0.29333333333333333
NIC,2001,26.41,12,0.2926666666666667
NIC,2002,26.664916666666667,12,0.30966666666666665
NIC,2003,26.93225,12,0.32575
NIC,2004,26.778583333333334,12,0.2689166666666667
NIC,2005,26.8385,12,0.26208333333333333
NIC,2006,26.936083333333332,12,0.26416666666666666
NIC,2007,26.823083333333333,12,0.3638333333333333
NIC,2008,26.388500000000004,12,0.26266666666666666
NIC,2009,26.781666666666666,12,0.3036666666666667
NIU,1960,25.228333333333335,12,0.4725
NIU,1961,25.38508333333333,12,0.39275
NIU,1962,25.03533333333333,12,0.37316666666666665
NIU,1963,25.008,12,0.4535
NIU,1964,25.344916666666666,12,0.4246666666666667
NIU,1965,24.71766666666667,12,0.46491666666666664
NIU,1966,25.13475,12,0.42074999999999996
NIU,1967,25.159833333333335,12,0.40616666666666673
NIU,1968,25.054583333333337,12,0.5158333333333334
NIU,1969,25.06775,12,0.42783333333333334
NIU,1970,25.46675,12,0.48208333333333336
NIU,1971,25.102083333333336,12,0.6444166666666667
NIU,1972,25.212999999999997,12,0.3698333333333334
NIU,1973,25.894583333333333,12,0.33325
NIU,1974,25.508166666666668,12,0.3615
NIU,1975,25.518,12,0.42524999999999996
NIU,1976,25.06266666666667,12,0.467
NIU,1977,25.258333333333336,12,0.51425
NIU,1978,25.17725,12,0.4940833333333334
NIU,1979,25.29925,12,0.3586666666666667
NIU,1980,25.37075,12,0.4454166666666666
NIU,1981,25.26825,12,0.5333333333333333
NIU,1982,25.160666666666668,12,0.5378333333333333
NIU,1983,25.47758333333333,12,0.36025
NIU,1984,25.501416666666668,12,0.28675
NIU,1985,25.444166666666664,12,0.30475
NIU,1986,25.287833333333335,12,0.3475
NIU,1987,25.017916666666668,12,0.3561666666666667
NIU,1988,25.895416666666666,12,0.36341666666666667
NIU,1989,25.484666666666666,12,0.365
NIU,1990,25.658416666666668,12,0.4414166666666666
NIU,1991,25.587999999999997,12,0.24050000000000002
NIU,1992,25.494,12,0.3113333333333333
NIU,1993,25.224833333333333,12,0.29983333333333334
NIU,1994,25.302333333333333,12,0.32666666666666666
NIU,1995,25.71258333333333,12,0.31683333333333336
NIU,1996,25.713250000000002,12,0.3429166666666667
NIU,1997,25.247583333333335,12,0.31275000000000003
NIU,1998,25.804333333333332,12,0.58
NIU,1999,25.683166666666665,12,0.4143333333333334
NIU,2000,25.80575,12,0.4965833333333333
NIU,2001,25.807083333333335,12,0.4895833333333333
NIU,2002,25.987,12,0.44225000000000003
NIU,2003,25.687083333333334,12,0.6749999999999999
NIU,2004,25.84058333333333,12,0.92775
NIU,2005,25.6995,12,0.38691666666666663
NIU,2006,25.46475,12,0.5431666666666667
NIU,2007,25.98975,12,0.442
NIU,2008,25.617416666666667,12,0.6709166666666667
NIU,2009,25.108999999999998,12,0.4266666666666667
NLD,1960,10.024666666666667,12,0.24808333333333332
NLD,1961,10.326833333333333,12,0.2693333333333333
NLD,1962,8.564,12,0.26566666666666666
NLD,1963,8.263166666666667,12,0.2615
NLD,1964,9.553166666666668,12,0.2304166666666667
NLD,1965,9.111583333333334,12,0.24275
NLD,1966,9.827833333333333,12,0.28150000000000003
NLD,1967,10.293666666666667,12,0.2743333333333333
NLD,1968,9.549916666666666,12,0.21366666666666667
NLD,1969,9.533583333333334,12,0.22574999999999998
NLD,1970,9.4315,12,0.22516666666666665
NLD,1971,9.901833333333334,12,0.22866666666666668
NLD,1972,9.366166666666667,12,0.26166666666666666
NLD,1973,9.848333333333334,12,0.23008333333333333
NLD,1974,10.12575,12,0.24741666666666665
NLD,1975,10.260833333333334,12,0.2514166666666667
NLD,1976,10.16475,12,0.2333333333333333
NLD,1977,10.037333333333333,12,0.23116666666666666
NLD,1978,9.344416666666666,12,0.24916666666666668
NLD,1979,8.885416666666666,12,0.22616666666666665
NLD,1980,9.464916666666667,12,0.1795
NLD,1981,9.639916666666666,12,0.23275
NLD,1982,10.33625,12,0.20241666666666666
NLD,1983,10.357416666666667,12,0.1900833333333333
NLD,1984,9.697416666666667,12,0.19741666666666668
NLD,1985,8.828,12,0.23116666666666666
NLD,1986,9.215083333333334,12,0.21425000000000002
NLD,1987,9.042416666666666,12,0.20174999999999998
NLD,1988,10.537166666666666,12,0.18525
NLD,1989,10.932,12,0.21791666666666665
NLD,1990,11.000333333333332,12,0.24
NLD,1991,9.75125,12,0.1895
NLD,1992,10.752166666666668,12,0.27525
NLD,1993,9.8475,12,0.19316666666666668
NLD,1994,10.842,12,0.1950833333333333
NLD,1995,10.594666666666667,12,0.19099999999999998
NLD,1996,8.739333333333333,12,0.17908333333333334
NLD,1997,10.409416666666667,12,0.18825
NLD,1998,10.518583333333334,12,0.17425000000000002
NLD,1999,11.086166666666665,12,0.18841666666666668
NLD,2000,11.103499999999999,12,0.21141666666666667
NLD,2001,10.579,12,0.19574999999999998
NLD,2002,11.015500000000001,12,0.18075
NLD,2003,10.699833333333332,12,0.2555
NLD,2004,10.6275,12,0.20241666666666666
NLD,2005,10.823666666666666,12,0.1745833333333333
NLD,2006,11.291333333333334,12,0.22191666666666665
NLD,2007,11.388416666666666,12,0.18883333333333333
NLD,2008,10.794583333333334,12,0.19183333333333333
NLD,2009,10.707166666666668,12,0.20725000000000002
NOR,1960,0.5800000000000002,12,0.3265
NOR,1961,1.0905833333333337,12,0.35233333333333333
NOR,1962,-0.45425000000000004,12,0.3738333333333333
NOR,1963,-0.18341666666666634,12,0.3453333333333333
NOR,1964,0.6056666666666667,12,0.3155
NOR,1965,-0.338166666666667,12,0.371
NOR,1966,-1.0486666666666666,12,0.3710833333333334
NOR,1967,0.4153333333333336,12,0.3299166666666667
NOR,1968,-0.6878333333333332,12,0.3779166666666667
NOR,1969,-0.14200000000000013,12,0.32725
NOR,1970,-0.24441666666666664,12,0.3115
NOR,1971,0.19383333333333339,12,0.32616666666666666
NOR,1972,1.3808333333333334,12,0.3165833333333333
NOR,1973,0.4227499999999999,12,0.30258333333333337
NOR,1974,1.6321666666666663,12,0.2755
NOR,1975,1.01175,12,0.32475000000000004
NOR,1976,0.2748333333333335,12,0.272
NOR,1977,-0.00674999999999996,12,0.30525
NOR,1978,-0.45358333333333317,12,0.3164166666666666
NOR,1979,-0.4742499999999996,12,0.3070833333333333
NOR,1980,-0.1468333333333335,12,0.30633333333333335
NOR,1981,-0.6071666666666666,12,0.30533333333333335
NOR,1982,0.49774999999999997,12,0.2866666666666667
NOR,1983,0.6679999999999996,12,0.24716666666666665
NOR,1984,1.2836666666666665,12,0.26725
NOR,1985,-0.5793333333333334,12,0.29825
NOR,1986,-0.04241666666666655,12,0.29075
NOR,1987,-0.4872499999999998,12,0.25716666666666665
NOR,1988,0.38900000000000007,12,0.28150000000000003
NOR,1989,1.4923333333333335,12,0.26591666666666663
NOR,1990,2.0665,12,0.29058333333333336
NOR,1991,1.1335,12,0.2588333333333333
NOR,1992,1.2961666666666665,12,0.32966666666666666
NOR,1993,0.4189999999999999,12,0.27616666666666667
NOR,1994,0.4645000000000004,12,0.2818333333333333
NOR,1995,0.5060000000000002,12,0.29725
NOR,1996,0.25566666666666665,12,0.26791666666666664
NOR,1997,1.04375,12,0.2788333333333333
NOR,1998,0.46541666666666687,12,0.2678333333333333
NOR,1999,1.2797500000000002,12,0.28158333333333335
NOR,2000,1.7969166666666663,12,0.31124999999999997
NOR,2001,0.7025000000000001,12,0.286
NOR,2002,1.37075,12,0.28791666666666665
NOR,2003,1.2833333333333334,12,0.36308333333333337
NOR,2004,1.5249166666666663,12,0.28241666666666665
NOR,2005,1.8073333333333332,12,0.2966666666666667
NOR,2006,2.256666666666667,12,0.30416666666666664
NOR,2007,1.7515833333333333,12,0.3026666666666667
NOR,2008,1.6424999999999998,12,0.30416666666666664
NOR,2009,1.3854999999999997,12,0.32858333333333334
NPL,1960,15.314583333333333,12,0.4056666666666667
NPL,1961,14.808583333333333,12,0.4234166666666666
NPL,1962,14.750749999999998,12,0.4630833333333333
NPL,1963,14.905916666666668,12,0.38925000000000004
NPL,1964,15.207166666666666,12,0.42375
NPL,1965,14.737,12,0.4294166666666667
NPL,1966,15.390749999999999,12,0.47025
NPL,1967,14.769,12,0.39691666666666664
NPL,1968,14.615083333333336,12,0.48241666666666666
NPL,1969,15.399500000000002,12,0.4746666666666666
NPL,1970,15.086583333333335,12,0.3566666666666667
NPL,1971,14.408416666666668,12,0.3775
NPL,1972,15.07691666666667,12,0.42850000000000005
NPL,1973,15.211583333333332,12,0.3795
NPL,1974,15.229416666666667,12,0.345
NPL,1975,14.9505,12,0.4026666666666667
NPL,1976,15.13991666666667,12,0.3685
NPL,1977,15.137250000000002,12,0.4266666666666667
NPL,1978,14.663916666666667,12,0.5373333333333333
NPL,1979,15.387749999999999,12,0.32316666666666666
NPL,1980,15.299333333333335,12,0.46449999999999997
NPL,1981,14.907583333333335,12,0.45875
NPL,1982,14.893750000000002,12,0.5417500000000001
NPL,1983,14.480916666666666,12,0.4533333333333333
NPL,1984,15.277583333333332,12,0.5195
NPL,1985,15.540666666666668,12,0.44125
NPL,1986,14.932916666666669,12,0.4395
NPL,1987,15.570500000000001,12,0.52525
NPL,1988,15.552000000000001,12,0.4875833333333333
NPL,1989,15.03575,12,0.44658333333333333
NPL,1990,15.272333333333334,12,0.44375000000000003
NPL,1991,15.135,12,0.4175
NPL,1992,15.075583333333334,12,0.3893333333333333
NPL,1993,15.276250000000003,12,0.40375
NPL,1994,15.45825,12,0.4539166666666667
NPL,1995,15.453333333333333,12,0.48
NPL,1996,15.459833333333336,12,0.38433333333333336
NPL,1997,14.691916666666666,12,0.44741666666666663
NPL,1998,15.577750000000002,12,0.4136666666666667
NPL,1999,15.944583333333334,12,0.3365
NPL,2000,15.279333333333334,12,0.37766666666666665
NPL,2001,15.59025,12,0.37733333333333335
NPL,2002,15.648666666666669,12,0.35975
NPL,2003,15.47025,12,0.3915
NPL,2004,15.551833333333335,12,0.3879166666666667
NPL,2005,15.616166666666667,12,0.35958333333333337
NPL,2006,16.056,12,0.383
NPL,2007,15.657083333333333,12,0.37725000000000003
NPL,2008,15.409083333333333,12,0.4701666666666666
NPL,2009,16.077,12,0.3819166666666667
NZL,1960,10.554666666666668,12,0.30766666666666664
NZL,1961,10.535666666666666,12,0.31975000000000003
NZL,1962,11.149166666666666,12,0.30591666666666667
NZL,1963,10.249833333333333,12,0.2941666666666667
NZL,1964,10.394166666666667,12,0.29333333333333333
NZL,1965,10.144333333333334,12,0.34600000000000003
NZL,1966,10.394916666666665,12,0.30491666666666667
NZL,1967,10.504416666666666,12,0.3115
NZL,1968,10.511249999999999,12,0.3914166666666667
NZL,1969,10.449333333333334,12,0.3116666666666667
NZL,1970,11.149416666666667,12,0.3165833333333333
NZL,1971,11.25175,12,0.306
NZL,1972,10.55625,12,0.29183333333333333
NZL,1973,10.935583333333334,12,0.3096666666666667
NZL,1974,11.063749999999999,12,0.2956666666666667
NZL,1975,10.96725,12,0.30641666666666667
NZL,1976,10.14175,12,0.32775
NZL,1977,10.130416666666667,12,0.2509166666666667
NZL,1978,11.04275,12,0.253
NZL,1979,10.848833333333333,12,0.25733333333333336
NZL,1980,10.599666666666666,12,0.2665
NZL,1981,11.0525,12,0.28325
NZL,1982,10.365333333333334,12,0.2604166666666667
NZL,1983,10.295,12,0.22558333333333333
NZL,1984,10.963833333333334,12,0.21858333333333335
NZL,1985,11.030499999999998,12,0.2775
NZL,1986,10.943249999999999,12,0.27066666666666667
NZL,1987,11.034166666666666,12,0.2505833333333333
NZL,1988,11.093416666666668,12,0.2860833333333333
NZL,1989,11.279833333333334,12,0.26825
NZL,1990,11.269333333333334,12,0.32116666666666666
NZL,1991,10.534333333333334,12,0.26458333333333334
NZL,1992,9.936166666666667,12,0.29975
NZL,1993,10.23825,12,0.3288333333333333
NZL,1994,10.542250000000001,12,0.29391666666666666
NZL,1995,10.821083333333334,12,0.23908333333333331
NZL,1996,10.7435,12,0.2525
NZL,1997,10.542,12,0.2623333333333333
NZL,1998,11.633000000000001,12,0.27691666666666664
NZL,1999,11.612250000000001,12,0.22758333333333333
NZL,2000,11.115583333333333,12,0.23483333333333334
NZL,2001,11.191083333333333,12,0.21108333333333332
NZL,2002,10.997583333333333,12,0.28608333333333336
NZL,2003,10.930250000000001,12,0.30666666666666664
NZL,2004,10.475416666666666,12,0.24758333333333335
NZL,2005,11.375416666666666,12,0.20133333333333334
NZL,2006,10.703833333333334,12,0.26666666666666666
NZL,2007,11.085166666666666,12,0.20025
NZL,2008,11.171666666666667,12,0.25133333333333335
NZL,2009,10.653583333333334,12,0.23008333333333333
OMN,1960,26.942833333333336,12,0.7000000000000001
OMN,1961,27.063166666666664,12,0.7913333333333333
OMN,1962,26.925833333333333,12,0.6906666666666667
OMN,1963,26.920333333333332,12,0.6635833333333333
OMN,1964,26.522583333333333,12,0.6965
OMN,1965,26.852166666666665,12,0.6455
OMN,1966,26.94366666666667,12,0.7394166666666667
OMN,1967,26.81533333333333,12,0.9190833333333334
OMN,1968,26.728166666666667,12,0.75875
OMN,1969,27.386,12,0.5625833333333333
OMN,1970,27.2325,12,0.6709999999999999
OMN,1971,26.803916666666666,12,0.8293333333333334
OMN,1972,26.881,12,0.6785
OMN,1973,26.764583333333334,12,0.7370833333333334
OMN,1974,26.89316666666667,12,0.5511666666666667
OMN,1975,26.596333333333334,12,0.8704999999999999
OMN,1976,26.945000000000004,12,1.2175
OMN,1977,27.66525,12,0.6395000000000001
OMN,1978,27.283500000000004,12,0.6706666666666666
OMN,1979,27.079666666666668,12,0.5883333333333333
OMN,1980,27.41291666666667,12,0.8500833333333334
OMN,1981,27.261750000000003,12,0.653
OMN,1982,26.7765,12,0.5143333333333333
OMN,1983,26.59466666666667,12,0.9239166666666666
OMN,1984,26.547250000000002,12,0.8240833333333334
OMN,1985,26.809833333333334,12,0.5681666666666666
OMN,1986,26.846666666666668,12,0.6365833333333334
OMN,1987,27.280500000000004,12,0.74675
OMN,1988,27.276833333333332,12,0.4258333333333333
OMN,1989,26.674666666666667,12,0.4093333333333333
OMN,1990,27.4445,12,0.4686666666666666
OMN,1991,27.010833333333338,12,0.4455
OMN,1992,26.738916666666668,12,0.50325
OMN,1993,27.368583333333333,12,0.4444166666666667
OMN,1994,27.756083333333336,12,0.465
OMN,1995,27.3235,12,0.48700000000000004
OMN,1996,27.173583333333337,12,0.8075
OMN,1997,27.346500000000002,12,0.5195833333333333
OMN,1998,28.18675,12,0.7309166666666668
OMN,1999,28.11283333333333,12,0.57875
OMN,2000,27.922416666666667,12,0.5254166666666666
OMN,2001,28.083333333333332,12,0.44875
OMN,2002,27.99416666666667,12,0.5168333333333334
OMN,2003,28.269000000000002,12,0.45216666666666666
OMN,2004,28.12516666666667,12,0.5384166666666667
OMN,2005,28.07375,12,0.37766666666666665
OMN,2006,28.044833333333333,12,0.40441666666666665
OMN,2007,28.363,12,0.37083333333333335
OMN,2008,27.75191666666667,12,0.39291666666666664
OMN,2009,28.3425,12,0.41733333333333333
PAK,1960,20.731333333333335,12,0.32466666666666666
PAK,1961,20.376833333333334,12,0.27858333333333335
PAK,1962,20.43916666666667,12,0.29
PAK,1963,21.251083333333334,12,0.26408333333333334
PAK,1964,20.141833333333334,12,0.26566666666666666
PAK,1965,20.495166666666666,12,0.30383333333333334
PAK,1966,20.564583333333335,12,0.25916666666666666
PAK,1967,20.348583333333334,12,0.27391666666666664
PAK,1968,20.341833333333334,12,0.2554166666666667
PAK,1969,21.034166666666668,12,0.25116666666666665
PAK,1970,21.189333333333334,12,0.2785
PAK,1971,20.96625,12,0.293
PAK,1972,20.100166666666667,12,0.2806666666666667
PAK,1973,20.739583333333332,12,0.32741666666666663
PAK,1974,20.435166666666667,12,0.2800833333333333
PAK,1975,20.114583333333336,12,0.29591666666666666
PAK,1976,20.374916666666667,12,0.2788333333333333
PAK,1977,21.189333333333334,12,0.3353333333333333
PAK,1978,20.74325,12,0.3136666666666667
PAK,1979,20.763083333333334,12,0.28975
PAK,1980,21.41125,12,0.309
PAK,1981,21.205333333333332,12,0.32083333333333336
PAK,1982,20.509416666666667,12,0.3224166666666667
PAK,1983,20.57283333333333,12,0.30016666666666664
PAK,1984,20.875083333333333,12,0.3365833333333333
PAK,1985,21.28275,12,0.2990833333333333
PAK,1986,20.640583333333336,12,0.2783333333333333
PAK,1987,21.436833333333336,12,0.2585
PAK,1988,21.812250000000002,12,0.26908333333333334
PAK,1989,20.650000000000002,12,0.32808333333333334
PAK,1990,21.376416666666668,12,0.3226666666666667
PAK,1991,20.901333333333337,12,0.33816666666666667
PAK,1992,20.7085,12,0.34191666666666665
PAK,1993,21.444833333333335,12,0.36175
PAK,1994,21.163083333333333,12,0.30791666666666667
PAK,1995,21.073916666666666,12,0.27375
PAK,1996,20.933833333333332,12,0.27175
PAK,1997,20.73875,12,0.371
PAK,1998,21.66275,12,0.35083333333333333
PAK,1999,21.863,12,0.31083333333333335
PAK,2000,21.8225,12,0.306
PAK,2001,21.93041666666667,12,0.35525
PAK,2002,22.025499999999997,12,0.2900833333333333
PAK,2003,21.432083333333335,12,0.35041666666666665
PAK,2004,22.143083333333333,12,0.305
PAK,2005,21.27241666666667,12,0.317
PAK,2006,21.636916666666668,12,0.37274999999999997
PAK,2007,21.690916666666666,12,0.20225
PAK,2008,21.53516666666667,12,0.207
PAK,2009,21.911416666666668,12,0.21999999999999997
PAN,1960,26.494666666666664,12,0.29775
PAN,1961,26.481583333333333,12,0.3209166666666667
PAN,1962,26.40125,12,0.3555
PAN,1963,26.44725,12,0.4370833333333333
PAN,1964,26.544083333333333,12,0.42625
PAN,1965,26.49966666666667,12,0.38075
PAN,1966,26.576083333333333,12,0.307
PAN,1967,26.232333333333333,12,0.2940833333333333
PAN,1968,26.310000000000002,12,0.29058333333333336
PAN,1969,26.720166666666668,12,0.4335833333333334
PAN,1970,26.415166666666668,12,0.342
PAN,1971,26.02025,12,0.36400000000000005
PAN,1972,26.701916666666666,12,0.3581666666666667
PAN,1973,26.568916666666667,12,0.3481666666666667
PAN,1974,26.21066666666667,12,0.36600000000000005
PAN,1975,26.139499999999998,12,0.33666666666666667
PAN,1976,26.48625,12,0.4028333333333334
PAN,1977,26.71675,12,0.4246666666666667
PAN,1978,26.4725,12,0.36033333333333334
PAN,1979,26.652,12,0.35375
PAN,1980,26.65925,12,0.4779166666666666
PAN,1981,26.655833333333334,12,0.47658333333333336
PAN,1982,26.779083333333332,12,0.35958333333333337
PAN,1983,27.250666666666664,12,0.36533333333333334
PAN,1984,26.320999999999998,12,0.3425
PAN,1985,26.41616666666667,12,0.3244166666666667
PAN,1986,26.698166666666665,12,0.3755
PAN,1987,27.222583333333333,12,0.3764166666666667
PAN,1988,26.62816666666667,12,0.2604166666666667
PAN,1989,26.526416666666666,12,0.2905
PAN,1990,26.92533333333333,12,0.3235
PAN,1991,27.068083333333334,12,0.3758333333333333
PAN,1992,27.108500000000003,12,0.4940833333333334
PAN,1993,26.937,12,0.3461666666666667
PAN,1994,27.006,12,0.3403333333333334
PAN,1995,26.958083333333335,12,0.2891666666666667
PAN,1996,26.668333333333333,12,0.37225
PAN,1997,27.412916666666664,12,0.3750833333333334
PAN,1998,27.547416666666667,12,0.3581666666666667
PAN,1999,26.425250000000002,12,0.2574166666666667
PAN,2000,26.711833333333335,12,0.26933333333333337
PAN,2001,26.665833333333335,12,0.42133333333333334
PAN,2002,27.207000000000004,12,0.336
PAN,2003,27.248416666666667,12,0.3541666666666667
PAN,2004,27.10591666666667,12,0.3239166666666667
PAN,2005,27.084999999999997,12,0.3701666666666667
PAN,2006,27.13175,12,0.32716666666666666
PAN,2007,27.059416666666667,12,0.3774166666666667
PAN,2008,26.800666666666668,12,0.31708333333333333
PAN,2009,27.269750000000002,12,0.31858333333333333
PER,1960,19.96925,12,0.299
PER,1961,20.087500000000002,12,0.23908333333333331
PER,1962,19.95425,12,0.3418333333333334
PER,1963,20.148833333333332,12,0.3
PER,1964,19.953166666666668,12,0.2350833333333333
PER,1965,20.264916666666668,12,0.3065833333333333
PER,1966,20.240583333333333,12,0.23691666666666666
PER,1967,19.964000000000002,12,0.26025
PER,1968,19.952666666666666,12,0.222
PER,1969,20.588833333333334,12,0.252
PER,1970,20.141333333333332,12,0.2529166666666667
PER,1971,19.803250000000002,12,0.2373333333333333
PER,1972,20.532,12,0.24833333333333332
PER,1973,20.1495,12,0.26266666666666666
PER,1974,19.729333333333333,12,0.3214166666666667
PER,1975,19.780250000000002,12,0.3
PER,1976,19.877916666666668,12,0.267
PER,1977,20.18075,12,0.24775
PER,1978,20.083000000000002,12,0.24191666666666667
PER,1979,20.233166666666666,12,0.23708333333333334
PER,1980,20.332583333333336,12,0.23374999999999999
PER,1981,20.04341666666667,12,0.2558333333333333
PER,1982,20.270583333333335,12,0.2940833333333333
PER,1983,21.088916666666666,12,0.3954166666666667
PER,1984,20.1245,12,0.28241666666666665
PER,1985,20.03175,12,0.3400833333333333
PER,1986,20.1345,12,0.27908333333333335
PER,1987,20.867250000000002,12,0.27475
PER,1988,20.250083333333333,12,0.30733333333333335
PER,1989,20.017166666666668,12,0.2945
PER,1990,20.233083333333333,12,0.30933333333333335
PER,1991,20.50425,12,0.24841666666666665
PER,1992,20.836583333333333,12,0.37474999999999997
PER,1993,20.5025,12,0.31916666666666665
PER,1994,20.530583333333336,12,0.27666666666666667
PER,1995,20.686,12,0.26508333333333334
PER,1996,20.115,12,0.26716666666666666
PER,1997,20.936583333333335,12,0.35441666666666666
PER,1998,21.181833333333334,12,0.3184166666666666
PER,1999,20.06775,12,0.2818333333333333
PER,2000,20.231916666666667,12,0.36041666666666666
PER,2001,20.22575,12,0.30633333333333335
PER,2002,20.536,12,0.33841666666666664
PER,2003,20.485583333333334,12,0.3264166666666667
PER,2004,20.443083333333334,12,0.35633333333333334
PER,2005,20.45058333333333,12,0.4205833333333333
PER,2006,20.541,12,0.36800000000000005
PER,2007,20.191666666666666,12,0.3765833333333333
PER,2008,20.226416666666665,12,0.3406666666666667
PER,2009,20.523083333333336,12,0.4019166666666667
PHL,1960,26.8445,12,0.2554166666666667
PHL,1961,26.6955,12,0.21466666666666667
PHL,1962,26.626166666666666,12,0.27708333333333335
PHL,1963,26.485333333333333,12,0.21258333333333335
PHL,1964,26.719083333333334,12,0.24116666666666664
PHL,1965,26.560666666666666,12,0.27216666666666667
PHL,1966,26.963583333333332,12,0.23083333333333333
PHL,1967,26.57375,12,0.24250000000000002
PHL,1968,26.71375,12,0.22433333333333336
PHL,1969,27.018083333333333,12,0.21683333333333335
PHL,1970,27.001333333333335,12,0.20083333333333334
PHL,1971,26.39975,12,0.24391666666666667
PHL,1972,26.77208333333333,12,0.28125
PHL,1973,26.988583333333334,12,0.24766666666666667
PHL,1974,26.631833333333333,12,0.25866666666666666
PHL,1975,26.726,12,0.27508333333333335
PHL,1976,26.571,12,0.2525
PHL,1977,26.8245,12,0.24791666666666667
PHL,1978,26.664333333333335,12,0.23124999999999998
PHL,1979,26.832250000000002,12,0.23216666666666666
PHL,1980,26.771,12,0.19525
PHL,1981,26.830083333333334,12,0.23666666666666666
PHL,1982,26.751583333333333,12,0.23516666666666666
PHL,1983,27.103416666666664,12,0.2115
PHL,1984,26.669083333333333,12,0.23925
PHL,1985,26.902833333333334,12,0.24408333333333335
PHL,1986,26.79125,12,0.22291666666666665
PHL,1987,27.30191666666667,12,0.204
PHL,1988,27.190083333333334,12,0.20458333333333334
PHL,1989,26.732166666666668,12,0.23199999999999998
PHL,1990,26.932333333333332,12,0.22975
PHL,1991,26.79341666666667,12,0.2048333333333333
PHL,1992,26.9015,12,0.23233333333333336
PHL,1993,26.846333333333334,12,0.20299999999999999
PHL,1994,26.831333333333333,12,0.18533333333333332
PHL,1995,26.82641666666667,12,0.19641666666666666
PHL,1996,26.887916666666666,12,0.19175
PHL,1997,26.976333333333333,12,0.18008333333333335
PHL,1998,27.779416666666666,12,0.20225
PHL,1999,26.925750000000004,12,0.19666666666666666
PHL,2000,27.00975,12,0.20641666666666666
PHL,2001,27.104250000000004,12,0.18441666666666667
PHL,2002,27.083166666666667,12,0.19891666666666666
PHL,2003,27.014833333333332,12,0.253
PHL,2004,27.089833333333335,12,0.21308333333333332
PHL,2005,27.144333333333336,12,0.22125000000000003
PHL,2006,27.178083333333333,12,0.22316666666666665
PHL,2007,27.162000000000003,12,0.1915
PHL,2008,26.87575,12,0.19533333333333333
PHL,2009,27.008750000000003,12,0.21325000000000002
PLW,1960,27.457666666666668,12,0.30975
PLW,1961,27.17175,12,0.3715833333333333
PLW,1962,27.245,12,0.34674999999999995
PLW,1963,27.42916666666667,12,0.5370833333333334
PLW,1964,27.171666666666667,12,0.42825
PLW,1965,27.300833333333333,12,0.6036666666666667
PLW,1966,27.414333333333335,12,0.315
PLW,1967,27.356916666666667,12,0.33141666666666664
PLW,1968,27.504,12,0.31466666666666665
PLW,1969,27.496583333333334,12,0.291
PLW,1970,27.634583333333335,12,0.28375
PLW,1971,27.3655,12,0.27608333333333335
PLW,1972,27.462333333333333,12,0.27975
PLW,1973,27.668916666666664,12,0.29991666666666666
PLW,1974,27.481666666666666,12,0.2900833333333333
PLW,1975,27.3145,12,0.4271666666666667
PLW,1976,27.45025,12,0.28958333333333336
PLW,1977,27.563333333333333,12,0.34808333333333336
PLW,1978,27.419083333333337,12,0.25808333333333333
PLW,1979,27.475250000000003,12,0.2791666666666667
PLW,1980,27.452833333333334,12,0.24791666666666667
PLW,1981,27.557333333333332,12,0.4088333333333333
PLW,1982,27.541416666666667,12,0.3458333333333334
PLW,1983,27.70866666666667,12,0.40066666666666667
PLW,1984,27.638583333333333,12,0.27199999999999996
PLW,1985,27.45266666666667,12,0.3393333333333333
PLW,1986,27.76908333333333,12,0.41241666666666665
PLW,1987,27.741250000000004,12,0.42875
PLW,1988,27.706916666666668,12,0.39491666666666664
PLW,1989,27.6095,12,0.6285833333333334
PLW,1990,27.676916666666667,12,0.5555833333333333
PLW,1991,27.59958333333333,12,0.3790833333333334
PLW,1992,27.539083333333334,12,0.41725000000000007
PLW,1993,27.484583333333333,12,0.3790833333333334
PLW,1994,27.616500000000002,12,0.44075
PLW,1995,27.634083333333333,12,0.4114166666666667
PLW,1996,27.701583333333332,12,0.29933333333333334
PLW,1997,27.798083333333334,12,0.78425
PLW,1998,28.006416666666667,12,0.252
PLW,1999,27.66633333333333,12,0.26091666666666663
PLW,2000,27.690749999999998,12,0.3998333333333333
PLW,2001,27.758583333333334,12,0.24583333333333335
PLW,2002,27.801833333333335,12,0.33666666666666667
PLW,2003,27.629583333333333,12,0.35400000000000004
PLW,2004,27.88891666666667,12,0.4298333333333333
PLW,2005,27.71875,12,0.3146666666666667
PLW,2006,27.81441666666667,12,0.30258333333333337
PLW,2007,27.84275,12,0.2353333333333333
PLW,2008,27.62575,12,0.27591666666666664
PLW,2009,27.716916666666666,12,0.30691666666666667
PNG,1960,24.46083333333333,12,0.27599999999999997
PNG,1961,24.233333333333334,12,0.3374166666666667
PNG,1962,24.54975,12,0.38375
PNG,1963,24.471666666666668,12,0.27391666666666664
PNG,1964,24.599833333333333,12,0.2718333333333333
PNG,1965,24.034333333333333,12,0.4215
PNG,1966,24.481166666666667,12,0.32558333333333334
PNG,1967,24.334333333333333,12,0.26516666666666666
PNG,1968,24.4845,12,0.22424999999999998
PNG,1969,24.69775,12,0.2675
PNG,1970,24.76875,12,0.3445833333333333
PNG,1971,24.56375,12,0.32475
PNG,1972,24.2855,12,0.31616666666666665
PNG,1973,24.798916666666667,12,0.32408333333333333
PNG,1974,24.586083333333335,12,0.29125
PNG,1975,24.637666666666664,12,0.34474999999999995
PNG,1976,24.364166666666666,12,0.40358333333333335
PNG,1977,24.46825,12,0.24991666666666665
PNG,1978,24.742500000000003,12,0.40208333333333335
PNG,1979,24.705083333333334,12,0.3746666666666667
PNG,1980,24.745166666666666,12,0.3309166666666667
PNG,1981,24.870333333333335,12,0.30091666666666667
PNG,1982,24.517583333333334,12,0.3378333333333334
PNG,1983,24.970166666666668,12,0.3678333333333333
PNG,1984,24.7435,12,0.25975
PNG,1985,24.722083333333334,12,0.27491666666666664
PNG,1986,24.874916666666667,12,0.2848333333333333
PNG,1987,24.950916666666668,12,0.247
PNG,1988,25.166750000000004,12,0.2514166666666667
PNG,1989,24.892,12,0.26666666666666666
PNG,1990,24.93675,12,0.27858333333333335
PNG,1991,24.726166666666668,12,0.25758333333333333
PNG,1992,24.831083333333336,12,0.34933333333333333
PNG,1993,24.673750000000002,12,0.3618333333333334
PNG,1994,24.694833333333335,12,0.2985
PNG,1995,24.983999999999998,12,0.28158333333333335
PNG,1996,25.042333333333332,12,0.22333333333333336
PNG,1997,24.767500000000002,12,0.35333333333333333
PNG,1998,25.419750000000004,12,0.31925
PNG,1999,24.919833333333333,12,0.22841666666666668
PNG,2000,24.941999999999997,12,0.2684166666666667
PNG,2001,25.054666666666666,12,0.31316666666666665
PNG,2002,25.096333333333334,12,0.28833333333333333
PNG,2003,25.066833333333335,12,0.3135
PNG,2004,24.908916666666666,12,0.3778333333333333
PNG,2005,25.03375,12,0.314
PNG,2006,24.739,12,0.3463333333333333
PNG,2007,24.882666666666665,12,0.3775
PNG,2008,24.775916666666664,12,0.32875
PNG,2009,24.78316666666667,12,0.41475
POL,1960,7.877166666666667,12,0.3413333333333333
POL,1961,8.537333333333333,12,0.31124999999999997
POL,1962,6.98675,12,0.39724999999999994
POL,1963,6.735083333333333,12,0.34875000000000006
POL,1964,7.253416666666666,12,0.3720833333333333
POL,1965,6.441916666666667,12,0.43933333333333335
POL,1966,8.163666666666666,12,0.369
POL,1967,8.5415,12,0.30033333333333334
POL,1968,7.925916666666667,12,0.3638333333333334
POL,1969,6.655833333333334,12,0.4190833333333333
POL,1970,6.821583333333333,12,0.3685833333333333
POL,1971,7.865166666666667,12,0.2773333333333334
POL,1972,7.77525,12,0.23750000000000002
POL,1973,7.9135,12,0.34041666666666665
POL,1974,8.497916666666667,12,0.33316666666666667
POL,1975,8.88275,12,0.33716666666666667
POL,1976,7.143083333333333,12,0.32016666666666665
POL,1977,8.135333333333334,12,0.2895833333333333
POL,1978,7.11925,12,0.27699999999999997
POL,1979,7.202833333333333,12,0.26366666666666666
POL,1980,6.690416666666667,12,0.24233333333333332
POL,1981,7.844166666666666,12,0.31925
POL,1982,8.4135,12,0.27316666666666667
POL,1983,8.914083333333332,12,0.28241666666666665
POL,1984,7.905333333333334,12,0.27425
POL,1985,6.792166666666667,12,0.27316666666666667
POL,1986,7.459083333333333,12,0.2735
POL,1987,6.574749999999999,12,0.22491666666666665
POL,1988,8.280416666666666,12,0.26999999999999996
POL,1989,9.423416666666666,12,0.3075
POL,1990,9.231666666666667,12,0.2525
POL,1991,7.9446666666666665,12,0.20741666666666667
POL,1992,8.8135,12,0.26058333333333333
POL,1993,7.831083333333333,12,0.2599166666666667
POL,1994,8.921000000000001,12,0.23691666666666666
POL,1995,8.26225,12,0.23033333333333336
POL,1996,6.7684999999999995,12,0.23666666666666666
POL,1997,7.980666666666667,12,0.264
POL,1998,8.315166666666666,12,0.21325000000000002
POL,1999,9.035,12,0.19991666666666666
POL,2000,9.622166666666667,12,0.222
POL,2001,8.333833333333333,12,0.24775
POL,2002,9.171166666666666,12,0.2085
POL,2003,8.385083333333334,12,0.246
POL,2004,8.390500000000001,12,0.26108333333333333
POL,2005,8.4185,12,0.22575
POL,2006,8.799916666666666,12,0.25075
POL,2007,9.418083333333334,12,0.22266666666666665
POL,2008,9.469166666666666,12,0.216
POL,2009,8.652916666666668,12,0.23266666666666666
PRI,1960,26.065416666666668,12,0.292
PRI,1961,25.687083333333334,12,0.21833333333333335
PRI,1962,25.657083333333333,12,0.29283333333333333
PRI,1963,25.937250000000002,12,0.25075
PRI,1964,25.792916666666667,12,0.2353333333333333
PRI,1965,25.376833333333334,12,0.3085833333333334
PRI,1966,25.626333333333335,12,0.21758333333333332
PRI,1967,25.354250000000004,12,0.2568333333333333
PRI,1968,25.419,12,0.22908333333333333
PRI,1969,25.995333333333335,12,0.21383333333333335
PRI,1970,25.6975,12,0.224
PRI,1971,25.36191666666667,12,0.18683333333333332
PRI,1972,25.5705,12,0.208
PRI,1973,25.716416666666664,12,0.22916666666666666
PRI,1974,25.279583333333335,12,0.24033333333333332
PRI,1975,25.34691666666667,12,0.2604166666666667
PRI,1976,25.28516666666667,12,0.2695
PRI,1977,25.778000000000002,12,0.23858333333333334
PRI,1978,25.83975,12,0.24366666666666667
PRI,1979,25.738249999999997,12,0.25166666666666665
PRI,1980,26.199749999999998,12,0.19741666666666666
PRI,1981,26.144333333333336,12,0.21783333333333332
PRI,1982,25.749666666666666,12,0.2255
PRI,1983,26.194083333333335,12,0.24350000000000002
PRI,1984,25.64425,12,0.22008333333333333
PRI,1985,25.587083333333336,12,0.21841666666666668
PRI,1986,25.69458333333333,12,0.225
PRI,1987,26.293333333333333,12,0.21558333333333332
PRI,1988,25.961416666666665,12,0.21408333333333332
PRI,1989,25.617416666666667,12,0.23616666666666666
PRI,1990,25.93975,12,0.24458333333333335
PRI,1991,25.879666666666665,12,0.21266666666666667
PRI,1992,25.89916666666667,12,0.2635
PRI,1993,26.014833333333332,12,0.21533333333333335
PRI,1994,26.130083333333335,12,0.23316666666666666
PRI,1995,26.256583333333335,12,0.24325
PRI,1996,25.858500000000003,12,0.22966666666666666
PRI,1997,26.316000000000003,12,0.2728333333333333
PRI,1998,26.63308333333333,12,0.21999999999999997
PRI,1999,26.05258333333333,12,0.23033333333333336
PRI,2000,25.7865,12,0.24883333333333335
PRI,2001,26.27025,12,0.20966666666666667
PRI,2002,26.482,12,0.27591666666666664
PRI,2003,26.510666666666665,12,0.26516666666666666
PRI,2004,26.099500000000003,12,0.26275
PRI,2005,26.429666666666666,12,0.2501666666666667
PRI,2006,26.452250000000003,12,0.2708333333333333
PRI,2007,26.617833333333333,12,0.22083333333333333
PRI,2008,26.098333333333333,12,0.2585
PRI,2009,26.337999999999997,12,0.2625
PRK,1960,7.487833333333334,12,0.30541666666666667
PRK,1961,7.7010000000000005,12,0.25775
PRK,1962,6.990416666666666,12,0.32575000000000004
PRK,1963,6.696583333333333,12,0.30441666666666667
PRK,1964,7.06325,12,0.33625
PRK,1965,6.566166666666668,12,0.33516666666666667
PRK,1966,6.702333333333333,12,0.24949999999999997
PRK,1967,6.847166666666666,12,0.26258333333333334
PRK,1968,6.991333333333333,12,0.2865833333333333
PRK,1969,6.123083333333334,12,0.28875
PRK,1970,6.606916666666667,12,0.26566666666666666
PRK,1971,6.703083333333333,12,0.22675
PRK,1972,6.962,12,0.26991666666666664
PRK,1973,7.290083333333333,12,0.25858333333333333
PRK,1974,6.4755,12,0.2509166666666667
PRK,1975,7.71075,12,0.2644166666666667
PRK,1976,6.630166666666667,12,0.26866666666666666
PRK,1977,7.246166666666666,12,0.2510833333333333
PRK,1978,7.411583333333333,12,0.24075
PRK,1979,7.6176666666666675,12,0.22566666666666665
PRK,1980,6.392500000000001,12,0.23575
PRK,1981,6.603666666666666,12,0.24941666666666665
PRK,1982,7.59625,12,0.25608333333333333
PRK,1983,7.3875833333333345,12,0.21333333333333335
PRK,1984,6.678166666666667,12,0.26591666666666663
PRK,1985,6.737749999999999,12,0.2510833333333333
PRK,1986,6.581833333333333,12,0.257
PRK,1987,7.116916666666666,12,0.24066666666666667
PRK,1988,7.355499999999999,12,0.22124999999999997
PRK,1989,8.203833333333334,12,0.25225000000000003
PRK,1990,8.179083333333333,12,0.2753333333333334
PRK,1991,7.537,12,0.23516666666666666
PRK,1992,7.602333333333333,12,0.2534166666666667
PRK,1993,7.274083333333333,12,0.23191666666666666
PRK,1994,8.275416666666667,12,0.22383333333333333
PRK,1995,7.512416666666667,12,0.24058333333333334
PRK,1996,7.2660833333333334,12,0.22983333333333333
PRK,1997,7.870333333333332,12,0.2563333333333333
PRK,1998,8.751333333333333,12,0.27675
PRK,1999,8.280666666666667,12,0.2275
PRK,2000,7.5249999999999995,12,0.25858333333333333
PRK,2001,7.727083333333334,12,0.245
PRK,2002,7.925750000000001,12,0.253
PRK,2003,8.054333333333334,12,0.28841666666666665
PRK,2004,8.444,12,0.24508333333333332
PRK,2005,7.3084999999999996,12,0.23983333333333334
PRK,2006,7.940333333333334,12,0.23058333333333333
PRK,2007,8.511166666666666,12,0.22283333333333333
PRK,2008,8.299916666666666,12,0.24908333333333332
PRK,2009,7.789750000000001,12,0.2748333333333333
PRT,1960,14.822000000000001,12,0.32308333333333333
PRT,1961,15.700166666666666,12,0.31416666666666665
PRT,1962,14.931,12,0.31708333333333333
PRT,1963,14.624583333333334,12,0.28091666666666665
PRT,1964,15.1195,12,0.29675
PRT,1965,14.717666666666666,12,0.3090833333333333
PRT,1966,14.995249999999999,12,0.29075
PRT,1967,14.699666666666667,12,0.2694166666666667
PRT,1968,14.927916666666667,12,0.2353333333333333
PRT,1969,14.412999999999998,12,0.2955
PRT,1970,14.75925,12,0.27291666666666664
PRT,1971,14.277000000000001,12,0.29558333333333336
PRT,1972,13.878,12,0.29175
PRT,1973,14.614583333333334,12,0.2589166666666667
PRT,1974,14.383249999999999,12,0.28075
PRT,1975,14.477416666666665,12,0.27608333333333335
PRT,1976,14.590833333333334,12,0.2803333333333333
PRT,1977,14.587666666666665,12,0.25675
PRT,1978,14.826666666666668,12,0.28791666666666665
PRT,1979,14.752083333333333,12,0.27408333333333335
PRT,1980,14.841416666666667,12,0.24008333333333334
PRT,1981,15.4955,12,0.28375
PRT,1982,15.071916666666667,12,0.27108333333333334
PRT,1983,15.07,12,0.2881666666666667
PRT,1984,14.60425,12,0.25908333333333333
PRT,1985,15.154416666666668,12,0.26633333333333337
PRT,1986,14.729999999999999,12,0.27416666666666667
PRT,1987,15.605583333333334,12,0.239
PRT,1988,15.099416666666668,12,0.25925
PRT,1989,16.062083333333334,12,0.29591666666666666
PRT,1990,15.742750000000001,12,0.2841666666666667
PRT,1991,15.232833333333334,12,0.26125
PRT,1992,15.111333333333334,12,0.3525833333333333
PRT,1993,14.520166666666666,12,0.29683333333333334
PRT,1994,15.312833333333332,12,0.272
PRT,1995,16.347416666666668,12,0.28358333333333335
PRT,1996,15.296333333333335,12,0.2530833333333333
PRT,1997,16.267583333333334,12,0.295
PRT,1998,15.644999999999998,12,0.24625
PRT,1999,15.279083333333332,12,0.20458333333333334
PRT,2000,15.393,12,0.25916666666666666
PRT,2001,15.40775,12,0.24475000000000002
PRT,2002,15.463166666666666,12,0.2614166666666667
PRT,2003,15.815833333333332,12,0.25758333333333333
PRT,2004,15.463833333333334,12,0.23766666666666666
PRT,2005,15.536916666666668,12,0.22633333333333336
PRT,2006,16.002583333333334,12,0.2604166666666667
PRT,2007,15.241083333333334,12,0.24791666666666667
PRT,2008,15.270000000000001,12,0.27366666666666667
PRT,2009,15.9835,12,0.25991666666666663
PRY,1960,23.072833333333335,12,0.31525
PRY,1961,24.013416666666668,12,0.3945
PRY,1962,22.896083333333337,12,0.38483333333333336
PRY,1963,24.331,12,0.36225
PRY,1964,23.098,12,0.33575
PRY,1965,23.477666666666668,12,0.35316666666666663
PRY,1966,23.542083333333334,12,0.3495
PRY,1967,23.923083333333334,12,0.422
PRY,1968,23.507333333333335,12,0.39924999999999994
PRY,1969,23.689333333333334,12,0.39841666666666664
PRY,1970,23.750583333333335,12,0.4103333333333334
PRY,1971,22.979333333333333,12,0.34308333333333335
PRY,1972,23.78225,12,0.29375
PRY,1973,23.5885,12,0.27775
PRY,1974,23.212166666666665,12,0.25275
PRY,1975,23.408666666666665,12,0.2854166666666667
PRY,1976,22.964333333333332,12,0.29641666666666666
PRY,1977,24.15025,12,0.25766666666666665
PRY,1978,24.081500000000002,12,0.282
PRY,1979,23.407833333333333,12,0.28983333333333333
PRY,1980,23.60025,12,0.24066666666666667
PRY,1981,23.6915,12,0.23324999999999999
PRY,1982,23.81025,12,0.251
PRY,1983,23.19966666666667,12,0.2611666666666667
PRY,1984,23.673000000000002,12,0.24441666666666664
PRY,1985,24.01391666666667,12,0.30358333333333337
PRY,1986,24.11475,12,0.284
PRY,1987,23.52241666666667,12,0.28575
PRY,1988,23.543916666666664,12,0.26025
PRY,1989,23.372333333333334,12,0.27658333333333335
PRY,1990,23.599416666666666,12,0.33158333333333334
PRY,1991,24.11566666666667,12,0.2753333333333334
PRY,1992,23.09075,12,0.31633333333333336
PRY,1993,23.73425,12,0.28525
PRY,1994,24.470916666666668,12,0.33975
PRY,1995,23.96375,12,0.2990833333333333
PRY,1996,23.414833333333334,12,0.28058333333333335
PRY,1997,24.407416666666666,12,0.2548333333333333
PRY,1998,23.41725,12,0.24208333333333334
PRY,1999,23.697583333333338,12,0.30083333333333334
PRY,2000,23.626083333333337,12,0.23016666666666666
PRY,2001,24.28825,12,0.28358333333333335
PRY,2002,24.759,12,0.36316666666666664
PRY,2003,24.263833333333334,12,0.4370833333333333
PRY,2004,23.8045,12,0.27016666666666667
PRY,2005,23.820083333333333,12,0.31958333333333333
PRY,2006,24.376583333333333,12,0.32516666666666666
PRY,2007,23.72666666666667,12,0.3838333333333333
PRY,2008,23.81833333333333,12,0.24225
PRY,2009,24.18858333333333,12,0.3159166666666667
PSE,1960,23.520083333333332,12,0.2563333333333333
PSE,1961,23.353583333333333,12,0.24125
PSE,1962,23.621583333333334,12,0.2794166666666667
PSE,1963,23.441833333333335,12,0.22791666666666666
PSE,1964,23.26725,12,0.218
PSE,1965,22.89925,12,0.249
PSE,1966,23.217166666666667,12,0.24991666666666665
PSE,1967,22.965833333333332,12,0.27191666666666664
PSE,1968,23.114583333333332,12,0.2343333333333333
PSE,1969,23.4225,12,0.26058333333333333
PSE,1970,23.466083333333334,12,0.24724999999999997
PSE,1971,23.1935,12,0.30341666666666667
PSE,1972,22.97683333333333,12,0.3065833333333333
PSE,1973,23.662666666666667,12,0.22675
PSE,1974,23.387583333333335,12,0.21033333333333334
PSE,1975,23.4405,12,0.22041666666666668
PSE,1976,23.3205,12,0.23433333333333337
PSE,1977,23.3265,12,0.22183333333333333
PSE,1978,23.488833333333332,12,0.2314166666666667
PSE,1979,23.5725,12,0.216
PSE,1980,23.401833333333332,12,0.20233333333333334
PSE,1981,23.460083333333333,12,0.25516666666666665
PSE,1982,23.030333333333335,12,0.23075
PSE,1983,23.216583333333332,12,0.25425000000000003
PSE,1984,23.391333333333336,12,0.21316666666666664
PSE,1985,23.721083333333336,12,0.25875
PSE,1986,23.336583333333333,12,0.22683333333333333
PSE,1987,23.35591666666667,12,0.19391666666666665
PSE,1988,23.829583333333332,12,0.2360833333333333
PSE,1989,23.51608333333333,12,0.23950000000000002
PSE,1990,23.663666666666668,12,0.25175
PSE,1991,23.439083333333333,12,0.2505
PSE,1992,23.066083333333335,12,0.2638333333333333
PSE,1993,23.218,12,0.24091666666666667
PSE,1994,23.473166666666668,12,0.29633333333333334
PSE,1995,23.74716666666667,12,0.241
PSE,1996,23.918333333333337,12,0.2519166666666666
PSE,1997,23.549000000000003,12,0.24775
PSE,1998,24.27116666666667,12,0.29841666666666666
PSE,1999,24.077166666666667,12,0.30075
PSE,2000,23.86,12,0.25466666666666665
PSE,2001,24.185000000000002,12,0.30441666666666667
PSE,2002,23.971166666666665,12,0.30224999999999996
PSE,2003,23.78916666666667,12,0.31316666666666665
PSE,2004,23.740083333333335,12,0.3045
PSE,2005,23.754666666666665,12,0.23875000000000002
PSE,2006,23.620583333333332,12,0.27191666666666664
PSE,2007,24.082083333333333,12,0.21616666666666665
PSE,2008,24.160833333333333,12,0.20883333333333332
PSE,2009,23.892833333333332,12,0.2946666666666667
PYF,1960,26.151416666666666,12,0.452
PYF,1961,26.049916666666665,12,0.5036666666666667
PYF,1962,26.044583333333335,12,0.33549999999999996
PYF,1963,26.166916666666665,12,0.38158333333333333
PYF,1964,25.96483333333333,12,0.36883333333333335
PYF,1965,26.212416666666666,12,0.3859166666666667
PYF,1966,26.414,12,0.35925
PYF,1967,25.990083333333335,12,0.3520833333333333
PYF,1968,25.920333333333332,12,0.3935
PYF,1969,26.717333333333332,12,0.35525
PYF,1970,26.487333333333336,12,0.37175
PYF,1971,25.80525,12,0.32641666666666663
PYF,1972,26.476333333333333,12,0.38125000000000003
PYF,1973,26.668166666666668,12,0.3555
PYF,1974,25.90225,12,0.34041666666666665
PYF,1975,26.052583333333335,12,0.3555
PYF,1976,26.070333333333334,12,0.321
PYF,1977,26.39125,12,0.35908333333333337
PYF,1978,26.162333333333336,12,0.36083333333333334
PYF,1979,26.23408333333333,12,0.31816666666666665
PYF,1980,26.407,12,0.36175
PYF,1981,26.291916666666665,12,0.29375
PYF,1982,26.408083333333334,12,0.35250000000000004
PYF,1983,26.434083333333334,12,0.33008333333333334
PYF,1984,26.39391666666667,12,0.33325
PYF,1985,26.290000000000003,12,0.33958333333333335
PYF,1986,26.472583333333333,12,0.32866666666666666
PYF,1987,26.804083333333335,12,0.45375000000000004
PYF,1988,26.681416666666667,12,0.41675
PYF,1989,26.43025,12,0.3983333333333334
PYF,1990,26.849166666666665,12,0.5612499999999999
PYF,1991,26.680333333333333,12,0.28150000000000003
PYF,1992,26.56675,12,0.35833333333333334
PYF,1993,26.56641666666667,12,0.38775000000000004
PYF,1994,26.65716666666667,12,0.3405833333333333
PYF,1995,26.72191666666667,12,0.3755833333333334
PYF,1996,26.47458333333334,12,0.3389166666666667
PYF,1997,26.543083333333332,12,0.3974166666666667
PYF,1998,26.918166666666668,12,0.4586666666666666
PYF,1999,26.704333333333334,12,0.31983333333333336
PYF,2000,26.635833333333334,12,0.3725
PYF,2001,26.619333333333334,12,0.3878333333333333
PYF,2002,26.981916666666667,12,0.3526666666666667
PYF,2003,26.916416666666667,12,0.38408333333333333
PYF,2004,26.728916666666667,12,0.4058333333333333
PYF,2005,26.85291666666667,12,0.4146666666666667
PYF,2006,26.83475,12,0.37474999999999997
PYF,2007,26.812583333333336,12,0.3780833333333333
PYF,2008,26.484083333333334,12,0.3793333333333333
PYF,2009,27.032083333333333,12,0.50475
QAT,1960,27.045916666666667,12,0.5289166666666667
QAT,1961,26.697916666666668,12,0.6348333333333334
QAT,1962,27.160666666666668,12,0.8005
QAT,1963,26.897499999999997,12,0.45258333333333334
QAT,1964,26.25883333333333,12,0.5554166666666667
QAT,1965,27.068166666666666,12,0.5521666666666667
QAT,1966,27.210583333333332,12,0.7100833333333334
QAT,1967,26.559749999999998,12,0.5398333333333333
QAT,1968,26.698333333333334,12,0.6576666666666667
QAT,1969,27.49025,12,0.7618333333333333
QAT,1970,27.28725,12,0.6426666666666666
QAT,1971,26.642750000000003,12,0.43983333333333335
QAT,1972,26.35466666666667,12,0.5638333333333333
QAT,1973,26.933916666666665,12,0.5448333333333334
QAT,1974,26.8715,12,0.5140833333333333
QAT,1975,26.657,12,0.4715833333333333
QAT,1976,26.61916666666667,12,0.4559166666666667
QAT,1977,27.519833333333334,12,0.455
QAT,1978,27.08866666666667,12,0.6463333333333333
QAT,1979,27.527833333333334,12,0.5614166666666667
QAT,1980,27.43658333333333,12,0.5029166666666667
QAT,1981,27.375,12,0.4610833333333333
QAT,1982,26.271,12,0.6696666666666666
QAT,1983,26.404,12,0.6035
QAT,1984,26.770583333333335,12,0.5570833333333333
QAT,1985,26.974083333333336,12,0.6418333333333334
QAT,1986,27.20416666666667,12,0.553
QAT,1987,27.37975,12,0.55625
QAT,1988,27.37625,12,0.5074166666666667
QAT,1989,26.753249999999998,12,0.5310833333333334
QAT,1990,27.320333333333334,12,0.4788333333333334
QAT,1991,26.71975,12,0.37116666666666664
QAT,1992,26.14741666666667,12,0.41858333333333336
QAT,1993,27.04975,12,0.3385833333333333
QAT,1994,27.529583333333335,12,0.3334166666666667
QAT,1995,27.103083333333334,12,0.32158333333333333
QAT,1996,27.60808333333333,12,0.33925
QAT,1997,27.157916666666665,12,0.3661666666666667
QAT,1998,28.424833333333336,12,0.30975
QAT,1999,28.567000000000004,12,0.33958333333333335
QAT,2000,27.993,12,0.42375
QAT,2001,28.305666666666667,12,0.5685833333333333
QAT,2002,28.1855,12,0.4274166666666666
QAT,2003,28.325083333333335,12,0.4676666666666667
QAT,2004,28.140416666666667,12,0.48375000000000007
QAT,2005,28.01308333333333,12,0.48725
QAT,2006,28.071416666666664,12,0.6016666666666667
QAT,2007,28.170416666666668,12,0.46325
QAT,2008,27.865333333333336,12,0.47583333333333333
QAT,2009,28.122500000000002,12,0.5660833333333334
REU,1960,23.20025,12,0.36874999999999997
REU,1961,23.978916666666667,12,0.31916666666666665
REU,1962,23.085166666666666,12,0.3680833333333333
REU,1963,22.96475,12,0.34833333333333333
REU,1964,22.918500000000005,12,0.444
REU,1965,22.927833333333336,12,0.38775000000000004
REU,1966,23.41025,12,0.32025
REU,1967,23.5575,12,0.36158333333333337
REU,1968,23.0415,12,0.35074999999999995
REU,1969,23.876333333333335,12,0.43025
REU,1970,23.508750000000003,12,0.3875
REU,1971,23.082166666666666,12,0.3953333333333333
REU,1972,23.586166666666667,12,0.36116666666666664
REU,1973,23.545916666666667,12,0.40458333333333335
REU,1974,22.95266666666667,12,0.35000000000000003
REU,1975,23.320999999999998,12,0.3910833333333333
REU,1976,23.6035,12,0.39258333333333334
REU,1977,23.91508333333333,12,0.29941666666666666
REU,1978,23.759583333333335,12,0.345
REU,1979,23.693833333333334,12,0.326
REU,1980,23.678,12,0.2801666666666667
REU,1981,23.548916666666667,12,0.39175
REU,1982,23.472583333333333,12,0.35633333333333334
REU,1983,23.58583333333333,12,0.43025
REU,1984,23.320833333333336,12,0.3726666666666667
REU,1985,23.466833333333337,12,0.3475
REU,1986,23.4085,12,0.32108333333333333
REU,1987,24.026750000000003,12,0.37199999999999994
REU,1988,23.847333333333335,12,0.37233333333333335
REU,1989,23.5765,12,0.34933333333333333
REU,1990,23.54225,12,0.46075
REU,1991,23.92233333333333,12,0.3458333333333334
REU,1992,23.749,12,0.5503333333333333
REU,1993,23.769166666666667,12,0.4196666666666667
REU,1994,23.994916666666665,12,0.3724166666666667
REU,1995,23.856583333333333,12,0.357
REU,1996,23.732833333333332,12,0.3496666666666666
REU,1997,23.860916666666668,12,0.37966666666666665
REU,1998,24.225916666666667,12,0.35908333333333337
REU,1999,23.891333333333336,12,0.381
REU,2000,23.881416666666667,12,0.31883333333333336
REU,2001,24.273416666666666,12,0.33641666666666664
REU,2002,24.145333333333337,12,0.3285
REU,2003,24.197000000000003,12,0.3460833333333333
REU,2004,24.08541666666667,12,0.39999999999999997
REU,2005,23.909833333333335,12,0.4678333333333334
REU,2006,24.049083333333332,12,0.4098333333333333
REU,2007,24.026666666666667,12,0.3505
REU,2008,23.93075,12,0.35050000000000003
REU,2009,24.269000000000002,12,0.36966666666666664
ROU,1960,9.603250000000001,12,0.30075
ROU,1961,9.58875,12,0.25825000000000004
ROU,1962,9.015666666666666,12,0.29341666666666666
ROU,1963,8.713166666666666,12,0.3385
ROU,1964,8.539333333333333,12,0.338
ROU,1965,8.3635,12,0.30441666666666667
ROU,1966,9.925083333333333,12,0.26008333333333333
ROU,1967,9.286666666666667,12,0.27466666666666667
ROU,1968,9.416583333333334,12,0.25725000000000003
ROU,1969,8.43975,12,0.37166666666666665
ROU,1970,9.108166666666667,12,0.27266666666666667
ROU,1971,9.097416666666668,12,0.23816666666666667
ROU,1972,9.288,12,0.30224999999999996
ROU,1973,8.684166666666666,12,0.26866666666666666
ROU,1974,9.130916666666666,12,0.24741666666666665
ROU,1975,9.679083333333333,12,0.27791666666666665
ROU,1976,8.195583333333333,12,0.26549999999999996
ROU,1977,9.3245,12,0.2101666666666667
ROU,1978,8.3605,12,0.238
ROU,1979,9.396666666666667,12,0.21333333333333335
ROU,1980,8.076916666666667,12,0.212
ROU,1981,9.002,12,0.22808333333333333
ROU,1982,9.054416666666667,12,0.269
ROU,1983,9.514416666666667,12,0.248
ROU,1984,9.080333333333334,12,0.22941666666666669
ROU,1985,7.914416666666667,12,0.25975
ROU,1986,8.936416666666666,12,0.217
ROU,1987,8.656,12,0.24566666666666667
ROU,1988,9.078333333333333,12,0.21333333333333335
ROU,1989,9.678749999999999,12,0.22541666666666668
ROU,1990,10.226,12,0.26875
ROU,1991,8.728166666666667,12,0.20224999999999996
ROU,1992,9.562583333333334,12,0.26866666666666666
ROU,1993,8.862916666666667,12,0.24025
ROU,1994,10.609,12,0.21375
ROU,1995,9.13875,12,0.20433333333333334
ROU,1996,8.649416666666667,12,0.2508333333333333
ROU,1997,8.523666666666667,12,0.24450000000000002
ROU,1998,9.178416666666665,12,0.22383333333333333
ROU,1999,10.091,12,0.23291666666666666
ROU,2000,10.47225,12,0.2313333333333333
ROU,2001,9.638583333333335,12,0.21791666666666665
ROU,2002,10.392666666666667,12,0.24266666666666667
ROU,2003,9.340166666666667,12,0.27791666666666665
ROU,2004,9.558166666666667,12,0.24725
ROU,2005,9.123166666666666,12,0.2524166666666667
ROU,2006,9.469,12,0.28425
ROU,2007,10.868333333333334,12,0.25866666666666666
ROU,2008,10.461,12,0.25933333333333336
ROU,2009,10.470666666666666,12,0.261
RUS,1960,-5.936,12,0.2695
RUS,1961,-4.960333333333334,12,0.23016666666666666
RUS,1962,-4.416250000000001,12,0.244
RUS,1963,-5.008166666666667,12,0.20625000000000002
RUS,1964,-5.785833333333334,12,0.23033333333333336
RUS,1965,-5.907416666666666,12,0.27366666666666667
RUS,1966,-6.309583333333333,12,0.22499999999999998
RUS,1967,-4.36325,12,0.24616666666666664
RUS,1968,-5.5895833333333345,12,0.2195
RUS,1969,-6.7660833333333334,12,0.19791666666666666
RUS,1970,-5.522583333333333,12,0.1995
RUS,1971,-4.971166666666668,12,0.21683333333333332
RUS,1972,-5.702000000000001,12,0.23758333333333334
RUS,1973,-4.833583333333333,12,0.21825000000000003
RUS,1974,-5.67175,12,0.206
RUS,1975,-4.141083333333334,12,0.22958333333333333
RUS,1976,-5.927,12,0.23583333333333334
RUS,1977,-5.513000000000001,12,0.219
RUS,1978,-5.255916666666668,12,0.21958333333333332
RUS,1979,-5.904333333333334,12,0.19174999999999998
RUS,1980,-5.420750000000001,12,0.18508333333333335
RUS,1981,-4.166166666666667,12,0.20533333333333334
RUS,1982,-5.097583333333334,12,0.21008333333333332
RUS,1983,-3.9518333333333344,12,0.19458333333333333
RUS,1984,-5.29425,12,0.19208333333333336
RUS,1985,-5.521166666666666,12,0.22708333333333333
RUS,1986,-4.892250000000001,12,0.20725000000000002
RUS,1987,-6.274000000000001,12,0.1723333333333333
RUS,1988,-4.330416666666667,12,0.1935
RUS,1989,-4.07325,12,0.21283333333333332
RUS,1990,-4.022916666666666,12,0.22799999999999998
RUS,1991,-4.236999999999999,12,0.18158333333333332
RUS,1992,-4.90325,12,0.24375
RUS,1993,-4.62175,12,0.20450000000000002
RUS,1994,-4.898416666666667,12,0.21408333333333332
RUS,1995,-3.1301666666666663,12,0.20425000000000001
RUS,1996,-4.810333333333333,12,0.2105
RUS,1997,-4.2965,12,0.24591666666666667
RUS,1998,-5.281083333333334,12,0.19458333333333333
RUS,1999,-4.829750000000001,12,0.2038333333333333
RUS,2000,-4.5456666666666665,12,0.21841666666666668
RUS,2001,-4.490666666666667,12,0.22041666666666668
RUS,2002,-4.122916666666666,12,0.20816666666666664
RUS,2003,-3.8328333333333333,12,0.2554166666666667
RUS,2004,-4.4935833333333335,12,0.22424999999999998
RUS,2005,-3.4980833333333337,12,0.21325000000000002
RUS,2006,-4.763,12,0.262
RUS,2007,-2.975083333333334,12,0.229
RUS,2008,-3.3054166666666664,12,0.21266666666666667
RUS,2009,-4.6085,12,0.22983333333333333
RWA,1960,19.243333333333336,12,0.3913333333333333
RWA,1961,19.23,12,0.41924999999999996
RWA,1962,19.015249999999998,12,0.46325
RWA,1963,18.96466666666667,12,0.3765833333333333
RWA,1964,19.142166666666665,12,0.5579999999999999
RWA,1965,19.263583333333333,12,0.47658333333333336
RWA,1966,19.268166666666666,12,0.57225
RWA,1967,19.10325,12,0.41683333333333333
RWA,1968,19.0575,12,0.47533333333333333
RWA,1969,19.46575,12,0.48133333333333334
RWA,1970,19.224666666666668,12,0.4098333333333333
RWA,1971,18.911333333333335,12,0.3084166666666667
RWA,1972,19.45175,12,0.41083333333333333
RWA,1973,19.539833333333334,12,0.43016666666666664
RWA,1974,19.142916666666668,12,0.34041666666666665
RWA,1975,19.148666666666667,12,0.3618333333333333
RWA,1976,19.2815,12,0.3145833333333333
RWA,1977,19.59325,12,0.3055833333333333
RWA,1978,19.5185,12,0.37575000000000003
RWA,1979,19.565250000000002,12,0.41183333333333333
RWA,1980,19.771083333333337,12,0.36916666666666664
RWA,1981,19.582333333333334,12,0.46866666666666673
RWA,1982,19.547083333333333,12,0.50175
RWA,1983,19.968833333333333,12,0.4366666666666667
RWA,1984,19.498166666666666,12,0.48924999999999996
RWA,1985,19.461833333333335,12,0.63375
RWA,1986,19.632749999999998,12,0.7213333333333334
RWA,1987,20.16625,12,0.4658333333333333
RWA,1988,19.78475,12,0.46575000000000005
RWA,1989,19.187416666666667,12,0.5238333333333333
RWA,1990,19.545833333333334,12,0.48033333333333333
RWA,1991,19.380750000000003,12,0.4455
RWA,1992,19.692,12,0.5789166666666666
RWA,1993,19.693500000000004,12,0.56325
RWA,1994,19.712416666666666,12,0.7288333333333333
RWA,1995,19.9635,12,0.5048333333333334
RWA,1996,19.477416666666667,12,0.8205
RWA,1997,19.95575,12,0.47925
RWA,1998,19.951833333333337,12,0.5107499999999999
RWA,1999,19.50883333333333,12,0.6630833333333334
RWA,2000,19.753083333333333,12,0.6421666666666667
RWA,2001,19.66125,12,0.5885
RWA,2002,19.94725,12,0.45858333333333334
RWA,2003,20.094333333333335,12,0.5796666666666667
RWA,2004,20.08491666666667,12,0.6244166666666667
RWA,2005,20.432583333333334,12,0.8205
RWA,2006,20.162833333333335,12,0.5813333333333334
RWA,2007,19.76325,12,0.4670833333333333
RWA,2008,19.730500000000003,12,0.5110833333333333
RWA,2009,20.022666666666666,12,0.5334166666666667
SAU,1960,26.074083333333334,12,0.5873333333333334
SAU,1961,25.533416666666668,12,0.5000833333333333
SAU,1962,26.231916666666667,12,0.6063333333333334
SAU,1963,25.9515,12,0.47408333333333336
SAU,1964,25.2745,12,0.5377500000000001
SAU,1965,25.762583333333335,12,0.47333333333333333
SAU,1966,26.199,12,0.46025
SAU,1967,25.17291666666667,12,0.4090833333333333
SAU,1968,25.426333333333332,12,0.4995
SAU,1969,26.199250000000003,12,0.48533333333333334
SAU,1970,25.97791666666667,12,0.4139166666666667
SAU,1971,25.225583333333333,12,0.5153333333333333
SAU,1972,25.26991666666667,12,0.45908333333333334
SAU,1973,25.778166666666667,12,0.5673333333333334
SAU,1974,25.537333333333333,12,0.449
SAU,1975,25.275000000000002,12,0.4911666666666667
SAU,1976,25.334333333333333,12,0.49833333333333335
SAU,1977,26.094583333333333,12,0.4770833333333333
SAU,1978,26.04341666666667,12,0.54025
SAU,1979,26.414583333333336,12,0.44616666666666666
SAU,1980,26.117333333333335,12,0.4251666666666667
SAU,1981,26.070333333333334,12,0.4389166666666667
SAU,1982,25.007166666666667,12,0.41650000000000004
SAU,1983,25.149333333333335,12,0.45574999999999993
SAU,1984,25.159583333333334,12,0.38166666666666665
SAU,1985,25.445333333333334,12,0.3774166666666667
SAU,1986,25.647750000000002,12,0.3368333333333333
SAU,1987,26.316166666666664,12,0.3465833333333333
SAU,1988,26.141833333333334,12,0.2906666666666667
SAU,1989,25.479,12,0.38125000000000003
SAU,1990,26.01875,12,0.3348333333333333
SAU,1991,25.77625,12,0.2794166666666667
SAU,1992,24.77125,12,0.35233333333333333
SAU,1993,25.741,12,0.34791666666666665
SAU,1994,26.297583333333336,12,0.3194166666666666
SAU,1995,25.989166666666666,12,0.2996666666666667
SAU,1996,26.433000000000003,12,0.31433333333333335
SAU,1997,25.867666666666665,12,0.39749999999999996
SAU,1998,26.85375,12,0.3724166666666667
SAU,1999,26.940583333333333,12,0.33558333333333334
SAU,2000,26.642916666666668,12,0.3254166666666667
SAU,2001,26.769666666666666,12,0.36125
SAU,2002,26.627333333333336,12,0.2920833333333333
SAU,2003,26.816666666666666,12,0.34925
SAU,2004,26.519000000000002,12,0.3378333333333334
SAU,2005,26.495500000000003,12,0.28758333333333336
SAU,2006,26.55858333333333,12,0.35233333333333333
SAU,2007,26.68258333333333,12,0.2880833333333333
SAU,2008,26.47775,12,0.2946666666666667
SAU,2009,26.827749999999998,12,0.27608333333333335
SDN,1960,27.481583333333333,12,0.3293333333333333
SDN,1961,26.545749999999998,12,0.3259166666666667
SDN,1962,27.2805,12,0.32166666666666666
SDN,1963,27.51066666666667,12,0.33041666666666664
SDN,1964,26.671333333333337,12,0.3385833333333333
SDN,1965,27.055333333333333,12,0.31224999999999997
SDN,1966,27.382500000000004,12,0.3205
SDN,1967,26.627166666666668,12,0.33866666666666667
SDN,1968,26.8685,12,0.28358333333333335
SDN,1969,27.700333333333333,12,0.29991666666666666
SDN,1970,27.07783333333333,12,0.3140833333333333
SDN,1971,26.76216666666667,12,0.3195
SDN,1972,27.300749999999997,12,0.3145
SDN,1973,27.603083333333334,12,0.33125
SDN,1974,26.838333333333335,12,0.305
SDN,1975,27.023,12,0.32425
SDN,1976,27.44633333333333,12,0.28941666666666666
SDN,1977,26.862583333333333,12,0.3046666666666667
SDN,1978,27.15891666666667,12,0.30350000000000005
SDN,1979,27.69,12,0.33116666666666666
SDN,1980,27.676333333333332,12,0.29575
SDN,1981,27.313750000000002,12,0.33916666666666667
SDN,1982,27.114,12,0.36175
SDN,1983,27.036583333333336,12,0.38666666666666666
SDN,1984,27.566833333333335,12,0.36341666666666667
SDN,1985,27.414083333333334,12,0.40975
SDN,1986,27.24325,12,0.3323333333333333
SDN,1987,27.706666666666667,12,0.3745833333333333
SDN,1988,27.392083333333332,12,0.4110833333333333
SDN,1989,26.73183333333333,12,0.39775
SDN,1990,27.644083333333338,12,0.445
SDN,1991,27.515249999999998,12,0.666
SDN,1992,26.879666666666665,12,0.5770833333333333
SDN,1993,27.68025,12,0.6104166666666667
SDN,1994,27.257333333333335,12,0.6124166666666667
SDN,1995,27.498833333333334,12,0.5264166666666666
SDN,1996,27.750666666666664,12,0.44249999999999995
SDN,1997,27.694000000000003,12,0.4891666666666667
SDN,1998,27.803,12,0.4175
SDN,1999,27.7195,12,0.4004166666666667
SDN,2000,27.45658333333333,12,0.4074166666666667
SDN,2001,27.72583333333333,12,0.3714166666666667
SDN,2002,27.905416666666667,12,0.41425
SDN,2003,27.85375,12,0.4390833333333333
SDN,2004,27.893333333333334,12,0.3793333333333333
SDN,2005,28.032833333333333,12,0.3666666666666667
SDN,2006,27.72941666666667,12,0.3541666666666667
SDN,2007,27.647500000000004,12,0.3194166666666667
SDN,2008,27.8415,12,0.3730833333333334
SDN,2009,28.347916666666666,12,0.349
SEN,1960,28.014166666666668,12,0.2743333333333333
SEN,1961,28.028666666666666,12,0.345
SEN,1962,28.163,12,0.37283333333333335
SEN,1963,28.248500000000003,12,0.32158333333333333
SEN,1964,28.043333333333333,12,0.3096666666666667
SEN,1965,27.591166666666666,12,0.39033333333333337
SEN,1966,28.185083333333335,12,0.3045
SEN,1967,27.585583333333332,12,0.3285
SEN,1968,27.80275,12,0.3070833333333333
SEN,1969,28.709333333333333,12,0.32316666666666666
SEN,1970,28.572166666666664,12,0.3203333333333333
SEN,1971,27.83241666666667,12,0.26833333333333337
SEN,1972,28.205583333333333,12,0.35441666666666666
SEN,1973,28.4645,12,0.28291666666666665
SEN,1974,27.5635,12,0.33325
SEN,1975,27.71183333333333,12,0.3396666666666666
SEN,1976,27.662833333333335,12,0.29483333333333334
SEN,1977,28.543666666666667,12,0.29991666666666666
SEN,1978,28.15433333333333,12,0.29525
SEN,1979,28.636416666666666,12,0.3135
SEN,1980,28.546666666666667,12,0.25125000000000003
SEN,1981,28.49791666666667,12,0.32616666666666666
SEN,1982,27.966416666666664,12,0.324
SEN,1983,29.0545,12,0.321
SEN,1984,28.330250000000003,12,0.29783333333333334
SEN,1985,28.273083333333332,12,0.3518333333333333
SEN,1986,28.020666666666667,12,0.338
SEN,1987,28.8755,12,0.3724166666666667
SEN,1988,28.376583333333333,12,0.2525833333333333
SEN,1989,28.275833333333335,12,0.33116666666666666
SEN,1990,28.508,12,0.34775
SEN,1991,28.490333333333336,12,0.304
SEN,1992,28.459833333333336,12,0.3114166666666667
SEN,1993,28.646500000000003,12,0.3680833333333333
SEN,1994,28.241083333333336,12,0.3289166666666667
SEN,1995,28.556916666666666,12,0.349
SEN,1996,28.775666666666666,12,0.29183333333333333
SEN,1997,28.82133333333333,12,0.39325000000000004
SEN,1998,29.25425,12,0.39875
SEN,1999,28.127333333333336,12,0.4693333333333333
SEN,2000,28.526083333333332,12,0.5368333333333334
SEN,2001,28.936333333333334,12,0.7672500000000001
SEN,2002,28.978166666666667,12,0.5123333333333333
SEN,2003,28.704166666666666,12,0.42991666666666667
SEN,2004,28.852083333333336,12,0.45741666666666664
SEN,2005,28.955083333333334,12,0.41191666666666665
SEN,2006,28.630750000000003,12,0.4098333333333333
SEN,2007,28.816833333333335,12,0.337
SEN,2008,28.796083333333332,12,0.37233333333333335
SEN,2009,28.47375,12,0.34900000000000003
SGP,1960,26.92941666666667,12,0.25808333333333333
SGP,1961,26.727,12,0.31375000000000003
SGP,1962,26.560833333333335,12,0.27375
SGP,1963,26.77116666666667,12,0.2851666666666667
SGP,1964,26.664666666666665,12,0.25975
SGP,1965,26.63291666666667,12,0.3830833333333333
SGP,1966,26.887833333333333,12,0.2414166666666667
SGP,1967,26.681749999999997,12,0.24733333333333332
SGP,1968,26.745666666666665,12,0.35366666666666663
SGP,1969,27.062416666666667,12,0.2861666666666667
SGP,1970,26.854583333333334,12,0.328
SGP,1971,26.605500000000003,12,0.3129166666666667
SGP,1972,26.942000000000004,12,0.25916666666666666
SGP,1973,26.95975,12,0.3235
SGP,1974,26.672583333333336,12,0.31858333333333333
SGP,1975,26.638,12,0.28475
SGP,1976,26.55875,12,0.3418333333333334
SGP,1977,26.822000000000003,12,0.3083333333333333
SGP,1978,26.904583333333335,12,0.34025
SGP,1979,26.95975,12,0.27658333333333335
SGP,1980,26.95641666666667,12,0.24825
SGP,1981,26.980999999999998,12,0.2980833333333333
SGP,1982,26.8365,12,0.3195
SGP,1983,27.304916666666667,12,0.28625
SGP,1984,26.483500000000003,12,0.26416666666666666
SGP,1985,26.820083333333333,12,0.26591666666666663
SGP,1986,26.847833333333337,12,0.2564166666666667
SGP,1987,27.181583333333332,12,0.24416666666666667
SGP,1988,27.06725,12,0.24791666666666667
SGP,1989,26.792333333333335,12,0.26533333333333337
SGP,1990,27.13,12,0.31033333333333335
SGP,1991,26.994083333333336,12,0.3155
SGP,1992,26.997416666666666,12,0.25175
SGP,1993,26.928833333333333,12,0.21675
SGP,1994,27.08775,12,0.2850833333333333
SGP,1995,27.0725,12,0.23166666666666666
SGP,1996,27.043333333333333,12,0.21858333333333332
SGP,1997,27.38891666666667,12,0.24691666666666667
SGP,1998,27.77591666666667,12,0.223
SGP,1999,27.016750000000002,12,0.22491666666666665
SGP,2000,27.096500000000002,12,0.29991666666666666
SGP,2001,27.189333333333337,12,0.26308333333333334
SGP,2002,27.40608333333333,12,0.26299999999999996
SGP,2003,27.311833333333336,12,0.30183333333333334
SGP,2004,27.328666666666667,12,0.27899999999999997
SGP,2005,27.493583333333333,12,0.24925
SGP,2006,27.32841666666667,12,0.24633333333333332
SGP,2007,27.13,12,0.22624999999999998
SGP,2008,27.067666666666668,12,0.27925
SGP,2009,27.473333333333333,12,0.2568333333333333
SLB,1960,26.661666666666665,12,0.40208333333333335
SLB,1961,26.672583333333336,12,0.35308333333333336
SLB,1962,26.717,12,0.2836666666666667
SLB,1963,26.56075,12,0.27908333333333335
SLB,1964,26.73041666666667,12,0.27875
SLB,1965,26.284499999999998,12,0.3313333333333333
SLB,1966,26.538750000000004,12,0.2821666666666667
SLB,1967,26.532416666666666,12,0.27216666666666667
SLB,1968,26.544333333333338,12,0.26208333333333333
SLB,1969,26.86191666666667,12,0.2604166666666667
SLB,1970,26.730500000000003,12,0.38050000000000006
SLB,1971,26.497,12,0.31575000000000003
SLB,1972,26.457916666666666,12,0.3914166666666667
SLB,1973,27.038416666666667,12,0.3445
SLB,1974,26.80366666666667,12,0.41441666666666666
SLB,1975,26.747416666666666,12,0.39375000000000004
SLB,1976,26.632416666666668,12,0.4010833333333333
SLB,1977,26.857416666666666,12,0.3666666666666667
SLB,1978,26.92441666666667,12,0.33466666666666667
SLB,1979,26.954916666666666,12,0.3814166666666667
SLB,1980,26.941166666666664,12,0.3294166666666667
SLB,1981,27.06691666666667,12,0.3425
SLB,1982,26.740250000000003,12,0.3463333333333333
SLB,1983,26.98725,12,0.3109166666666667
SLB,1984,26.896416666666667,12,0.3103333333333333
SLB,1985,27.013499999999997,12,0.29725
SLB,1986,27.024333333333335,12,0.3565833333333333
SLB,1987,26.955416666666668,12,0.4539166666666667
SLB,1988,27.279583333333335,12,0.40208333333333335
SLB,1989,26.99191666666667,12,0.48866666666666664
SLB,1990,27.264916666666668,12,0.5730833333333333
SLB,1991,26.993416666666665,12,0.29433333333333334
SLB,1992,27.00191666666667,12,0.465
SLB,1993,26.781000000000002,12,0.43449999999999994
SLB,1994,26.793083333333332,12,0.39866666666666667
SLB,1995,27.2005,12,0.33308333333333334
SLB,1996,27.124916666666667,12,0.37975000000000003
SLB,1997,26.95041666666667,12,0.43291666666666667
SLB,1998,27.374333333333336,12,0.4385833333333333
SLB,1999,26.994249999999997,12,0.38725000000000004
SLB,2000,27.264750000000003,12,0.4673333333333334
SLB,2001,27.448333333333334,12,0.41100000000000003
SLB,2002,27.375416666666666,12,0.4306666666666667
SLB,2003,27.37975,12,0.41958333333333336
SLB,2004,27.178583333333336,12,0.4828333333333334
SLB,2005,27.383333333333336,12,0.43100000000000005
SLB,2006,27.207416666666663,12,0.35641666666666666
SLB,2007,27.321416666666668,12,0.42425
SLB,2008,27.183916666666665,12,0.4689166666666667
SLB,2009,27.387833333333333,12,0.47983333333333333
SLE,1960,26.269500000000004,12,0.31383333333333335
SLE,1961,26.108083333333337,12,0.2555
SLE,1962,26.04008333333333,12,0.326
SLE,1963,26.354416666666665,12,0.26291666666666663
SLE,1964,26.03425,12,0.28708333333333336
SLE,1965,25.896083333333333,12,0.3285
SLE,1966,26.171000000000003,12,0.28025
SLE,1967,25.976,12,0.324
SLE,1968,26.16616666666667,12,0.3020833333333333
SLE,1969,26.43766666666667,12,0.31416666666666665
SLE,1970,26.404583333333335,12,0.3040833333333333
SLE,1971,25.934166666666666,12,0.32883333333333337
SLE,1972,26.28933333333333,12,0.32325
SLE,1973,26.65625,12,0.37024999999999997
SLE,1974,26.150000000000002,12,0.3491666666666667
SLE,1975,26.041583333333335,12,0.29633333333333334
SLE,1976,25.845250000000004,12,0.33283333333333337
SLE,1977,26.378333333333334,12,0.2635
SLE,1978,26.26816666666667,12,0.35191666666666666
SLE,1979,26.554166666666664,12,0.30983333333333335
SLE,1980,26.494,12,0.27158333333333334
SLE,1981,26.357833333333332,12,0.28883333333333333
SLE,1982,26.254416666666668,12,0.3179166666666667
SLE,1983,26.65341666666667,12,0.2930833333333333
SLE,1984,26.402916666666666,12,0.2589166666666667
SLE,1985,26.28925,12,0.42225
SLE,1986,26.07575,12,0.4756666666666667
SLE,1987,26.883499999999998,12,0.3426666666666667
SLE,1988,26.544916666666666,12,0.3491666666666666
SLE,1989,26.362333333333336,12,0.2734166666666667
SLE,1990,26.551416666666668,12,0.30025
SLE,1991,26.621583333333334,12,0.44716666666666666
SLE,1992,26.397166666666667,12,0.42416666666666664
SLE,1993,26.608833333333333,12,0.47283333333333327
SLE,1994,26.358249999999998,12,0.4639166666666667
SLE,1995,26.578166666666664,12,0.47941666666666666
SLE,1996,26.7045,12,0.5794166666666667
SLE,1997,26.6695,12,0.45891666666666664
SLE,1998,27.07575,12,0.45308333333333334
SLE,1999,26.5215,12,0.5009166666666667
SLE,2000,26.546833333333336,12,0.40158333333333335
SLE,2001,26.82675,12,0.72175
SLE,2002,26.992666666666665,12,0.5953333333333334
SLE,2003,26.992416666666667,12,0.7559166666666667
SLE,2004,26.978916666666667,12,0.6029166666666667
SLE,2005,27.028583333333334,12,0.4624166666666667
SLE,2006,26.71775,12,0.45741666666666664
SLE,2007,26.83741666666667,12,0.59025
SLE,2008,26.97875,12,0.4366666666666667
SLE,2009,26.985,12,0.59525
SLV,1960,25.03616666666667,12,0.3985
SLV,1961,25.12608333333333,12,0.3695
SLV,1962,24.799583333333334,12,0.43124999999999997
SLV,1963,25.065749999999998,12,0.39225
SLV,1964,25.143833333333333,12,0.36441666666666667
SLV,1965,25.32675,12,0.4489166666666667
SLV,1966,25.058916666666665,12,0.3471666666666667
SLV,1967,24.90791666666667,12,0.32775000000000004
SLV,1968,24.76816666666667,12,0.35200000000000004
SLV,1969,25.361083333333337,12,0.36050000000000004
SLV,1970,25.056,12,0.43566666666666665
SLV,1971,24.874166666666667,12,0.30824999999999997
SLV,1972,25.566833333333335,12,0.29633333333333334
SLV,1973,25.322999999999997,12,0.2283333333333333
SLV,1974,24.88625,12,0.3738333333333333
SLV,1975,24.992250000000002,12,0.2940833333333333
SLV,1976,24.91125,12,0.32225
SLV,1977,25.400166666666667,12,0.3478333333333334
SLV,1978,25.325083333333335,12,0.33775
SLV,1979,25.341333333333335,12,0.31666666666666665
SLV,1980,25.427666666666667,12,0.28958333333333336
SLV,1981,25.063166666666664,12,0.38866666666666666
SLV,1982,25.41925,12,0.36683333333333334
SLV,1983,25.797083333333333,12,0.39241666666666664
SLV,1984,24.943083333333334,12,0.3754166666666667
SLV,1985,25.137249999999998,12,0.3413333333333333
SLV,1986,25.15325,12,0.38525000000000004
SLV,1987,25.736833333333337,12,0.42091666666666666
SLV,1988,25.47375,12,0.40641666666666665
SLV,1989,25.204333333333334,12,0.40475
SLV,1990,25.5665,12,0.4609166666666667
SLV,1991,25.64075,12,0.4668333333333334
SLV,1992,25.781916666666664,12,0.443
SLV,1993,25.663083333333333,12,0.42966666666666664
SLV,1994,25.91316666666667,12,0.42216666666666663
SLV,1995,25.73408333333333,12,0.37666666666666665
SLV,1996,25.35441666666667,12,0.42216666666666663
SLV,1997,26.035750000000004,12,0.36716666666666664
SLV,1998,26.131083333333333,12,0.3970833333333333
SLV,1999,25.279583333333335,12,0.29058333333333336
SLV,2000,25.40716666666667,12,0.4010833333333334
SLV,2001,25.49291666666667,12,0.308
SLV,2002,25.71041666666667,12,0.38441666666666663
SLV,2003,25.724083333333336,12,0.4970833333333333
SLV,2004,25.742583333333332,12,0.3655
SLV,2005,25.622833333333332,12,0.3345
SLV,2006,25.758499999999998,12,0.36508333333333337
SLV,2007,25.475166666666667,12,0.40324999999999994
SLV,2008,25.24825,12,0.34400000000000003
SLV,2009,25.787583333333334,12,0.4376666666666667
SMR,1960,14.115499999999999,12,0.36741666666666667
SMR,1961,14.730083333333335,12,0.3965
SMR,1962,13.539499999999999,12,0.3505833333333333
SMR,1963,13.608083333333333,12,0.38808333333333334
SMR,1964,13.914416666666666,12,0.3378333333333334
SMR,1965,13.501583333333334,12,0.34558333333333335
SMR,1966,14.269916666666667,12,0.3185
SMR,1967,14.268333333333333,12,0.3085833333333333
SMR,1968,13.913583333333333,12,0.3486666666666667
SMR,1969,13.70875,12,0.3253333333333333
SMR,1970,13.922000000000002,12,0.2831666666666667
SMR,1971,13.859416666666666,12,0.31916666666666665
SMR,1972,13.881583333333333,12,0.30824999999999997
SMR,1973,13.795583333333333,12,0.34425
SMR,1974,14.047416666666669,12,0.34358333333333335
SMR,1975,14.285583333333333,12,0.34541666666666665
SMR,1976,13.528416666666667,12,0.34075000000000005
SMR,1977,14.258166666666668,12,0.27275
SMR,1978,13.356833333333334,12,0.32025
SMR,1979,14.096666666666666,12,0.25891666666666663
SMR,1980,13.302999999999999,12,0.30291666666666667
SMR,1981,13.843166666666667,12,0.34158333333333335
SMR,1982,14.498916666666668,12,0.31875000000000003
SMR,1983,14.315916666666666,12,0.342
SMR,1984,13.599083333333333,12,0.3094166666666667
SMR,1985,14.107166666666666,12,0.35474999999999995
SMR,1986,14.12341666666667,12,0.32283333333333336
SMR,1987,14.133166666666668,12,0.31224999999999997
SMR,1988,14.664416666666668,12,0.26925
SMR,1989,14.268166666666666,12,0.3895
SMR,1990,14.791333333333334,12,0.34125
SMR,1991,13.895249999999999,12,0.303
SMR,1992,14.723999999999998,12,0.3448333333333333
SMR,1993,14.582166666666666,12,0.35733333333333334
SMR,1994,15.485583333333333,12,0.3515
SMR,1995,14.331083333333334,12,0.4263333333333333
SMR,1996,14.076166666666667,12,0.36025
SMR,1997,14.783000000000001,12,0.29441666666666666
SMR,1998,14.913583333333333,12,0.3875
SMR,1999,14.889000000000001,12,0.325
SMR,2000,15.442583333333333,12,0.28633333333333333
SMR,2001,15.141250000000001,12,0.3421666666666667
SMR,2002,15.138083333333334,12,0.3065
SMR,2003,15.357083333333334,12,0.3939166666666667
SMR,2004,14.626833333333336,12,0.2838333333333333
SMR,2005,13.948666666666668,12,0.29133333333333333
SMR,2006,14.790000000000001,12,0.3446666666666667
SMR,2007,15.370833333333335,12,0.33408333333333334
SMR,2008,15.207666666666666,12,0.2966666666666667
SMR,2009,15.351,12,0.35775
SOM,1960,26.79625,12,0.51675
SOM,1961,27.04641666666667,12,0.7283333333333334
SOM,1962,26.828999999999997,12,0.6589999999999999
SOM,1963,26.535416666666666,12,0.5932499999999999
SOM,1964,26.780916666666666,12,0.47974999999999995
SOM,1965,26.499666666666666,12,0.5511666666666667
SOM,1966,26.806166666666666,12,0.6801666666666666
SOM,1967,26.941166666666664,12,0.6105
SOM,1968,26.60766666666667,12,0.5960833333333334
SOM,1969,27.125,12,0.6983333333333333
SOM,1970,26.956333333333333,12,0.577
SOM,1971,26.855583333333332,12,0.9116666666666666
SOM,1972,27.343833333333333,12,0.7361666666666666
SOM,1973,27.234250000000003,12,0.7391666666666666
SOM,1974,26.769583333333333,12,0.7651666666666667
SOM,1975,26.332916666666666,12,1.4856666666666667
SOM,1976,26.621416666666665,12,1.01125
SOM,1977,27.1915,12,0.8346666666666667
SOM,1978,27.325333333333333,12,0.6614166666666667
SOM,1979,27.20566666666667,12,0.4624166666666667
SOM,1980,27.4335,12,0.5125833333333333
SOM,1981,27.057916666666667,12,0.58175
SOM,1982,27.103083333333334,12,0.6321666666666667
SOM,1983,27.428,12,0.629
SOM,1984,26.81516666666667,12,0.5806666666666667
SOM,1985,26.800250000000002,12,0.6348333333333332
SOM,1986,27.035,12,0.54675
SOM,1987,27.4325,12,0.8030833333333334
SOM,1988,27.483,12,0.57975
SOM,1989,26.858,12,0.5195833333333333
SOM,1990,27.142666666666667,12,0.6174166666666666
SOM,1991,27.256083333333333,12,0.6069166666666667
SOM,1992,27.25825,12,0.5978333333333333
SOM,1993,26.909750000000003,12,0.70825
SOM,1994,27.265,12,0.7244999999999999
SOM,1995,27.16325,12,0.6623333333333333
SOM,1996,27.126,12,0.6425833333333334
SOM,1997,27.222333333333335,12,0.6603333333333333
SOM,1998,27.549916666666665,12,0.7333333333333334
SOM,1999,27.4995,12,0.7464166666666667
SOM,2000,27.710250000000002,12,0.727
SOM,2001,27.477833333333336,12,0.7019166666666666
SOM,2002,27.516000000000002,12,0.7380833333333333
SOM,2003,27.787166666666668,12,0.6737500000000001
SOM,2004,27.683666666666667,12,0.64125
SOM,2005,27.83241666666667,12,0.58375
SOM,2006,27.653166666666667,12,0.6539166666666667
SOM,2007,27.87275,12,0.6784166666666667
SOM,2008,27.451333333333334,12,0.5594166666666667
SOM,2009,27.945083333333333,12,0.5155833333333334
SPM,1960,5.457000000000001,12,0.3669166666666667
SPM,1961,4.846666666666667,12,0.3700833333333333
SPM,1962,4.5635,12,0.38666666666666666
SPM,1963,4.6165,12,0.34425
SPM,1964,4.203333333333334,12,0.38458333333333333
SPM,1965,4.329750000000001,12,0.35925
SPM,1966,5.380416666666666,12,0.3798333333333333
SPM,1967,5.097416666666667,12,0.4715833333333333
SPM,1968,4.714333333333333,12,0.42050000000000004
SPM,1969,5.719,12,0.3538333333333334
SPM,1970,5.217333333333333,12,0.4338333333333333
SPM,1971,5.1280833333333335,12,0.4364166666666667
SPM,1972,3.31575,12,0.3655
SPM,1973,4.647333333333333,12,0.40924999999999995
SPM,1974,3.7007499999999998,12,0.33183333333333337
SPM,1975,3.910416666666667,12,0.41250000000000003
SPM,1976,4.740583333333333,12,0.3279166666666667
SPM,1977,4.88325,12,0.3561666666666667
SPM,1978,4.33575,12,0.37633333333333335
SPM,1979,5.488416666666667,12,0.5399166666666667
SPM,1980,4.36475,12,0.3388333333333333
SPM,1981,6.035333333333334,12,0.4499166666666667
SPM,1982,4.084333333333333,12,0.39266666666666666
SPM,1983,5.609249999999999,12,0.336
SPM,1984,5.0680000000000005,12,0.28758333333333336
SPM,1985,3.7868333333333335,12,0.34325
SPM,1986,4.122,12,0.31475000000000003
SPM,1987,4.8334166666666665,12,0.28658333333333336
SPM,1988,5.028583333333333,12,0.23908333333333331
SPM,1989,4.412833333333333,12,0.26058333333333333
SPM,1990,4.4013333333333335,12,0.32508333333333334
SPM,1991,3.9143333333333334,12,0.24741666666666665
SPM,1992,3.673083333333333,12,0.3569166666666667
SPM,1993,4.0075,12,0.28258333333333335
SPM,1994,4.3347500000000005,12,0.29533333333333334
SPM,1995,4.535666666666667,12,0.3164166666666666
SPM,1996,5.3509166666666665,12,0.24983333333333335
SPM,1997,4.190083333333333,12,0.30875
SPM,1998,5.639,12,0.26791666666666664
SPM,1999,6.736916666666667,12,0.26833333333333337
SPM,2000,5.864999999999999,12,0.2820833333333333
SPM,2001,5.684166666666666,12,0.25666666666666665
SPM,2002,4.645333333333333,12,0.29841666666666666
SPM,2003,5.200333333333333,12,0.35758333333333336
SPM,2004,5.313666666666666,12,0.34208333333333335
SPM,2005,5.753666666666667,12,0.3345
SPM,2006,6.538166666666666,12,0.3934166666666667
SPM,2007,4.985,12,0.40691666666666665
SPM,2008,5.558416666666667,12,0.36791666666666667
SPM,2009,5.479833333333333,12,0.32641666666666663
SRB,1960,10.634833333333335,12,0.385
SRB,1961,10.804166666666667,12,0.2960833333333333
SRB,1962,9.990833333333335,12,0.3124166666666667
SRB,1963,9.99875,12,0.36133333333333334
SRB,1964,9.692666666666666,12,0.3686666666666667
SRB,1965,9.712166666666667,12,0.361
SRB,1966,10.824750000000002,12,0.3329166666666667
SRB,1967,10.316166666666666,12,0.34500000000000003
SRB,1968,10.440583333333333,12,0.32808333333333334
SRB,1969,9.765333333333334,12,0.4030833333333333
SRB,1970,10.0585,12,0.33258333333333334
SRB,1971,10.123583333333334,12,0.2648333333333333
SRB,1972,10.319083333333333,12,0.35175
SRB,1973,9.758416666666667,12,0.286
SRB,1974,10.270333333333335,12,0.33425
SRB,1975,10.440166666666666,12,0.31124999999999997
SRB,1976,9.385916666666667,12,0.28458333333333335
SRB,1977,10.627583333333334,12,0.2575
SRB,1978,9.541916666666667,12,0.25275
SRB,1979,10.486166666666668,12,0.25933333333333336
SRB,1980,9.355583333333334,12,0.2364166666666667
SRB,1981,10.114666666666666,12,0.25416666666666665
SRB,1982,10.314,12,0.2664166666666667
SRB,1983,10.431083333333333,12,0.2901666666666667
SRB,1984,9.98125,12,0.26858333333333334
SRB,1985,9.664416666666666,12,0.2654166666666667
SRB,1986,10.14875,12,0.2840833333333333
SRB,1987,10.204916666666668,12,0.2595
SRB,1988,10.476166666666666,12,0.2678333333333333
SRB,1989,10.607416666666667,12,0.28150000000000003
SRB,1990,11.196083333333334,12,0.2764166666666667
SRB,1991,9.747083333333334,12,0.27725
SRB,1992,10.975583333333335,12,0.29341666666666666
SRB,1993,10.414416666666666,12,0.2334166666666667
SRB,1994,11.682250000000002,12,0.2664166666666667
SRB,1995,10.276166666666667,12,0.224
SRB,1996,9.824916666666667,12,0.24175
SRB,1997,9.984,12,0.27416666666666667
SRB,1998,10.568333333333333,12,0.25675
SRB,1999,10.917250000000001,12,0.23541666666666664
SRB,2000,11.790999999999999,12,0.27258333333333334
SRB,2001,10.913166666666667,12,0.25525000000000003
SRB,2002,11.413416666666668,12,0.24816666666666665
SRB,2003,10.795499999999999,12,0.2846666666666667
SRB,2004,10.6165,12,0.24516666666666667
SRB,2005,9.922583333333334,12,0.22341666666666668
SRB,2006,10.574166666666667,12,0.3085833333333334
SRB,2007,11.745916666666666,12,0.25991666666666663
SRB,2008,11.666333333333334,12,0.2548333333333333
SRB,2009,11.412166666666666,12,0.2870833333333333
STP,1960,26.00475,12,0.32758333333333334
STP,1961,25.740166666666667,12,0.29225
STP,1962,25.815583333333336,12,0.30333333333333334
STP,1963,26.143833333333333,12,0.337
STP,1964,25.708583333333333,12,0.26116666666666666
STP,1965,25.827333333333332,12,0.30183333333333334
STP,1966,26.171083333333332,12,0.2820833333333333
STP,1967,25.85683333333333,12,0.30574999999999997
STP,1968,25.86883333333333,12,0.2724166666666667
STP,1969,26.039583333333336,12,0.28783333333333333
STP,1970,26.078500000000002,12,0.3035833333333333
STP,1971,25.753249999999998,12,0.2674166666666667
STP,1972,25.93133333333333,12,0.2995
STP,1973,26.304166666666664,12,0.3144166666666667
STP,1974,25.773083333333332,12,0.3204166666666666
STP,1975,25.71591666666667,12,0.30616666666666664
STP,1976,25.561666666666667,12,0.26791666666666664
STP,1977,26.117500000000003,12,0.2823333333333333
STP,1978,25.95991666666667,12,0.3781666666666667
STP,1979,26.300583333333336,12,0.2935
STP,1980,26.17533333333333,12,0.27525
STP,1981,25.859166666666667,12,0.36391666666666667
STP,1982,25.719250000000002,12,0.41041666666666665
STP,1983,25.917833333333334,12,0.3993333333333333
STP,1984,26.242250000000002,12,0.3904166666666667
STP,1985,25.97425,12,0.39283333333333337
STP,1986,25.877,12,0.34500000000000003
STP,1987,26.378500000000003,12,0.38199999999999995
STP,1988,26.32575,12,0.3471666666666667
STP,1989,25.96941666666667,12,0.43225
STP,1990,26.136583333333334,12,0.43191666666666667
STP,1991,26.096166666666665,12,0.42841666666666667
STP,1992,25.78991666666667,12,0.3661666666666667
STP,1993,26.101249999999997,12,0.3080833333333333
STP,1994,26.142833333333332,12,0.37175
STP,1995,26.43841666666667,12,0.449
STP,1996,26.06975,12,0.49241666666666667
STP,1997,26.14016666666667,12,0.4314166666666667
STP,1998,26.832583333333332,12,0.3760833333333333
STP,1999,26.283416666666668,12,0.43983333333333335
STP,2000,26.189000000000004,12,0.3735833333333334
STP,2001,26.05633333333333,12,0.3805
STP,2002,26.395750000000003,12,0.45616666666666666
STP,2003,26.567333333333334,12,0.47833333333333333
STP,2004,26.484583333333333,12,0.3759166666666667
STP,2005,26.409583333333334,12,0.4948333333333333
STP,2006,26.700166666666664,12,0.42933333333333334
STP,2007,26.70941666666667,12,0.4409166666666667
STP,2008,26.595,12,0.38775000000000004
STP,2009,26.956,12,0.6654166666666667
SUR,1960,26.402583333333336,12,0.44525
SUR,1961,26.423416666666668,12,0.31516666666666665
SUR,1962,26.511166666666668,12,0.30933333333333335
SUR,1963,26.474833333333336,12,0.25233333333333335
SUR,1964,26.514333333333337,12,0.27075
SUR,1965,26.485083333333332,12,0.3096666666666667
SUR,1966,26.640833333333333,12,0.2594166666666667
SUR,1967,26.284583333333334,12,0.30016666666666664
SUR,1968,26.196833333333334,12,0.22675
SUR,1969,26.99191666666667,12,0.2708333333333333
SUR,1970,26.52241666666667,12,0.30383333333333334
SUR,1971,25.953500000000002,12,0.20825000000000002
SUR,1972,26.311000000000003,12,0.27958333333333335
SUR,1973,26.390083333333337,12,0.2705
SUR,1974,26.05116666666667,12,0.20775
SUR,1975,26.041750000000004,12,0.25558333333333333
SUR,1976,26.229,12,0.2824166666666667
SUR,1977,26.433666666666667,12,0.24258333333333335
SUR,1978,26.5125,12,0.23216666666666666
SUR,1979,26.695916666666665,12,0.22808333333333333
SUR,1980,26.763333333333335,12,0.18891666666666665
SUR,1981,26.488,12,0.33875000000000005
SUR,1982,26.54716666666667,12,0.23991666666666667
SUR,1983,26.771416666666667,12,0.3336666666666667
SUR,1984,26.104249999999997,12,0.23199999999999998
SUR,1985,26.1995,12,0.24733333333333332
SUR,1986,26.49083333333333,12,0.22724999999999998
SUR,1987,27.166833333333333,12,0.26525
SUR,1988,26.6245,12,0.3175
SUR,1989,26.358666666666668,12,0.23583333333333334
SUR,1990,26.677083333333332,12,0.28291666666666665
SUR,1991,26.676416666666668,12,0.17275
SUR,1992,26.805583333333335,12,0.2698333333333333
SUR,1993,26.589583333333334,12,0.27225
SUR,1994,26.566083333333335,12,0.23850000000000002
SUR,1995,27.045333333333335,12,0.2644166666666667
SUR,1996,26.821583333333336,12,0.2558333333333333
SUR,1997,27.04716666666667,12,0.36274999999999996
SUR,1998,27.400166666666667,12,0.2649166666666667
SUR,1999,26.7225,12,0.26975
SUR,2000,26.586083333333335,12,0.2796666666666667
SUR,2001,26.804083333333335,12,0.29716666666666663
SUR,2002,26.90391666666667,12,0.2818333333333333
SUR,2003,27.19558333333333,12,0.36166666666666664
SUR,2004,27.150333333333336,12,0.3285833333333333
SUR,2005,27.48391666666667,12,0.42216666666666663
SUR,2006,27.045666666666666,12,0.42291666666666666
SUR,2007,26.908583333333336,12,0.3110833333333333
SUR,2008,26.9195,12,0.32416666666666666
SUR,2009,27.233083333333337,12,0.2808333333333333
SVK,1960,8.039916666666667,12,0.3368333333333333
SVK,1961,8.479583333333334,12,0.32558333333333334
SVK,1962,7.12,12,0.37224999999999997
SVK,1963,7.170583333333333,12,0.3400833333333333
SVK,1964,7.27475,12,0.30183333333333334
SVK,1965,6.69075,12,0.3646666666666667
SVK,1966,8.383583333333334,12,0.329
SVK,1967,8.268833333333333,12,0.2841666666666666
SVK,1968,7.958333333333333,12,0.33616666666666667
SVK,1969,7.33475,12,0.3854166666666667
SVK,1970,7.333666666666667,12,0.30091666666666667
SVK,1971,7.80925,12,0.2945
SVK,1972,8.017333333333333,12,0.33625
SVK,1973,7.668333333333333,12,0.2945
SVK,1974,8.298916666666667,12,0.28725
SVK,1975,8.519166666666665,12,0.3076666666666667
SVK,1976,7.421666666666667,12,0.3273333333333333
SVK,1977,8.133416666666667,12,0.25183333333333335
SVK,1978,7.040833333333334,12,0.3225
SVK,1979,7.939166666666666,12,0.24016666666666667
SVK,1980,6.674499999999999,12,0.25825
SVK,1981,7.821083333333333,12,0.26499999999999996
SVK,1982,8.214833333333333,12,0.27
SVK,1983,8.586333333333332,12,0.2980833333333333
SVK,1984,7.683000000000001,12,0.32425
SVK,1985,6.881916666666666,12,0.25575
SVK,1986,7.674833333333333,12,0.28691666666666665
SVK,1987,7.153083333333334,12,0.2831666666666667
SVK,1988,8.08375,12,0.23783333333333334
SVK,1989,8.72625,12,0.28750000000000003
SVK,1990,8.71675,12,0.3065833333333334
SVK,1991,7.639166666666667,12,0.23775
SVK,1992,8.727166666666667,12,0.27658333333333335
SVK,1993,7.982166666666667,12,0.22875
SVK,1994,9.297583333333334,12,0.25616666666666665
SVK,1995,8.153,12,0.2664166666666667
SVK,1996,7.126166666666666,12,0.28108333333333335
SVK,1997,7.773083333333333,12,0.2935
SVK,1998,8.333583333333333,12,0.26333333333333336
SVK,1999,8.675583333333334,12,0.22766666666666666
SVK,2000,9.482,12,0.26216666666666666
SVK,2001,8.30775,12,0.27316666666666667
SVK,2002,9.136416666666667,12,0.25
SVK,2003,8.487083333333333,12,0.29
SVK,2004,8.145583333333333,12,0.2930833333333333
SVK,2005,7.936916666666666,12,0.2325
SVK,2006,8.528333333333334,12,0.30716666666666664
SVK,2007,9.478916666666667,12,0.2745
SVK,2008,9.397416666666667,12,0.24591666666666667
SVK,2009,9.001666666666667,12,0.28783333333333333
SVN,1960,10.045583333333335,12,0.4115
SVN,1961,10.515583333333334,12,0.2765
SVN,1962,8.927833333333334,12,0.3448333333333333
SVN,1963,9.277166666666668,12,0.3501666666666667
SVN,1964,9.514166666666666,12,0.36591666666666667
SVN,1965,9.154333333333332,12,0.3448333333333333
SVN,1966,10.258083333333333,12,0.29841666666666666
SVN,1967,10.13175,12,0.27708333333333335
SVN,1968,9.781166666666667,12,0.3403333333333333
SVN,1969,9.419916666666667,12,0.39116666666666666
SVN,1970,9.541333333333332,12,0.26916666666666667
SVN,1971,9.679333333333334,12,0.28683333333333333
SVN,1972,9.692333333333332,12,0.29650000000000004
SVN,1973,9.555250000000001,12,0.28733333333333333
SVN,1974,10.140666666666666,12,0.27325
SVN,1975,10.366083333333334,12,0.3064166666666666
SVN,1976,9.530833333333334,12,0.33408333333333334
SVN,1977,10.263333333333334,12,0.29425
SVN,1978,9.057833333333333,12,0.30675
SVN,1979,9.969416666666667,12,0.26433333333333336
SVN,1980,9.046416666666667,12,0.3183333333333333
SVN,1981,9.853583333333335,12,0.3356666666666666
SVN,1982,10.291583333333334,12,0.2563333333333333
SVN,1983,10.344333333333333,12,0.294
SVN,1984,9.482666666666667,12,0.32258333333333333
SVN,1985,9.464916666666667,12,0.3225833333333334
SVN,1986,9.67775,12,0.2733333333333334
SVN,1987,9.726833333333333,12,0.26066666666666666
SVN,1988,10.416333333333332,12,0.26266666666666666
SVN,1989,10.528,12,0.287
SVN,1990,10.726333333333335,12,0.3385833333333333
SVN,1991,9.758000000000001,12,0.23791666666666667
SVN,1992,10.925333333333334,12,0.26699999999999996
SVN,1993,10.35,12,0.30275
SVN,1994,11.502,12,0.28550000000000003
SVN,1995,10.289583333333335,12,0.2891666666666667
SVN,1996,9.445,12,0.32566666666666666
SVN,1997,10.382916666666667,12,0.27308333333333334
SVN,1998,10.597333333333333,12,0.2784166666666667
SVN,1999,10.686916666666667,12,0.19833333333333333
SVN,2000,11.590583333333335,12,0.2648333333333333
SVN,2001,10.894666666666666,12,0.26058333333333333
SVN,2002,11.337250000000003,12,0.2990833333333333
SVN,2003,11.009666666666668,12,0.31016666666666665
SVN,2004,10.241249999999999,12,0.28025
SVN,2005,9.795083333333332,12,0.23174999999999998
SVN,2006,10.723416666666667,12,0.3119166666666667
SVN,2007,11.462583333333335,12,0.25166666666666665
SVN,2008,11.247916666666669,12,0.22141666666666668
SVN,2009,11.237416666666666,12,0.2995
SWE,1960,2.674416666666667,12,0.2798333333333333
SWE,1961,3.7702499999999994,12,0.2926666666666667
SWE,1962,1.8508333333333333,12,0.3173333333333333
SWE,1963,2.35075,12,0.29658333333333337
SWE,1964,3.0279166666666666,12,0.2674166666666667
SWE,1965,1.8694999999999997,12,0.32583333333333336
SWE,1966,1.1894999999999998,12,0.3040833333333333
SWE,1967,2.9332499999999997,12,0.28558333333333336
SWE,1968,1.9126666666666667,12,0.30324999999999996
SWE,1969,1.97025,12,0.303
SWE,1970,1.8489166666666668,12,0.26816666666666666
SWE,1971,2.5818333333333334,12,0.25425000000000003
SWE,1972,3.4901666666666666,12,0.28350000000000003
SWE,1973,3.0214166666666666,12,0.28150000000000003
SWE,1974,3.8334166666666665,12,0.27316666666666667
SWE,1975,4.0616666666666665,12,0.3045
SWE,1976,2.113416666666667,12,0.2778333333333333
SWE,1977,2.3242499999999997,12,0.24358333333333335
SWE,1978,1.7265000000000004,12,0.24458333333333335
SWE,1979,1.8861666666666668,12,0.24083333333333334
SWE,1980,1.875416666666667,12,0.23275
SWE,1981,1.7310833333333333,12,0.25
SWE,1982,3.022,12,0.2575
SWE,1983,3.26525,12,0.22083333333333333
SWE,1984,3.292083333333333,12,0.2315
SWE,1985,0.7685000000000001,12,0.2518333333333333
SWE,1986,2.206916666666667,12,0.22508333333333333
SWE,1987,1.3564166666666668,12,0.225
SWE,1988,3.1025000000000005,12,0.19841666666666669
SWE,1989,4.409083333333333,12,0.24475
SWE,1990,4.497916666666667,12,0.27191666666666664
SWE,1991,3.4589999999999996,12,0.2255
SWE,1992,3.8722499999999997,12,0.2744166666666667
SWE,1993,2.9450000000000003,12,0.1955
SWE,1994,2.8799166666666665,12,0.22424999999999998
SWE,1995,3.0660000000000003,12,0.219
SWE,1996,2.39175,12,0.2333333333333333
SWE,1997,3.7305833333333336,12,0.23058333333333333
SWE,1998,2.8729166666666663,12,0.21616666666666665
SWE,1999,3.5439166666666666,12,0.23866666666666667
SWE,2000,4.421,12,0.26425
SWE,2001,3.1396666666666664,12,0.22358333333333333
SWE,2002,3.7953333333333332,12,0.21258333333333332
SWE,2003,3.733,12,0.2861666666666667
SWE,2004,3.6477500000000003,12,0.23033333333333336
SWE,2005,4.000166666666667,12,0.22458333333333333
SWE,2006,4.354166666666667,12,0.2568333333333333
SWE,2007,4.080583333333333,12,0.23016666666666666
SWE,2008,4.218,12,0.23183333333333334
SWE,2009,3.5024166666666665,12,0.2599166666666667
SWZ,1960,18.767333333333337,12,0.39425
SWZ,1961,19.159666666666666,12,0.36166666666666664
SWZ,1962,19.408916666666666,12,0.3478333333333334
SWZ,1963,18.81041666666667,12,0.23108333333333334
SWZ,1964,18.812833333333334,12,0.29150000000000004
SWZ,1965,18.797083333333337,12,0.2823333333333333
SWZ,1966,19.171333333333333,12,0.26591666666666663
SWZ,1967,18.820666666666668,12,0.27075
SWZ,1968,18.7285,12,0.2624166666666667
SWZ,1969,19.421166666666668,12,0.30924999999999997
SWZ,1970,19.5145,12,0.3775833333333333
SWZ,1971,18.814,12,0.23224999999999998
SWZ,1972,18.779666666666667,12,0.29825
SWZ,1973,18.916166666666665,12,0.32908333333333334
SWZ,1974,18.953666666666667,12,0.292
SWZ,1975,18.691583333333334,12,0.3234166666666667
SWZ,1976,18.750333333333334,12,0.28841666666666665
SWZ,1977,19.448,12,0.2783333333333333
SWZ,1978,19.11825,12,0.34274999999999994
SWZ,1979,19.29491666666667,12,0.26716666666666666
SWZ,1980,18.997333333333334,12,0.27666666666666667
SWZ,1981,18.60408333333333,12,0.3160833333333333
SWZ,1982,19.327916666666667,12,0.32649999999999996
SWZ,1983,19.836833333333335,12,0.35841666666666666
SWZ,1984,19.028166666666667,12,0.30666666666666664
SWZ,1985,19.581,12,0.29225
SWZ,1986,19.43825,12,0.2848333333333333
SWZ,1987,19.618,12,0.2816666666666667
SWZ,1988,19.397000000000002,12,0.35358333333333336
SWZ,1989,19.227166666666665,12,0.3305
SWZ,1990,19.2115,12,0.3745833333333333
SWZ,1991,19.412416666666665,12,0.32241666666666663
SWZ,1992,20.269833333333334,12,0.29241666666666666
SWZ,1993,19.724999999999998,12,0.3095833333333333
SWZ,1994,18.97041666666667,12,0.2704166666666667
SWZ,1995,19.539333333333335,12,0.26616666666666666
SWZ,1996,19.111,12,0.2996666666666667
SWZ,1997,19.1525,12,0.38233333333333336
SWZ,1998,19.86541666666667,12,0.33975
SWZ,1999,19.788833333333333,12,0.30024999999999996
SWZ,2000,19.023500000000002,12,0.42650000000000005
SWZ,2001,19.546,12,0.38366666666666666
SWZ,2002,19.596166666666665,12,0.375
SWZ,2003,19.99716666666667,12,0.39808333333333334
SWZ,2004,19.469916666666666,12,0.35391666666666666
SWZ,2005,19.97575,12,0.367
SWZ,2006,19.266833333333334,12,0.3494166666666667
SWZ,2007,19.615,12,0.5783333333333333
SWZ,2008,19.420666666666666,12,0.5558333333333333
SWZ,2009,19.293,12,0.42333333333333334
SXM,1960,27.14016666666667,12,0.37074999999999997
SXM,1961,26.935833333333335,12,0.36083333333333334
SXM,1962,26.84691666666667,12,0.34883333333333333
SXM,1963,27.049333333333333,12,0.3175
SXM,1964,26.882416666666668,12,0.3273333333333333
SXM,1965,26.557000000000002,12,0.44083333333333335
SXM,1966,26.691666666666666,12,0.42483333333333334
SXM,1967,26.483999999999998,12,0.37274999999999997
SXM,1968,26.608583333333332,12,0.30491666666666667
SXM,1969,27.04925,12,0.3145
SXM,1970,26.91616666666667,12,0.3665833333333333
SXM,1971,26.553416666666667,12,0.35800000000000004
SXM,1972,26.670749999999998,12,0.3998333333333333
SXM,1973,27.012333333333334,12,0.4134166666666667
SXM,1974,26.491833333333332,12,0.31425
SXM,1975,26.48975,12,0.33116666666666666
SXM,1976,26.4545,12,0.35050000000000003
SXM,1977,27.048333333333332,12,0.3070833333333333
SXM,1978,27.040583333333334,12,0.31958333333333333
SXM,1979,26.80633333333334,12,0.32466666666666666
SXM,1980,27.252083333333335,12,0.27466666666666667
SXM,1981,27.18325,12,0.29325
SXM,1982,26.831166666666665,12,0.32175
SXM,1983,27.263666666666666,12,0.3760833333333333
SXM,1984,26.859333333333336,12,0.3426666666666667
SXM,1985,26.842,12,0.33725
SXM,1986,26.884416666666667,12,0.26533333333333337
SXM,1987,27.379583333333333,12,0.36074999999999996
SXM,1988,27.13791666666667,12,0.264
SXM,1989,26.84658333333333,12,0.28941666666666666
SXM,1990,27.09875,12,0.25725000000000003
SXM,1991,27.097333333333335,12,0.28875
SXM,1992,27.05033333333333,12,0.3115833333333333
SXM,1993,27.163416666666667,12,0.3013333333333333
SXM,1994,27.16925,12,0.287
SXM,1995,27.55033333333333,12,0.2881666666666667
SXM,1996,27.056833333333334,12,0.26391666666666663
SXM,1997,27.393583333333336,12,0.24358333333333335
SXM,1998,27.74083333333333,12,0.26425
SXM,1999,27.344583333333333,12,0.31975000000000003
SXM,2000,27.05275,12,0.25908333333333333
SXM,2001,27.4085,12,0.2723333333333333
SXM,2002,27.53825,12,0.25783333333333336
SXM,2003,27.67741666666667,12,0.2851666666666666
SXM,2004,27.334000000000003,12,0.2668333333333333
SXM,2005,27.732333333333333,12,0.24791666666666665
SXM,2006,27.63625,12,0.30275
SXM,2007,27.685083333333335,12,0.2838333333333333
SXM,2008,27.140416666666667,12,0.2578333333333333
SXM,2009,27.46858333333333,12,0.24625
SYC,1960,26.730666666666668,12,0.48225
SYC,1961,26.96466666666667,12,0.6235833333333333
SYC,1962,26.95658333333333,12,0.5194166666666667
SYC,1963,26.770666666666667,12,0.5178333333333334
SYC,1964,26.73483333333333,12,0.55375
SYC,1965,26.5825,12,0.4686666666666666
SYC,1966,26.947999999999997,12,0.38925000000000004
SYC,1967,26.915166666666668,12,0.49291666666666667
SYC,1968,26.655333333333335,12,0.5285
SYC,1969,27.08758333333333,12,0.5195
SYC,1970,27.0745,12,0.6175833333333334
SYC,1971,26.520166666666668,12,0.80875
SYC,1972,26.87975,12,0.9265
SYC,1973,27.17125,12,0.7696666666666666
SYC,1974,26.535,12,0.6558333333333334
SYC,1975,26.603416666666664,12,0.8824166666666667
SYC,1976,26.669833333333333,12,0.7279166666666667
SYC,1977,26.965166666666665,12,0.8045833333333333
SYC,1978,27.120833333333337,12,0.436
SYC,1979,26.97275,12,0.4899166666666666
SYC,1980,27.03725,12,0.41841666666666666
SYC,1981,26.978083333333334,12,0.6070833333333333
SYC,1982,27.194666666666667,12,0.618
SYC,1983,27.32166666666667,12,0.6968333333333333
SYC,1984,26.624,12,0.4931666666666667
SYC,1985,26.741583333333335,12,1.0445833333333334
SYC,1986,27.077166666666667,12,0.4788333333333333
SYC,1987,27.422833333333333,12,0.6703333333333333
SYC,1988,27.26325,12,0.47500000000000003
SYC,1989,26.9445,12,0.5621666666666667
SYC,1990,27.220083333333335,12,0.63925
SYC,1991,27.329666666666668,12,0.45675
SYC,1992,26.953166666666664,12,0.7030833333333333
SYC,1993,26.964583333333334,12,0.6769166666666666
SYC,1994,27.301833333333335,12,0.6635
SYC,1995,27.297749999999997,12,0.41850000000000004
SYC,1996,26.91175,12,0.40675
SYC,1997,27.36791666666667,12,0.5455833333333333
SYC,1998,27.654416666666666,12,0.6181666666666666
SYC,1999,27.136833333333332,12,0.6755833333333333
SYC,2000,27.17925,12,0.72975
SYC,2001,27.467833333333335,12,0.6735833333333333
SYC,2002,27.53108333333333,12,0.7025833333333334
SYC,2003,27.68541666666667,12,0.6823333333333332
SYC,2004,27.25775,12,0.6019166666666667
SYC,2005,27.468416666666666,12,0.668
SYC,2006,27.470166666666668,12,0.6224999999999999
SYC,2007,27.71258333333333,12,0.5883333333333333
SYC,2008,27.376833333333334,12,0.49133333333333334
SYC,2009,27.741250000000004,12,0.6593333333333333
SYR,1960,19.075083333333335,12,0.298
SYR,1961,18.138333333333332,12,0.2901666666666667
SYR,1962,19.397583333333333,12,0.2930833333333333
SYR,1963,18.66075,12,0.31775000000000003
SYR,1964,17.6235,12,0.27558333333333335
SYR,1965,18.188666666666666,12,0.33266666666666667
SYR,1966,19.226,12,0.29133333333333333
SYR,1967,17.196,12,0.3055833333333333
SYR,1968,18.28375,12,0.27
SYR,1969,18.5045,12,0.2684166666666667
SYR,1970,18.789083333333334,12,0.27458333333333335
SYR,1971,18.084416666666666,12,0.24916666666666665
SYR,1972,17.369833333333332,12,0.2801666666666667
SYR,1973,18.066333333333333,12,0.29491666666666666
SYR,1974,18.100583333333333,12,0.2598333333333333
SYR,1975,18.04075,12,0.30141666666666667
SYR,1976,17.668166666666668,12,0.2808333333333333
SYR,1977,18.398083333333336,12,0.26008333333333333
SYR,1978,18.679916666666667,12,0.26258333333333334
SYR,1979,19.139833333333332,12,0.24791666666666667
SYR,1980,18.285,12,0.23124999999999998
SYR,1981,18.566583333333334,12,0.24141666666666664
SYR,1982,17.483083333333333,12,0.24458333333333335
SYR,1983,17.707333333333334,12,0.26791666666666664
SYR,1984,18.150499999999997,12,0.21791666666666665
SYR,1985,18.543166666666668,12,0.29875
SYR,1986,18.606583333333333,12,0.25858333333333333
SYR,1987,18.294666666666668,12,0.27758333333333335
SYR,1988,18.082,12,0.19683333333333333
SYR,1989,18.60125,12,0.28850000000000003
SYR,1990,18.543166666666668,12,0.2781666666666667
SYR,1991,18.479499999999998,12,0.3060833333333333
SYR,1992,17.028583333333334,12,0.34933333333333333
SYR,1993,18.045666666666666,12,0.2818333333333333
SYR,1994,19.051833333333335,12,0.28275
SYR,1995,18.48225,12,0.26558333333333334
SYR,1996,18.90341666666667,12,0.27775
SYR,1997,17.933666666666667,12,0.29833333333333334
SYR,1998,19.415333333333333,12,0.24158333333333334
SYR,1999,19.281000000000002,12,0.28508333333333336
SYR,2000,18.773333333333333,12,0.2674166666666667
SYR,2001,19.39625,12,0.3030833333333333
SYR,2002,18.856583333333333,12,0.3145833333333333
SYR,2003,18.839333333333332,12,0.32825
SYR,2004,18.77325,12,0.2665
SYR,2005,18.74191666666667,12,0.27658333333333335
SYR,2006,18.744,12,0.27858333333333335
SYR,2007,19.0415,12,0.23958333333333334
SYR,2008,19.161166666666666,12,0.30975
SYR,2009,19.070083333333333,12,0.2704166666666667
TCA,1960,27.083916666666667,12,0.43183333333333335
TCA,1961,26.93733333333334,12,0.34708333333333335
TCA,1962,26.771583333333336,12,0.5754166666666667
TCA,1963,26.956416666666666,12,0.37433333333333335
TCA,1964,27.037333333333336,12,0.39175
TCA,1965,26.653583333333334,12,0.38625
TCA,1966,26.890833333333333,12,0.43216666666666664
TCA,1967,26.98566666666667,12,0.5700833333333334
TCA,1968,26.847083333333334,12,0.6607500000000001
TCA,1969,27.045916666666667,12,0.41333333333333333
TCA,1970,26.742083333333337,12,0.29725
TCA,1971,26.61525,12,0.31858333333333333
TCA,1972,26.848416666666665,12,0.42875
TCA,1973,26.920083333333334,12,0.4114166666666667
TCA,1974,26.571166666666667,12,0.42408333333333337
TCA,1975,26.818,12,0.40125000000000005
TCA,1976,26.745,12,0.46541666666666665
TCA,1977,27.135083333333338,12,0.39558333333333334
TCA,1978,27.161416666666668,12,0.4515833333333334
TCA,1979,26.897750000000002,12,0.34674999999999995
TCA,1980,27.41525,12,0.33749999999999997
TCA,1981,26.988916666666668,12,0.32125
TCA,1982,27.37291666666667,12,0.48475
TCA,1983,27.319999999999997,12,0.3810833333333334
TCA,1984,26.883583333333334,12,0.30925
TCA,1985,26.990583333333333,12,0.58375
TCA,1986,27.105,12,0.42724999999999996
TCA,1987,27.343166666666665,12,0.42933333333333334
TCA,1988,26.99383333333333,12,0.6779999999999999
TCA,1989,26.957333333333334,12,0.6299166666666667
TCA,1990,27.33683333333333,12,0.40558333333333335
TCA,1991,27.294416666666667,12,0.4323333333333334
TCA,1992,27.077250000000003,12,0.49666666666666665
TCA,1993,27.05525,12,0.40416666666666673
TCA,1994,27.504416666666668,12,0.3749166666666666
TCA,1995,27.389,12,0.46974999999999995
TCA,1996,26.93416666666667,12,0.5489166666666666
TCA,1997,27.868,12,0.48274999999999996
TCA,1998,27.743750000000002,12,0.40825
TCA,1999,27.231583333333333,12,0.44775000000000004
TCA,2000,26.956916666666668,12,0.45291666666666663
TCA,2001,27.246083333333335,12,0.4014166666666667
TCA,2002,27.70141666666667,12,0.3715833333333333
TCA,2003,27.81533333333333,12,0.4610833333333333
TCA,2004,27.53091666666667,12,0.43274999999999997
TCA,2005,27.49716666666667,12,0.40425
TCA,2006,27.44558333333333,12,0.48550000000000004
TCA,2007,27.5975,12,0.36791666666666667
TCA,2008,27.428,12,0.4583333333333333
TCA,2009,27.439333333333334,12,0.3681666666666667
TCD,1960,27.5235,12,0.4305833333333333
TCD,1961,26.236583333333332,12,0.5457500000000001
TCD,1962,27.104,12,0.7192500000000001
TCD,1963,27.54791666666667,12,0.6668333333333334
TCD,1964,26.979833333333335,12,0.6471666666666667
TCD,1965,26.885500000000004,12,0.5478333333333333
TCD,1966,27.007666666666665,12,0.5874166666666666
TCD,1967,26.953333333333333,12,0.46141666666666664
TCD,1968,27.059250000000002,12,0.3670833333333334
TCD,1969,27.898,12,0.3758333333333333
TCD,1970,27.020750000000003,12,0.4311666666666667
TCD,1971,26.913083333333333,12,0.4668333333333334
TCD,1972,27.451999999999998,12,0.4266666666666667
TCD,1973,27.709583333333338,12,0.4194166666666667
TCD,1974,26.89,12,0.39458333333333334
TCD,1975,26.98783333333333,12,0.42008333333333336
TCD,1976,27.487750000000002,12,0.38808333333333334
TCD,1977,26.827333333333332,12,0.40158333333333335
TCD,1978,27.110083333333336,12,0.3621666666666667
TCD,1979,27.551333333333332,12,0.4673333333333333
TCD,1980,27.480500000000003,12,0.4755833333333333
TCD,1981,27.194833333333335,12,0.49875
TCD,1982,27.259833333333333,12,0.49725
TCD,1983,27.139499999999998,12,0.5400833333333334
TCD,1984,27.563083333333335,12,0.5319166666666667
TCD,1985,27.412000000000003,12,0.5815833333333333
TCD,1986,27.55616666666667,12,0.57725
TCD,1987,27.659666666666666,12,0.5360833333333334
TCD,1988,27.32025,12,0.5036666666666667
TCD,1989,26.84,12,0.7136666666666667
TCD,1990,27.619250000000005,12,0.7478333333333333
TCD,1991,27.5535,12,0.6894166666666667
TCD,1992,26.919666666666668,12,0.6433333333333333
TCD,1993,27.612416666666665,12,0.7004166666666666
TCD,1994,27.261083333333332,12,0.7066666666666667
TCD,1995,27.461833333333335,12,0.6204166666666667
TCD,1996,27.7835,12,0.64075
TCD,1997,27.797416666666667,12,0.623
TCD,1998,27.895833333333332,12,0.6325
TCD,1999,27.779833333333332,12,0.6181666666666666
TCD,2000,27.447833333333335,12,0.6725
TCD,2001,27.63525,12,0.6104999999999999
TCD,2002,27.772833333333335,12,0.6080833333333333
TCD,2003,27.878083333333336,12,0.56725
TCD,2004,28.017416666666666,12,0.5395833333333334
TCD,2005,28.211250000000003,12,0.67325
TCD,2006,28.048000000000002,12,0.6415
TCD,2007,27.860166666666668,12,0.8039166666666667
TCD,2008,27.7025,12,0.5998333333333333
TCD,2009,28.324250000000003,12,1.0794166666666667
TGO,1960,26.9455,12,0.2674166666666667
TGO,1961,26.783416666666668,12,0.25708333333333333
TGO,1962,26.770833333333332,12,0.2926666666666667
TGO,1963,27.032750000000004,12,0.23666666666666666
TGO,1964,26.722083333333334,12,0.23666666666666666
TGO,1965,26.796833333333336,12,0.27275
TGO,1966,27.036083333333334,12,0.26608333333333334
TGO,1967,26.703666666666667,12,0.27625
TGO,1968,26.84841666666667,12,0.2330833333333333
TGO,1969,27.234583333333333,12,0.25416666666666665
TGO,1970,27.264166666666668,12,0.25333333333333335
TGO,1971,26.770833333333332,12,0.22958333333333333
TGO,1972,27.05633333333333,12,0.23725
TGO,1973,27.561083333333332,12,0.23883333333333334
TGO,1974,26.860583333333334,12,0.23691666666666666
TGO,1975,26.71475,12,0.2328333333333333
TGO,1976,26.570666666666668,12,0.24208333333333332
TGO,1977,27.194666666666667,12,0.2695
TGO,1978,26.948916666666666,12,0.2569166666666667
TGO,1979,27.278333333333336,12,0.2803333333333333
TGO,1980,27.265583333333336,12,0.27858333333333335
TGO,1981,27.228166666666667,12,0.24775
TGO,1982,26.987166666666667,12,0.2575
TGO,1983,27.471999999999998,12,0.27308333333333334
TGO,1984,27.294416666666667,12,0.22916666666666666
TGO,1985,27.172916666666666,12,0.28791666666666665
TGO,1986,27.032333333333337,12,0.2906666666666667
TGO,1987,27.916833333333333,12,0.2629166666666667
TGO,1988,27.353416666666664,12,0.26308333333333334
TGO,1989,27.0725,12,0.30516666666666664
TGO,1990,27.516833333333334,12,0.3135
TGO,1991,27.056833333333334,12,0.30716666666666664
TGO,1992,26.9755,12,0.29558333333333336
TGO,1993,27.23675,12,0.26025000000000004
TGO,1994,27.081666666666667,12,0.2638333333333333
TGO,1995,27.311333333333334,12,0.289
TGO,1996,27.305833333333336,12,0.2350833333333333
TGO,1997,27.22541666666667,12,0.26075
TGO,1998,27.805583333333335,12,0.20458333333333334
TGO,1999,27.280333333333335,12,0.24516666666666667
TGO,2000,27.44241666666667,12,0.29175
TGO,2001,27.4105,12,0.3249166666666667
TGO,2002,27.497249999999998,12,0.31224999999999997
TGO,2003,27.666749999999997,12,0.29991666666666666
TGO,2004,27.53491666666667,12,0.2818333333333333
TGO,2005,27.766666666666666,12,0.26008333333333333
TGO,2006,27.768500000000003,12,0.3155833333333333
TGO,2007,27.863833333333332,12,0.4070833333333333
TGO,2008,27.464916666666667,12,0.35600000000000004
TGO,2009,27.710333333333335,12,0.361
THA,1960,26.591083333333334,12,0.25033333333333335
THA,1961,26.292333333333332,12,0.23725
THA,1962,26.136083333333332,12,0.29375
THA,1963,26.129,12,0.25366666666666665
THA,1964,26.243583333333333,12,0.21491666666666667
THA,1965,26.338083333333334,12,0.26125000000000004
THA,1966,26.81625,12,0.23016666666666666
THA,1967,26.09775,12,0.26025000000000004
THA,1968,26.356083333333334,12,0.21541666666666667
THA,1969,26.57375,12,0.211
THA,1970,26.40233333333333,12,0.1825
THA,1971,25.670083333333334,12,0.1918333333333333
THA,1972,26.395666666666667,12,0.21191666666666667
THA,1973,26.43958333333333,12,0.22599999999999998
THA,1974,26.008416666666665,12,0.22125000000000003
THA,1975,26.156499999999998,12,0.27108333333333334
THA,1976,25.955916666666667,12,0.22008333333333333
THA,1977,26.369,12,0.2075
THA,1978,26.498666666666665,12,0.22524999999999998
THA,1979,26.828833333333336,12,0.18975
THA,1980,26.805666666666667,12,0.16558333333333333
THA,1981,26.212500000000002,12,0.19841666666666666
THA,1982,26.187,12,0.1925
THA,1983,26.465000000000003,12,0.20966666666666667
THA,1984,26.130333333333336,12,0.2165
THA,1985,26.265500000000003,12,0.24349999999999997
THA,1986,26.148666666666667,12,0.20550000000000002
THA,1987,26.65116666666667,12,0.18425
THA,1988,26.39975,12,0.15725
THA,1989,26.320916666666665,12,0.21083333333333332
THA,1990,26.590666666666667,12,0.23775000000000002
THA,1991,26.653333333333332,12,0.16233333333333333
THA,1992,26.29116666666667,12,0.20274999999999999
THA,1993,26.297083333333333,12,0.19416666666666668
THA,1994,26.477,12,0.18233333333333335
THA,1995,26.529916666666665,12,0.18316666666666667
THA,1996,26.1855,12,0.18408333333333335
THA,1997,26.635166666666667,12,0.20025
THA,1998,27.379666666666665,12,0.14883333333333335
THA,1999,26.222250000000003,12,0.18233333333333335
THA,2000,26.302166666666665,12,0.19108333333333336
THA,2001,26.679833333333335,12,0.18891666666666665
THA,2002,26.786083333333334,12,0.20058333333333334
THA,2003,26.649,12,0.23666666666666666
THA,2004,26.5,12,0.21841666666666668
THA,2005,26.833166666666667,12,0.19633333333333333
THA,2006,26.744833333333332,12,0.222
THA,2007,26.636916666666668,12,0.19325
THA,2008,26.221999999999998,12,0.20925000000000002
THA,2009,26.648083333333332,12,0.2500833333333333
TJK,1960,3.9755000000000003,12,0.6053333333333334
TJK,1961,4.581583333333334,12,0.4395833333333334
TJK,1962,4.179416666666667,12,0.44775000000000004
TJK,1963,5.053166666666667,12,0.42175
TJK,1964,3.3668333333333336,12,0.46608333333333335
TJK,1965,4.235333333333333,12,0.4895833333333333
TJK,1966,4.511333333333334,12,0.3785
TJK,1967,3.884,12,0.4014166666666667
TJK,1968,4.148083333333333,12,0.4766666666666666
TJK,1969,3.3562499999999997,12,0.5865
TJK,1970,4.873,12,0.43883333333333335
TJK,1971,5.147166666666667,12,0.4423333333333333
TJK,1972,3.0141666666666667,12,0.5784166666666667
TJK,1973,4.600416666666667,12,0.48216666666666663
TJK,1974,3.670083333333334,12,0.5196666666666666
TJK,1975,3.8556666666666666,12,0.39666666666666667
TJK,1976,3.7933333333333334,12,0.5091666666666667
TJK,1977,4.6665,12,0.5073333333333333
TJK,1978,4.38175,12,0.5064166666666666
TJK,1979,4.606083333333333,12,0.4668333333333334
TJK,1980,5.141,12,0.4459166666666667
TJK,1981,5.003333333333334,12,0.4191666666666667
TJK,1982,4.131083333333334,12,0.3814166666666667
TJK,1983,4.9197500000000005,12,0.433
TJK,1984,4.02675,12,0.46349999999999997
TJK,1985,5.025833333333334,12,0.47508333333333336
TJK,1986,4.55025,12,0.46891666666666665
TJK,1987,4.624666666666666,12,0.41808333333333336
TJK,1988,5.31625,12,0.30183333333333334
TJK,1989,4.03625,12,0.4145833333333333
TJK,1990,5.199333333333334,12,0.3724166666666667
TJK,1991,4.489333333333334,12,0.39658333333333334
TJK,1992,4.4305,12,0.40958333333333335
TJK,1993,4.142666666666667,12,0.36333333333333334
TJK,1994,4.72025,12,0.39758333333333334
TJK,1995,4.808666666666666,12,0.4455
TJK,1996,4.275333333333333,12,0.3933333333333333
TJK,1997,5.452416666666667,12,0.7083333333333334
TJK,1998,5.116416666666667,12,0.42358333333333337
TJK,1999,5.425000000000001,12,0.521
TJK,2000,5.3925833333333335,12,0.4999166666666666
TJK,2001,5.718166666666666,12,0.4270833333333333
TJK,2002,5.291250000000001,12,0.4770833333333333
TJK,2003,4.890166666666667,12,0.39233333333333337
TJK,2004,5.8380833333333335,12,0.5218333333333333
TJK,2005,5.1845,12,0.49491666666666667
TJK,2006,5.531333333333333,12,0.5663333333333334
TJK,2007,5.441166666666667,12,0.4426666666666667
TJK,2008,5.174666666666667,12,0.5025833333333334
TJK,2009,5.096916666666667,12,0.4019166666666667
TKM,1960,14.835666666666667,12,0.37041666666666667
TKM,1961,15.841416666666667,12,0.39233333333333337
TKM,1962,15.141916666666667,12,0.38633333333333336
TKM,1963,15.902833333333334,12,0.36366666666666664
TKM,1964,14.1575,12,0.4523333333333333
TKM,1965,15.318666666666667,12,0.41091666666666665
TKM,1966,15.859833333333334,12,0.4234166666666667
TKM,1967,14.948416666666667,12,0.40291666666666665
TKM,1968,15.132416666666666,12,0.34358333333333335
TKM,1969,13.504166666666668,12,0.4836666666666667
TKM,1970,15.567,12,0.3309166666666667
TKM,1971,15.894,12,0.35833333333333334
TKM,1972,13.420333333333334,12,0.6374166666666666
TKM,1973,15.33775,12,0.3794166666666667
TKM,1974,14.093583333333333,12,0.3468333333333333
TKM,1975,15.44025,12,0.29041666666666666
TKM,1976,14.205833333333333,12,0.29950000000000004
TKM,1977,15.261000000000001,12,0.31316666666666665
TKM,1978,15.023583333333335,12,0.34375
TKM,1979,15.679083333333333,12,0.3115833333333333
TKM,1980,15.387916666666667,12,0.3056666666666667
TKM,1981,15.982416666666666,12,0.31433333333333335
TKM,1982,14.534833333333333,12,0.29725
TKM,1983,16.315166666666666,12,0.3076666666666667
TKM,1984,14.418166666666666,12,0.2870833333333333
TKM,1985,15.532166666666667,12,0.2931666666666667
TKM,1986,15.517416666666668,12,0.2665
TKM,1987,15.43875,12,0.31
TKM,1988,15.954833333333333,12,0.30416666666666664
TKM,1989,15.663499999999999,12,0.26675
TKM,1990,15.926416666666666,12,0.33058333333333334
TKM,1991,15.521083333333332,12,0.26933333333333337
TKM,1992,15.036833333333334,12,0.2960833333333333
TKM,1993,14.735416666666667,12,0.25266666666666665
TKM,1994,15.356416666666668,12,0.2738333333333333
TKM,1995,16.52091666666667,12,0.26958333333333334
TKM,1996,15.327,12,0.27558333333333335
TKM,1997,16.335,12,0.29383333333333334
TKM,1998,16.162583333333334,12,0.28650000000000003
TKM,1999,16.3785,12,0.261
TKM,2000,16.398166666666665,12,0.27925
TKM,2001,16.573833333333333,12,0.28958333333333336
TKM,2002,16.379583333333333,12,0.283
TKM,2003,15.642416666666668,12,0.28741666666666665
TKM,2004,16.663833333333333,12,0.27666666666666667
TKM,2005,16.579166666666666,12,0.29141666666666666
TKM,2006,16.51,12,0.30641666666666667
TKM,2007,16.302083333333332,12,0.25858333333333333
TKM,2008,15.858083333333333,12,0.3145833333333333
TKM,2009,16.355416666666667,12,0.3085833333333333
TLS,1960,25.986166666666666,12,0.47741666666666666
TLS,1961,25.878833333333333,12,0.6011666666666666
TLS,1962,26.074583333333333,12,0.47983333333333333
TLS,1963,25.581916666666668,12,0.5459166666666667
TLS,1964,26.125666666666664,12,0.5580833333333334
TLS,1965,25.722083333333334,12,0.5744166666666667
TLS,1966,26.041083333333333,12,0.48100000000000004
TLS,1967,25.84925,12,0.40491666666666665
TLS,1968,26.267333333333337,12,0.5105833333333333
TLS,1969,26.249583333333334,12,0.5443333333333333
TLS,1970,26.465083333333336,12,0.32375
TLS,1971,26.21858333333333,12,0.37399999999999994
TLS,1972,26.147833333333335,12,0.4254166666666667
TLS,1973,26.91016666666667,12,0.4101666666666666
TLS,1974,26.366333333333333,12,0.57275
TLS,1975,26.299083333333332,12,0.4603333333333333
TLS,1976,26.000083333333333,12,0.56775
TLS,1977,25.880750000000003,12,0.6844166666666668
TLS,1978,26.606916666666667,12,0.6019166666666667
TLS,1979,26.325166666666664,12,0.5735833333333333
TLS,1980,26.300083333333333,12,0.45025000000000004
TLS,1981,26.467083333333335,12,0.5481666666666667
TLS,1982,25.71166666666667,12,0.5271666666666667
TLS,1983,26.526833333333332,12,0.4603333333333333
TLS,1984,26.250666666666664,12,0.41425
TLS,1985,26.46466666666667,12,0.6110833333333333
TLS,1986,26.480666666666668,12,0.41675
TLS,1987,26.622249999999998,12,0.45475
TLS,1988,26.814000000000004,12,0.54075
TLS,1989,26.464583333333334,12,0.3718333333333333
TLS,1990,26.461333333333332,12,0.5383333333333333
TLS,1991,26.210583333333332,12,0.49499999999999994
TLS,1992,26.648833333333332,12,0.4439166666666667
TLS,1993,26.309916666666666,12,0.4355833333333334
TLS,1994,25.976583333333334,12,0.39725000000000005
TLS,1995,26.442583333333335,12,0.42241666666666666
TLS,1996,26.480500000000003,12,0.38633333333333336
TLS,1997,26.162833333333335,12,0.3706666666666667
TLS,1998,26.97075,12,0.3229166666666667
TLS,1999,26.105,12,0.36274999999999996
TLS,2000,26.087,12,0.39691666666666664
TLS,2001,26.393416666666667,12,0.38433333333333336
TLS,2002,26.617583333333332,12,0.3413333333333333
TLS,2003,26.605333333333334,12,0.35133333333333333
TLS,2004,26.468999999999998,12,0.36041666666666666
TLS,2005,26.860166666666668,12,0.35000000000000003
TLS,2006,26.202749999999998,12,0.3874166666666667
TLS,2007,26.47791666666667,12,0.3093333333333333
TLS,2008,26.306916666666666,12,0.3389166666666667
TLS,2009,26.642583333333334,12,0.3473333333333333
TON,1960,23.292583333333337,12,0.4571666666666667
TON,1961,23.517500000000002,12,0.4613333333333334
TON,1962,23.200833333333335,12,0.3873333333333333
TON,1963,23.112750000000002,12,0.41008333333333336
TON,1964,23.463333333333335,12,0.40058333333333335
TON,1965,22.714083333333335,12,0.595
TON,1966,22.983500000000003,12,0.6254166666666666
TON,1967,23.333,12,0.459
TON,1968,23.411916666666666,12,0.4235
TON,1969,22.956333333333333,12,0.5260833333333333
TON,1970,23.675749999999997,12,0.34874999999999995
TON,1971,23.855,12,0.544
TON,1972,23.170083333333334,12,0.4404166666666667
TON,1973,24.079916666666666,12,0.4455
TON,1974,24.006583333333335,12,0.46866666666666673
TON,1975,23.981166666666667,12,0.52775
TON,1976,23.376083333333337,12,0.4915833333333333
TON,1977,23.199250000000003,12,0.592
TON,1978,23.20075,12,0.4255
TON,1979,23.496166666666667,12,0.3729166666666666
TON,1980,23.514,12,0.25066666666666665
TON,1981,23.69225,12,0.2841666666666667
TON,1982,23.289833333333334,12,0.36366666666666664
TON,1983,23.50916666666667,12,0.3640833333333333
TON,1984,23.76725,12,0.40149999999999997
TON,1985,23.643416666666667,12,0.4186666666666667
TON,1986,23.183166666666665,12,0.3515
TON,1987,23.231083333333334,12,0.3449166666666667
TON,1988,24.242583333333332,12,0.2915
TON,1989,23.75366666666667,12,0.3615
TON,1990,23.639750000000003,12,0.3609166666666666
TON,1991,23.58791666666667,12,0.33325
TON,1992,23.576166666666666,12,0.35733333333333334
TON,1993,23.192333333333334,12,0.3349166666666667
TON,1994,23.22775,12,0.3485833333333333
TON,1995,23.890083333333333,12,0.3165833333333333
TON,1996,23.993666666666666,12,0.3589166666666667
TON,1997,23.386416666666666,12,0.32658333333333334
TON,1998,24.13383333333333,12,0.39875
TON,1999,23.869500000000002,12,0.36541666666666667
TON,2000,24.028666666666666,12,0.5145833333333334
TON,2001,23.99508333333333,12,0.33708333333333335
TON,2002,23.89316666666667,12,0.5949166666666666
TON,2003,23.9195,12,0.6495833333333333
TON,2004,23.891583333333333,12,0.5220833333333333
TON,2005,23.792083333333334,12,0.33183333333333337
TON,2006,23.816000000000003,12,0.39566666666666667
TON,2007,24.178583333333336,12,0.34650000000000003
TON,2008,23.848583333333334,12,0.39275
TON,2009,23.136916666666668,12,0.3526666666666667
TTO,1960,26.556416666666667,12,0.28975
TTO,1961,26.58758333333333,12,0.369
TTO,1962,26.52175,12,0.4071666666666667
TTO,1963,26.587833333333336,12,0.363
TTO,1964,26.25191666666667,12,0.35533333333333333
TTO,1965,26.322583333333338,12,0.338
TTO,1966,26.512,12,0.25316666666666665
TTO,1967,26.12425,12,0.3440833333333333
TTO,1968,26.084083333333336,12,0.28150000000000003
TTO,1969,26.83375,12,0.25275
TTO,1970,26.459666666666667,12,0.31975
TTO,1971,25.965500000000002,12,0.32383333333333336
TTO,1972,26.278333333333336,12,0.24291666666666667
TTO,1973,26.43433333333333,12,0.29916666666666664
TTO,1974,26.0775,12,0.27575
TTO,1975,26.06375,12,0.25458333333333333
TTO,1976,26.10891666666667,12,0.38325000000000004
TTO,1977,26.567333333333334,12,0.3474166666666667
TTO,1978,26.645416666666666,12,0.33058333333333334
TTO,1979,26.678,12,0.37041666666666667
TTO,1980,26.678833333333333,12,0.3086666666666667
TTO,1981,26.789,12,0.3755833333333333
TTO,1982,26.468999999999998,12,0.28583333333333333
TTO,1983,26.811666666666667,12,0.3935
TTO,1984,26.256249999999998,12,0.29333333333333333
TTO,1985,26.08741666666667,12,0.31075
TTO,1986,26.255416666666665,12,0.23958333333333334
TTO,1987,27.052000000000003,12,0.29616666666666663
TTO,1988,26.7325,12,0.33666666666666667
TTO,1989,26.32875,12,0.3565833333333333
TTO,1990,26.6615,12,0.28691666666666665
TTO,1991,26.529,12,0.32558333333333334
TTO,1992,26.49866666666667,12,0.292
TTO,1993,26.737083333333334,12,0.27999999999999997
TTO,1994,26.6075,12,0.27116666666666667
TTO,1995,27.00791666666667,12,0.3194166666666666
TTO,1996,26.573416666666663,12,0.3090833333333333
TTO,1997,26.681250000000002,12,0.325
TTO,1998,27.32641666666667,12,0.21716666666666665
TTO,1999,26.867666666666665,12,0.26266666666666666
TTO,2000,26.62708333333333,12,0.29516666666666663
TTO,2001,26.9485,12,0.24216666666666667
TTO,2002,26.854249999999997,12,0.267
TTO,2003,27.126083333333337,12,0.3938333333333333
TTO,2004,26.800916666666666,12,0.25991666666666663
TTO,2005,27.20325,12,0.29325
TTO,2006,27.069833333333335,12,0.29533333333333334
TTO,2007,26.898,12,0.288
TTO,2008,26.826666666666668,12,0.2781666666666667
TTO,2009,27.04025,12,0.327
TUN,1960,20.640916666666666,12,0.5554166666666667
TUN,1961,20.382916666666667,12,0.45625
TUN,1962,20.02025,12,0.4206666666666667
TUN,1963,20.225833333333334,12,0.39575
TUN,1964,20.096083333333333,12,0.36624999999999996
TUN,1965,19.972833333333334,12,0.41208333333333336
TUN,1966,20.222833333333334,12,0.30583333333333335
TUN,1967,19.946166666666667,12,0.29775
TUN,1968,20.251,12,0.29491666666666666
TUN,1969,19.99625,12,0.34425
TUN,1970,20.104916666666668,12,0.4036666666666667
TUN,1971,19.738416666666666,12,0.2608333333333333
TUN,1972,19.751749999999998,12,0.30075
TUN,1973,19.97216666666667,12,0.3859166666666667
TUN,1974,19.674,12,0.32016666666666665
TUN,1975,19.744416666666666,12,0.33408333333333334
TUN,1976,19.327583333333333,12,0.35941666666666666
TUN,1977,20.630333333333333,12,0.27725
TUN,1978,19.776,12,0.35716666666666663
TUN,1979,20.1765,12,0.29416666666666663
TUN,1980,19.496083333333335,12,0.27999999999999997
TUN,1981,20.267,12,0.3349166666666667
TUN,1982,20.507333333333335,12,0.32266666666666666
TUN,1983,20.277166666666666,12,0.33708333333333335
TUN,1984,19.832833333333333,12,0.3449166666666667
TUN,1985,20.486416666666667,12,0.3385
TUN,1986,20.276083333333336,12,0.37116666666666664
TUN,1987,20.803416666666667,12,0.3114166666666667
TUN,1988,20.92925,12,0.31425
TUN,1989,20.74641666666667,12,0.298
TUN,1990,20.929,12,0.31
TUN,1991,19.92475,12,0.2594166666666667
TUN,1992,20.033166666666666,12,0.30224999999999996
TUN,1993,20.567666666666668,12,0.37116666666666664
TUN,1994,21.266000000000002,12,0.32266666666666666
TUN,1995,20.68316666666667,12,0.25633333333333336
TUN,1996,20.5275,12,0.25575
TUN,1997,21.084,12,0.27825
TUN,1998,20.761333333333337,12,0.236
TUN,1999,21.65691666666667,12,0.3030833333333333
TUN,2000,21.1405,12,0.239
TUN,2001,21.70125,12,0.25033333333333335
TUN,2002,21.328416666666666,12,0.2364166666666667
TUN,2003,21.47758333333333,12,0.2985
TUN,2004,20.945083333333333,12,0.27375
TUN,2005,20.84575,12,0.22541666666666668
TUN,2006,21.31,12,0.2745
TUN,2007,21.154666666666667,12,0.31975
TUN,2008,21.204583333333336,12,0.28375
TUN,2009,21.092499999999998,12,0.30824999999999997
TUR,1960,12.580916666666667,12,0.28558333333333336
TUR,1961,12.083833333333333,12,0.20291666666666666
TUR,1962,13.118166666666667,12,0.24958333333333335
TUR,1963,12.284333333333334,12,0.26633333333333337
TUR,1964,11.270000000000001,12,0.22233333333333336
TUR,1965,11.671416666666666,12,0.2811666666666667
TUR,1966,13.413083333333333,12,0.20925000000000002
TUR,1967,11.024666666666667,12,0.2363333333333333
TUR,1968,11.930166666666667,12,0.21283333333333332
TUR,1969,11.968916666666667,12,0.2014166666666667
TUR,1970,12.554583333333333,12,0.17666666666666664
TUR,1971,11.94525,12,0.18125
TUR,1972,11.201666666666668,12,0.22991666666666666
TUR,1973,11.519416666666666,12,0.22533333333333336
TUR,1974,11.6215,12,0.21324999999999997
TUR,1975,11.70225,12,0.24416666666666667
TUR,1976,11.058916666666667,12,0.22708333333333333
TUR,1977,11.951916666666667,12,0.19399999999999998
TUR,1978,12.14025,12,0.19949999999999998
TUR,1979,12.871083333333333,12,0.20124999999999996
TUR,1980,11.984916666666669,12,0.18083333333333332
TUR,1981,12.5755,12,0.20641666666666666
TUR,1982,11.498583333333334,12,0.20383333333333334
TUR,1983,11.640749999999999,12,0.21341666666666667
TUR,1984,12.058,12,0.18600000000000003
TUR,1985,12.08625,12,0.23850000000000002
TUR,1986,12.260916666666667,12,0.21308333333333332
TUR,1987,11.613833333333334,12,0.18325
TUR,1988,11.621916666666666,12,0.18016666666666667
TUR,1989,12.1755,12,0.20241666666666666
TUR,1990,12.032499999999999,12,0.21508333333333332
TUR,1991,11.751083333333334,12,0.2316666666666667
TUR,1992,10.516666666666667,12,0.35391666666666666
TUR,1993,11.277416666666667,12,0.25025000000000003
TUR,1994,12.744833333333334,12,0.22916666666666666
TUR,1995,12.188833333333333,12,0.20458333333333334
TUR,1996,12.405916666666668,12,0.25125000000000003
TUR,1997,11.568,12,0.26891666666666664
TUR,1998,12.883166666666668,12,0.20733333333333334
TUR,1999,13.08725,12,0.19125
TUR,2000,12.201916666666667,12,0.2025
TUR,2001,13.28325,12,0.22566666666666668
TUR,2002,12.338999999999999,12,0.2609166666666667
TUR,2003,12.331333333333335,12,0.241
TUR,2004,12.310166666666667,12,0.22991666666666666
TUR,2005,12.432916666666666,12,0.22491666666666665
TUR,2006,12.450083333333334,12,0.27316666666666667
TUR,2007,12.815333333333333,12,0.2273333333333333
TUR,2008,12.657833333333334,12,0.29483333333333334
TUR,2009,12.814833333333333,12,0.23966666666666667
TWN,1960,22.497666666666664,12,0.21733333333333335
TWN,1961,22.4695,12,0.23483333333333334
TWN,1962,22.000833333333333,12,0.27558333333333335
TWN,1963,22.03333333333333,12,0.2668333333333333
TWN,1964,22.398666666666667,12,0.22899999999999998
TWN,1965,22.247416666666666,12,0.26999999999999996
TWN,1966,22.718500000000002,12,0.26316666666666666
TWN,1967,21.998166666666666,12,0.23591666666666666
TWN,1968,21.724999999999998,12,0.21591666666666667
TWN,1969,22.091166666666666,12,0.2304166666666667
TWN,1970,22.159833333333335,12,0.25366666666666665
TWN,1971,21.94758333333333,12,0.22991666666666666
TWN,1972,22.0895,12,0.23975
TWN,1973,22.485083333333336,12,0.245
TWN,1974,22.218083333333336,12,0.23299999999999998
TWN,1975,22.371,12,0.2511666666666667
TWN,1976,21.93058333333333,12,0.2334166666666667
TWN,1977,22.528000000000002,12,0.19975
TWN,1978,22.261416666666666,12,0.22875
TWN,1979,22.3575,12,0.2041666666666667
TWN,1980,22.484333333333336,12,0.18241666666666667
TWN,1981,22.197666666666667,12,0.23024999999999998
TWN,1982,22.19225,12,0.17900000000000002
TWN,1983,22.477166666666665,12,0.19091666666666665
TWN,1984,21.960583333333332,12,0.19741666666666668
TWN,1985,22.100666666666665,12,0.21725000000000003
TWN,1986,21.91058333333333,12,0.19683333333333333
TWN,1987,22.505666666666666,12,0.162
TWN,1988,22.32133333333333,12,0.18275
TWN,1989,22.184250000000002,12,0.20466666666666666
TWN,1990,22.47275,12,0.21208333333333332
TWN,1991,22.612916666666667,12,0.19058333333333333
TWN,1992,22.12483333333333,12,0.23525
TWN,1993,22.489333333333335,12,0.18841666666666668
TWN,1994,22.825083333333335,12,0.17983333333333332
TWN,1995,22.17025,12,0.16916666666666666
TWN,1996,22.347916666666666,12,0.167
TWN,1997,22.48866666666667,12,0.19000000000000003
TWN,1998,23.44558333333333,12,0.18266666666666667
TWN,1999,22.6925,12,0.18616666666666667
TWN,2000,22.7045,12,0.22374999999999998
TWN,2001,22.796166666666664,12,0.2555
TWN,2002,23.136,12,0.22316666666666665
TWN,2003,22.885666666666665,12,0.26958333333333334
TWN,2004,22.638,12,0.23958333333333334
TWN,2005,22.529083333333332,12,0.17241666666666666
TWN,2006,23.12091666666667,12,0.29375
TWN,2007,23.054166666666664,12,0.24208333333333334
TWN,2008,22.714416666666665,12,0.23016666666666666
TWN,2009,22.885166666666667,12,0.21458333333333335
TZA,1960,22.317666666666668,12,0.3525833333333333
TZA,1961,22.52133333333333,12,0.2995
TZA,1962,22.216583333333332,12,0.3509166666666667
TZA,1963,22.031833333333335,12,0.27575
TZA,1964,22.07558333333333,12,0.28091666666666665
TZA,1965,22.116500000000002,12,0.2804166666666667
TZA,1966,22.46875,12,0.24883333333333332
TZA,1967,22.352500000000003,12,0.30391666666666667
TZA,1968,21.966333333333335,12,0.37200000000000005
TZA,1969,22.684583333333336,12,0.31325
TZA,1970,22.37108333333333,12,0.29283333333333333
TZA,1971,21.96741666666667,12,0.27116666666666667
TZA,1972,22.404083333333332,12,0.27791666666666665
TZA,1973,22.443416666666668,12,0.36800000000000005
TZA,1974,22.136750000000003,12,0.3594166666666667
TZA,1975,22.27825,12,0.30283333333333334
TZA,1976,22.431916666666666,12,0.28925
TZA,1977,22.587333333333333,12,0.25866666666666666
TZA,1978,22.360916666666668,12,0.3006666666666667
TZA,1979,22.401916666666665,12,0.2760833333333333
TZA,1980,22.652916666666666,12,0.28733333333333333
TZA,1981,22.478250000000003,12,0.3939166666666667
TZA,1982,22.56358333333333,12,0.3448333333333333
TZA,1983,23.116333333333333,12,0.32225
TZA,1984,22.410666666666668,12,0.37825
TZA,1985,22.369500000000002,12,0.33758333333333335
TZA,1986,22.577749999999998,12,0.36883333333333335
TZA,1987,23.093999999999998,12,0.3720833333333333
TZA,1988,22.922083333333333,12,0.2575
TZA,1989,22.308000000000003,12,0.35541666666666666
TZA,1990,22.714333333333332,12,0.4871666666666667
TZA,1991,22.691166666666664,12,0.35908333333333337
TZA,1992,22.803,12,0.31483333333333335
TZA,1993,22.69,12,0.3925
TZA,1994,22.862416666666665,12,0.41050000000000003
TZA,1995,23.006416666666667,12,0.2881666666666667
TZA,1996,22.75666666666667,12,0.38125000000000003
TZA,1997,22.94875,12,0.34450000000000003
TZA,1998,23.058166666666665,12,0.35508333333333336
TZA,1999,22.64816666666667,12,0.3735
TZA,2000,22.791583333333335,12,0.3329166666666667
TZA,2001,22.747500000000002,12,0.3336666666666666
TZA,2002,23.00175,12,0.3465833333333333
TZA,2003,23.28108333333333,12,0.3075
TZA,2004,23.04625,12,0.3045833333333334
TZA,2005,23.723416666666665,12,0.30575
TZA,2006,23.045416666666668,12,0.32983333333333337
TZA,2007,22.9255,12,0.21741666666666667
TZA,2008,22.706416666666666,12,0.22866666666666666
TZA,2009,23.150000000000002,12,0.2840833333333333
UGA,1960,23.04733333333333,12,0.28491666666666665
UGA,1961,23.049166666666668,12,0.3511666666666666
UGA,1962,22.872666666666664,12,0.35274999999999995
UGA,1963,22.87875,12,0.3388333333333333
UGA,1964,22.8095,12,0.32716666666666666
UGA,1965,23.029750000000003,12,0.40650000000000003
UGA,1966,23.107833333333332,12,0.442
UGA,1967,22.926833333333335,12,0.4724166666666667
UGA,1968,22.757500000000004,12,0.3293333333333333
UGA,1969,23.205333333333332,12,0.3627500000000001
UGA,1970,23.049583333333334,12,0.4063333333333334
UGA,1971,22.88275,12,0.34141666666666665
UGA,1972,23.337083333333336,12,0.35766666666666663
UGA,1973,23.30241666666667,12,0.64525
UGA,1974,22.98425,12,0.35566666666666663
UGA,1975,23.04975,12,0.32308333333333333
UGA,1976,23.162166666666668,12,0.3961666666666666
UGA,1977,23.280083333333334,12,0.34041666666666665
UGA,1978,23.1965,12,0.37716666666666665
UGA,1979,23.290333333333333,12,0.32208333333333333
UGA,1980,23.633416666666665,12,0.3680833333333333
UGA,1981,23.368916666666667,12,0.3899166666666667
UGA,1982,23.306250000000002,12,0.4583333333333333
UGA,1983,23.592083333333335,12,0.4415
UGA,1984,23.39408333333333,12,0.3595
UGA,1985,23.20175,12,0.4678333333333333
UGA,1986,23.45325,12,0.39975
UGA,1987,23.968,12,0.5250833333333333
UGA,1988,23.51375,12,0.3518333333333334
UGA,1989,22.961083333333335,12,0.4615
UGA,1990,23.267083333333336,12,0.39691666666666664
UGA,1991,23.176000000000002,12,0.4455
UGA,1992,23.295416666666668,12,0.5776666666666667
UGA,1993,23.39091666666667,12,0.6
UGA,1994,23.415583333333334,12,0.4688333333333334
UGA,1995,23.571583333333333,12,0.42050000000000004
UGA,1996,23.3005,12,0.4655
UGA,1997,23.813666666666666,12,0.445
UGA,1998,23.744249999999997,12,0.5685
UGA,1999,23.28408333333333,12,0.5359166666666667
UGA,2000,23.560916666666667,12,0.47800000000000004
UGA,2001,23.405833333333334,12,0.506
UGA,2002,23.8305,12,0.4399166666666667
UGA,2003,23.843833333333333,12,0.4855833333333333
UGA,2004,23.811916666666665,12,0.5144166666666666
UGA,2005,24.029833333333332,12,0.5174166666666666
UGA,2006,23.770083333333332,12,0.4443333333333333
UGA,2007,23.4905,12,0.5185
UGA,2008,23.49625,12,0.41474999999999995
UGA,2009,24.047166666666666,12,0.38566666666666666
UKR,1960,8.558,12,0.23283333333333334
UKR,1961,8.61725,12,0.252
UKR,1962,8.34825,12,0.3065
UKR,1963,7.409583333333333,12,0.2775
UKR,1964,7.4647499999999996,12,0.258
UKR,1965,7.103249999999999,12,0.2861666666666667
UKR,1966,9.345666666666666,12,0.26966666666666667
UKR,1967,8.327916666666665,12,0.268
UKR,1968,8.091416666666666,12,0.24791666666666667
UKR,1969,6.782333333333334,12,0.24133333333333332
UKR,1970,8.154166666666667,12,0.218
UKR,1971,8.22125,12,0.22116666666666665
UKR,1972,8.386833333333334,12,0.2569166666666667
UKR,1973,7.728333333333333,12,0.22908333333333333
UKR,1974,8.300416666666665,12,0.21375
UKR,1975,9.365166666666667,12,0.23941666666666664
UKR,1976,6.668416666666666,12,0.239
UKR,1977,7.978749999999999,12,0.18725
UKR,1978,7.242166666666666,12,0.20283333333333334
UKR,1979,8.242166666666666,12,0.19583333333333333
UKR,1980,6.900083333333334,12,0.19066666666666668
UKR,1981,8.764666666666667,12,0.2040833333333333
UKR,1982,8.1415,12,0.20933333333333334
UKR,1983,8.964666666666668,12,0.23199999999999998
UKR,1984,7.9736666666666665,12,0.21033333333333334
UKR,1985,6.5635,12,0.22475
UKR,1986,8.010666666666667,12,0.20958333333333334
UKR,1987,6.1825,12,0.20174999999999998
UKR,1988,7.781333333333333,12,0.1955
UKR,1989,9.52375,12,0.22924999999999998
UKR,1990,9.400833333333333,12,0.2334166666666667
UKR,1991,8.300166666666668,12,0.1775
UKR,1992,8.37975,12,0.22316666666666665
UKR,1993,7.458416666666666,12,0.18416666666666667
UKR,1994,8.80725,12,0.20658333333333334
UKR,1995,8.709083333333334,12,0.17883333333333332
UKR,1996,7.552583333333334,12,0.19333333333333333
UKR,1997,7.604583333333333,12,0.22624999999999998
UKR,1998,8.455583333333333,12,0.19183333333333333
UKR,1999,9.50725,12,0.18191666666666664
UKR,2000,9.316333333333334,12,0.20350000000000001
UKR,2001,8.938666666666666,12,0.17241666666666666
UKR,2002,9.377166666666666,12,0.20274999999999999
UKR,2003,8.219666666666667,12,0.22099999999999997
UKR,2004,8.850499999999998,12,0.23858333333333334
UKR,2005,8.917333333333334,12,0.20025
UKR,2006,8.454666666666666,12,0.23216666666666666
UKR,2007,10.055416666666666,12,0.23083333333333333
UKR,2008,9.55975,12,0.2021666666666667
UKR,2009,9.4285,12,0.21233333333333335
URY,1960,17.549083333333332,12,0.29383333333333334
URY,1961,17.79158333333333,12,0.3136666666666667
URY,1962,17.01125,12,0.3798333333333333
URY,1963,17.5035,12,0.36850000000000005
URY,1964,16.531333333333333,12,0.3665833333333333
URY,1965,17.615083333333335,12,0.37833333333333335
URY,1966,16.903666666666666,12,0.3595
URY,1967,17.698416666666667,12,0.33466666666666667
URY,1968,17.609666666666666,12,0.305
URY,1969,17.617583333333332,12,0.26816666666666666
URY,1970,17.5755,12,0.3845
URY,1971,17.116916666666665,12,0.34908333333333336
URY,1972,17.508583333333334,12,0.35375
URY,1973,17.277,12,0.32866666666666666
URY,1974,17.27675,12,0.30075
URY,1975,17.568583333333333,12,0.28308333333333335
URY,1976,16.900333333333332,12,0.24966666666666668
URY,1977,17.999583333333334,12,0.2574166666666667
URY,1978,17.47875,12,0.26258333333333334
URY,1979,17.380583333333334,12,0.2614166666666667
URY,1980,18.056416666666667,12,0.22758333333333333
URY,1981,17.848333333333333,12,0.26233333333333336
URY,1982,18.016416666666668,12,0.3080833333333333
URY,1983,17.404666666666667,12,0.28558333333333336
URY,1984,17.226666666666667,12,0.29275
URY,1985,18.008083333333335,12,0.33866666666666667
URY,1986,18.113583333333334,12,0.27008333333333334
URY,1987,17.658666666666665,12,0.3010833333333333
URY,1988,17.1135,12,0.31116666666666665
URY,1989,18.1005,12,0.34325
URY,1990,17.70358333333333,12,0.31616666666666665
URY,1991,17.973916666666668,12,0.22491666666666665
URY,1992,17.528833333333335,12,0.2875
URY,1993,17.646416666666667,12,0.2881666666666667
URY,1994,18.131916666666665,12,0.24808333333333335
URY,1995,17.66475,12,0.24133333333333332
URY,1996,17.874166666666667,12,0.24975
URY,1997,18.3655,12,0.25716666666666665
URY,1998,17.5215,12,0.23575000000000002
URY,1999,17.60775,12,0.24683333333333335
URY,2000,17.75675,12,0.29233333333333333
URY,2001,18.57425,12,0.3706666666666667
URY,2002,17.993916666666667,12,0.29575
URY,2003,17.604666666666667,12,0.32508333333333334
URY,2004,18.06083333333333,12,0.2579166666666666
URY,2005,18.194416666666665,12,0.24366666666666667
URY,2006,18.24041666666667,12,0.2801666666666667
URY,2007,17.516166666666667,12,0.379
URY,2008,18.2805,12,0.31516666666666665
URY,2009,17.871333333333336,12,0.28391666666666665
USA,1960,8.69225,12,0.18025
USA,1961,8.642000000000001,12,0.18725
USA,1962,8.9565,12,0.23825
USA,1963,9.08,12,0.18591666666666665
USA,1964,8.491666666666667,12,0.17241666666666666
USA,1965,8.647666666666668,12,0.22675
USA,1966,8.483,12,0.19025
USA,1967,8.902,12,0.19516666666666668
USA,1968,8.55325,12,0.1865
USA,1969,8.770833333333334,12,0.17258333333333334
USA,1970,8.673,12,0.17758333333333332
USA,1971,8.4425,12,0.16825
USA,1972,8.428083333333333,12,0.18383333333333332
USA,1973,8.934666666666667,12,0.20191666666666666
USA,1974,8.815916666666666,12,0.18575
USA,1975,8.431,12,0.206
USA,1976,8.65125,12,0.20558333333333334
USA,1977,9.269833333333333,12,0.16441666666666666
USA,1978,8.751416666666666,12,0.20433333333333334
USA,1979,8.571583333333333,12,0.17975
USA,1980,9.1355,12,0.14491666666666667
USA,1981,9.7215,12,0.1765
USA,1982,8.5395,12,0.1535
USA,1983,8.912333333333333,12,0.18241666666666667
USA,1984,8.811166666666667,12,0.16341666666666665
USA,1985,8.587000000000002,12,0.19808333333333336
USA,1986,9.5595,12,0.19325
USA,1987,9.628166666666667,12,0.15233333333333332
USA,1988,9.275333333333334,12,0.15225
USA,1989,8.873083333333334,12,0.18491666666666665
USA,1990,9.521583333333334,12,0.18616666666666667
USA,1991,9.493666666666666,12,0.14291666666666666
USA,1992,9.056333333333333,12,0.20299999999999999
USA,1993,8.86725,12,0.16583333333333333
USA,1994,9.270333333333333,12,0.1658333333333333
USA,1995,9.331000000000001,12,0.14816666666666667
USA,1996,8.754333333333333,12,0.13975
USA,1997,9.172916666666667,12,0.16749999999999998
USA,1998,10.141166666666667,12,0.12791666666666665
USA,1999,9.567,12,0.1455
USA,2000,9.64975,12,0.16225
USA,2001,9.785583333333333,12,0.13875
USA,2002,9.816166666666666,12,0.14233333333333334
USA,2003,9.755083333333333,12,0.19625
USA,2004,9.6675,12,0.17308333333333334
USA,2005,9.892666666666667,12,0.13675
USA,2006,9.9745,12,0.17933333333333332
USA,2007,9.8375,12,0.142
USA,2008,8.951416666666667,12,0.14325
USA,2009,9.137083333333333,12,0.16466666666666666
UZB,1960,12.057,12,0.3730833333333334
UZB,1961,13.459916666666667,12,0.371
UZB,1962,12.790083333333333,12,0.3710833333333334
UZB,1963,13.640083333333335,12,0.329
UZB,1964,11.745,12,0.36666666666666664
UZB,1965,12.952166666666669,12,0.41491666666666666
UZB,1966,13.284916666666668,12,0.399
UZB,1967,12.638416666666666,12,0.42408333333333337
UZB,1968,12.604333333333335,12,0.4235
UZB,1969,11.158916666666668,12,0.47041666666666665
UZB,1970,12.980416666666668,12,0.37274999999999997
UZB,1971,13.428833333333332,12,0.3845
UZB,1972,10.935333333333334,12,0.6464166666666666
UZB,1973,12.908166666666666,12,0.3941666666666667
UZB,1974,11.789833333333334,12,0.36866666666666664
UZB,1975,13.097833333333334,12,0.296
UZB,1976,11.785333333333334,12,0.33433333333333337
UZB,1977,12.869083333333334,12,0.34108333333333335
UZB,1978,12.633666666666668,12,0.33066666666666666
UZB,1979,13.341833333333334,12,0.27658333333333335
UZB,1980,13.02675,12,0.31516666666666665
UZB,1981,13.524416666666667,12,0.33641666666666664
UZB,1982,12.379,12,0.30133333333333334
UZB,1983,14.087000000000002,12,0.27458333333333335
UZB,1984,11.914666666666667,12,0.32175
UZB,1985,13.020583333333335,12,0.2735
UZB,1986,13.126166666666668,12,0.29575
UZB,1987,12.846333333333334,12,0.2778333333333333
UZB,1988,13.595583333333336,12,0.26625000000000004
UZB,1989,12.9655,12,0.28191666666666665
UZB,1990,13.463083333333332,12,0.303
UZB,1991,13.031083333333333,12,0.274
UZB,1992,12.863333333333335,12,0.28450000000000003
UZB,1993,11.956000000000001,12,0.29183333333333333
UZB,1994,12.639166666666666,12,0.30291666666666667
UZB,1995,13.971333333333334,12,0.27599999999999997
UZB,1996,12.45225,12,0.25708333333333333
UZB,1997,13.84725,12,0.29258333333333336
UZB,1998,13.245,12,0.28158333333333335
UZB,1999,13.908500000000002,12,0.25816666666666666
UZB,2000,13.938833333333335,12,0.27575
UZB,2001,13.998,12,0.2619166666666667
UZB,2002,13.871916666666666,12,0.2595
UZB,2003,13.157666666666666,12,0.29883333333333334
UZB,2004,14.442,12,0.28358333333333335
UZB,2005,14.043999999999999,12,0.2816666666666667
UZB,2006,13.78625,12,0.30025
UZB,2007,13.928333333333333,12,0.2584166666666667
UZB,2008,13.309,12,0.29025
UZB,2009,13.700333333333333,12,0.2594166666666667
VCT,1960,27.309583333333336,12,0.2708333333333333
VCT,1961,27.127,12,0.31825
VCT,1962,27.171666666666667,12,0.3665
VCT,1963,27.28225,12,0.32375
VCT,1964,26.99775,12,0.3114166666666667
VCT,1965,26.956833333333336,12,0.3411666666666666
VCT,1966,27.084166666666665,12,0.27066666666666667
VCT,1967,26.802083333333332,12,0.30491666666666667
VCT,1968,26.815833333333334,12,0.311
VCT,1969,27.42725,12,0.25333333333333335
VCT,1970,27.130916666666668,12,0.28575
VCT,1971,26.72666666666667,12,0.22066666666666668
VCT,1972,27.030833333333334,12,0.2505833333333333
VCT,1973,27.136166666666668,12,0.24650000000000002
VCT,1974,26.759,12,0.2871666666666666
VCT,1975,26.747083333333336,12,0.32866666666666666
VCT,1976,26.668000000000003,12,0.3264166666666667
VCT,1977,27.1345,12,0.2575
VCT,1978,27.229333333333333,12,0.2623333333333333
VCT,1979,27.214916666666667,12,0.3125
VCT,1980,27.454666666666668,12,0.2608333333333333
VCT,1981,27.457666666666668,12,0.2808333333333333
VCT,1982,27.094083333333334,12,0.23675000000000002
VCT,1983,27.35766666666667,12,0.2718333333333333
VCT,1984,26.986583333333332,12,0.25766666666666665
VCT,1985,26.832583333333332,12,0.23450000000000001
VCT,1986,26.96558333333333,12,0.227
VCT,1987,27.706999999999997,12,0.24791666666666667
VCT,1988,27.328833333333336,12,0.24616666666666667
VCT,1989,27.041083333333333,12,0.25675
VCT,1990,27.28333333333333,12,0.248
VCT,1991,27.220083333333335,12,0.20425000000000001
VCT,1992,27.24325,12,0.2535
VCT,1993,27.387833333333333,12,0.2045
VCT,1994,27.281000000000002,12,0.24275
VCT,1995,27.636916666666664,12,0.22616666666666665
VCT,1996,27.303083333333333,12,0.19358333333333333
VCT,1997,27.56741666666667,12,0.18583333333333332
VCT,1998,27.965166666666665,12,0.19033333333333333
VCT,1999,27.477500000000003,12,0.19399999999999998
VCT,2000,27.217916666666667,12,0.18933333333333333
VCT,2001,27.566083333333335,12,0.19166666666666665
VCT,2002,27.601583333333334,12,0.19891666666666666
VCT,2003,27.744,12,0.2654166666666667
VCT,2004,27.498583333333332,12,0.27608333333333335
VCT,2005,27.981916666666667,12,0.20925000000000002
VCT,2006,27.8205,12,0.2525
VCT,2007,27.7165,12,0.21858333333333335
VCT,2008,27.3815,12,0.2235
VCT,2009,27.642750000000003,12,0.26366666666666666
VEN,1960,25.40116666666667,12,0.33233333333333337
VEN,1961,25.387249999999998,12,0.3219166666666667
VEN,1962,25.42533333333333,12,0.3455
VEN,1963,25.417083333333334,12,0.2764166666666667
VEN,1964,25.364416666666667,12,0.3189166666666667
VEN,1965,25.291083333333333,12,0.32858333333333334
VEN,1966,25.542,12,0.25325000000000003
VEN,1967,25.058916666666665,12,0.2738333333333333
VEN,1968,25.084416666666666,12,0.25958333333333333
VEN,1969,25.684749999999998,12,0.29241666666666666
VEN,1970,25.34166666666667,12,0.36191666666666666
VEN,1971,24.724416666666666,12,0.37725000000000003
VEN,1972,25.237,12,0.27858333333333335
VEN,1973,25.482333333333333,12,0.32841666666666663
VEN,1974,25.003249999999998,12,0.2916666666666667
VEN,1975,25.03725,12,0.28158333333333335
VEN,1976,25.02325,12,0.29325
VEN,1977,25.595583333333334,12,0.34941666666666665
VEN,1978,25.499,12,0.326
VEN,1979,25.609416666666664,12,0.315
VEN,1980,25.573083333333333,12,0.331
VEN,1981,25.450666666666667,12,0.2850833333333333
VEN,1982,25.38716666666667,12,0.29391666666666666
VEN,1983,25.783583333333336,12,0.334
VEN,1984,25.284750000000003,12,0.33866666666666667
VEN,1985,25.049833333333336,12,0.3485833333333333
VEN,1986,25.26575,12,0.3393333333333333
VEN,1987,25.97725,12,0.33308333333333334
VEN,1988,25.547749999999997,12,0.3179166666666667
VEN,1989,25.086250000000003,12,0.42450000000000004
VEN,1990,25.59475,12,0.3520833333333333
VEN,1991,25.5065,12,0.28391666666666665
VEN,1992,25.593333333333334,12,0.311
VEN,1993,25.468,12,0.3760833333333333
VEN,1994,25.506500000000003,12,0.29741666666666666
VEN,1995,25.921583333333334,12,0.3010833333333333
VEN,1996,25.5985,12,0.32058333333333333
VEN,1997,25.752666666666666,12,0.3333333333333333
VEN,1998,26.159000000000002,12,0.3040833333333333
VEN,1999,25.344833333333337,12,0.26575
VEN,2000,25.388499999999997,12,0.25225000000000003
VEN,2001,25.771333333333335,12,0.24791666666666667
VEN,2002,25.772166666666667,12,0.29433333333333334
VEN,2003,26.008333333333336,12,0.38033333333333336
VEN,2004,25.817833333333336,12,0.26933333333333337
VEN,2005,26.019416666666668,12,0.28141666666666665
VEN,2006,25.84991666666667,12,0.3295
VEN,2007,25.854083333333335,12,0.30575
VEN,2008,25.64825,12,0.3163333333333333
VEN,2009,26.08491666666667,12,0.35391666666666666
VGB,1960,26.917083333333334,12,0.36033333333333334
VGB,1961,26.674833333333336,12,0.26491666666666663
VGB,1962,26.583166666666667,12,0.3411666666666667
VGB,1963,26.80241666666667,12,0.2745
VGB,1964,26.67975,12,0.3075
VGB,1965,26.30333333333333,12,0.39658333333333334
VGB,1966,26.439833333333336,12,0.3105833333333333
VGB,1967,26.23,12,0.29033333333333333
VGB,1968,26.323333333333334,12,0.25375
VGB,1969,26.77525,12,0.26958333333333334
VGB,1970,26.606583333333333,12,0.30258333333333337
VGB,1971,26.292166666666663,12,0.27466666666666667
VGB,1972,26.40125,12,0.30483333333333335
VGB,1973,26.733583333333332,12,0.31583333333333335
VGB,1974,26.171666666666667,12,0.24391666666666667
VGB,1975,26.247500000000002,12,0.27133333333333337
VGB,1976,26.151833333333332,12,0.30425
VGB,1977,26.730833333333333,12,0.24316666666666667
VGB,1978,26.717583333333334,12,0.28125
VGB,1979,26.549333333333333,12,0.33908333333333335
VGB,1980,26.99,12,0.2181666666666667
VGB,1981,26.90325,12,0.23666666666666666
VGB,1982,26.553833333333333,12,0.3035833333333333
VGB,1983,26.958166666666667,12,0.3116666666666667
VGB,1984,26.599333333333334,12,0.3140833333333333
VGB,1985,26.593833333333336,12,0.31975
VGB,1986,26.6095,12,0.22058333333333333
VGB,1987,27.143583333333336,12,0.2801666666666667
VGB,1988,26.828500000000002,12,0.25033333333333335
VGB,1989,26.56041666666667,12,0.29083333333333333
VGB,1990,26.82166666666667,12,0.27899999999999997
VGB,1991,26.777583333333336,12,0.27741666666666664
VGB,1992,26.776416666666666,12,0.30191666666666667
VGB,1993,26.9305,12,0.35341666666666666
VGB,1994,27.040750000000003,12,0.2820833333333333
VGB,1995,27.228916666666667,12,0.2644166666666667
VGB,1996,26.743583333333333,12,0.2791666666666667
VGB,1997,27.114666666666665,12,0.23274999999999998
VGB,1998,27.452333333333332,12,0.2501666666666667
VGB,1999,26.99825,12,0.2654166666666667
VGB,2000,26.730583333333332,12,0.24075000000000002
VGB,2001,27.133166666666668,12,0.26058333333333333
VGB,2002,27.297833333333333,12,0.27516666666666667
VGB,2003,27.376583333333333,12,0.2755
VGB,2004,27.02925,12,0.23575000000000002
VGB,2005,27.424666666666667,12,0.23458333333333334
VGB,2006,27.37483333333333,12,0.29425
VGB,2007,27.47,12,0.27416666666666667
VGB,2008,26.924000000000003,12,0.23625
VGB,2009,27.238500000000002,12,0.23008333333333333
VIR,1960,26.917083333333334,12,0.36033333333333334
VIR,1961,26.674833333333336,12,0.26491666666666663
VIR,1962,26.583166666666667,12,0.3411666666666667
VIR,1963,26.80241666666667,12,0.2745
VIR,1964,26.67975,12,0.3075
VIR,1965,26.30333333333333,12,0.39658333333333334
VIR,1966,26.439833333333336,12,0.3105833333333333
VIR,1967,26.23,12,0.29033333333333333
VIR,1968,26.323333333333334,12,0.25375
VIR,1969,26.77525,12,0.26958333333333334
VIR,1970,26.606583333333333,12,0.30258333333333337
VIR,1971,26.292166666666663,12,0.27466666666666667
VIR,1972,26.40125,12,0.30483333333333335
VIR,1973,26.733583333333332,12,0.31583333333333335
VIR,1974,26.171666666666667,12,0.24391666666666667
VIR,1975,26.247500000000002,12,0.27133333333333337
VIR,1976,26.151833333333332,12,0.30425
VIR,1977,26.730833333333333,12,0.24316666666666667
VIR,1978,26.717583333333334,12,0.28125
VIR,1979,26.549333333333333,12,0.33908333333333335
VIR,1980,26.99,12,0.2181666666666667
VIR,1981,26.90325,12,0.23666666666666666
VIR,1982,26.553833333333333,12,0.3035833333333333
VIR,1983,26.958166666666667,12,0.3116666666666667
VIR,1984,26.599333333333334,12,0.3140833333333333
VIR,1985,26.593833333333336,12,0.31975
VIR,1986,26.6095,12,0.22058333333333333
VIR,1987,27.143583333333336,12,0.2801666666666667
VIR,1988,26.828500000000002,12,0.25033333333333335
VIR,1989,26.56041666666667,12,0.29083333333333333
VIR,1990,26.82166666666667,12,0.27899999999999997
VIR,1991,26.777583333333336,12,0.27741666666666664
VIR,1992,26.776416666666666,12,0.30191666666666667
VIR,1993,26.9305,12,0.35341666666666666
VIR,1994,27.040750000000003,12,0.2820833333333333
VIR,1995,27.228916666666667,12,0.2644166666666667
VIR,1996,26.743583333333333,12,0.2791666666666667
VIR,1997,27.114666666666665,12,0.23274999999999998
VIR,1998,27.452333333333332,12,0.2501666666666667
VIR,1999,26.99825,12,0.2654166666666667
VIR,2000,26.730583333333332,12,0.24075000000000002
VIR,2001,27.133166666666668,12,0.26058333333333333
VIR,2002,27.297833333333333,12,0.27516666666666667
VIR,2003,27.376583333333333,12,0.2755
VIR,2004,27.02925,12,0.23575000000000002
VIR,2005,27.424666666666667,12,0.23458333333333334
VIR,2006,27.37483333333333,12,0.29425
VIR,2007,27.47,12,0.27416666666666667
VIR,2008,26.924000000000003,12,0.23625
VIR,2009,27.238500000000002,12,0.23008333333333333
VNM,1960,24.14408333333333,12,0.26291666666666663
VNM,1961,24.09266666666667,12,0.249
VNM,1962,23.702333333333332,12,0.2986666666666667
VNM,1963,23.757583333333333,12,0.24975
VNM,1964,23.953666666666667,12,0.21758333333333332
VNM,1965,24.099166666666665,12,0.26808333333333334
VNM,1966,24.52133333333333,12,0.24983333333333332
VNM,1967,23.638833333333334,12,0.2634166666666667
VNM,1968,23.90341666666667,12,0.2324166666666667
VNM,1969,24.200666666666667,12,0.23891666666666667
VNM,1970,23.91725,12,0.23491666666666666
VNM,1971,23.406000000000002,12,0.20966666666666667
VNM,1972,24.025833333333335,12,0.25933333333333336
VNM,1973,24.341250000000002,12,0.257
VNM,1974,23.76325,12,0.2340833333333333
VNM,1975,23.987666666666666,12,0.28550000000000003
VNM,1976,23.625833333333333,12,0.26308333333333334
VNM,1977,23.814833333333336,12,0.25833333333333336
VNM,1978,23.901750000000003,12,0.225
VNM,1979,24.170749999999998,12,0.28975
VNM,1980,24.172166666666666,12,0.23516666666666666
VNM,1981,24.178833333333333,12,0.26866666666666666
VNM,1982,24.000666666666664,12,0.24166666666666667
VNM,1983,23.945083333333333,12,0.30333333333333334
VNM,1984,23.755666666666666,12,0.27058333333333334
VNM,1985,23.887249999999998,12,0.31266666666666665
VNM,1986,23.928833333333333,12,0.22333333333333336
VNM,1987,24.600916666666667,12,0.25233333333333335
VNM,1988,24.127499999999998,12,0.23908333333333334
VNM,1989,23.886916666666668,12,0.2535
VNM,1990,24.274083333333333,12,0.28091666666666665
VNM,1991,24.2765,12,0.21708333333333332
VNM,1992,23.851250000000004,12,0.2225
VNM,1993,23.935666666666666,12,0.257
VNM,1994,24.15941666666667,12,0.2658333333333333
VNM,1995,23.919,12,0.19399999999999998
VNM,1996,23.749666666666666,12,0.21958333333333332
VNM,1997,24.22266666666667,12,0.22766666666666668
VNM,1998,24.899833333333333,12,0.19575
VNM,1999,24.06641666666667,12,0.20458333333333334
VNM,2000,23.981916666666667,12,0.20025
VNM,2001,24.184916666666666,12,0.21258333333333335
VNM,2002,24.39375,12,0.2021666666666667
VNM,2003,24.49775,12,0.26325
VNM,2004,24.056916666666666,12,0.21183333333333335
VNM,2005,24.298000000000002,12,0.21866666666666668
VNM,2006,24.523083333333332,12,0.23675000000000002
VNM,2007,24.302166666666665,12,0.22483333333333333
VNM,2008,23.784000000000002,12,0.24308333333333332
VNM,2009,24.46558333333333,12,0.24425
WSM,1960,26.522499999999997,12,0.3433333333333333
WSM,1961,26.373083333333337,12,0.391
WSM,1962,26.348333333333333,12,0.4205833333333333
WSM,1963,26.572083333333335,12,0.37283333333333335
WSM,1964,26.3505,12,0.35133333333333333
WSM,1965,26.109166666666667,12,0.33775
WSM,1966,26.493583333333333,12,0.37483333333333335
WSM,1967,26.123666666666665,12,0.27666666666666667
WSM,1968,26.239333333333335,12,0.29883333333333334
WSM,1969,26.635166666666667,12,0.33058333333333334
WSM,1970,26.491,12,0.28591666666666665
WSM,1971,26.136166666666668,12,0.35758333333333336
WSM,1972,26.508166666666668,12,0.28933333333333333
WSM,1973,26.81441666666667,12,0.33158333333333334
WSM,1974,26.33441666666667,12,0.32508333333333334
WSM,1975,26.515,12,0.2995
WSM,1976,26.478333333333335,12,0.31375000000000003
WSM,1977,26.50675,12,0.3420833333333333
WSM,1978,26.388500000000004,12,0.24766666666666667
WSM,1979,26.623666666666665,12,0.3253333333333333
WSM,1980,26.72125,12,0.30224999999999996
WSM,1981,26.49791666666667,12,0.39525000000000005
WSM,1982,26.64108333333333,12,0.34441666666666665
WSM,1983,26.656499999999998,12,0.34450000000000003
WSM,1984,26.594166666666666,12,0.25708333333333333
WSM,1985,26.678749999999997,12,0.23116666666666666
WSM,1986,26.669,12,0.24758333333333335
WSM,1987,26.589250000000003,12,0.24983333333333335
WSM,1988,26.8105,12,0.247
WSM,1989,26.477333333333334,12,0.33483333333333337
WSM,1990,26.858583333333332,12,0.29025
WSM,1991,26.849083333333336,12,0.311
WSM,1992,26.75916666666667,12,0.3461666666666667
WSM,1993,26.522916666666664,12,0.306
WSM,1994,26.74891666666667,12,0.5134166666666667
WSM,1995,27.037333333333336,12,0.38966666666666666
WSM,1996,26.84583333333333,12,0.31124999999999997
WSM,1997,26.706916666666668,12,0.2806666666666667
WSM,1998,27.121916666666667,12,0.47425
WSM,1999,26.780333333333335,12,0.4784166666666667
WSM,2000,26.838333333333335,12,0.45425
WSM,2001,26.953833333333336,12,0.36474999999999996
WSM,2002,27.236666666666668,12,0.30541666666666667
WSM,2003,27.022666666666666,12,0.3760833333333333
WSM,2004,27.05775,12,0.5335
WSM,2005,27.124333333333336,12,0.405
WSM,2006,26.834999999999997,12,0.39608333333333334
WSM,2007,27.14925,12,0.4116666666666667
WSM,2008,26.671166666666664,12,0.3033333333333333
WSM,2009,26.728333333333335,12,0.39399999999999996
YEM,1960,26.319083333333335,12,0.67075
YEM,1961,26.331166666666665,12,0.8136666666666666
YEM,1962,26.197333333333333,12,0.6509166666666667
YEM,1963,26.268666666666665,12,0.6409166666666667
YEM,1964,26.099083333333336,12,0.5938333333333333
YEM,1965,25.967666666666663,12,0.62075
YEM,1966,26.483833333333333,12,0.6594166666666667
YEM,1967,26.26825,12,0.6702499999999999
YEM,1968,26.104833333333332,12,0.8455833333333334
YEM,1969,26.6905,12,0.8278333333333333
YEM,1970,26.37591666666667,12,0.7200833333333333
YEM,1971,26.028333333333336,12,0.7743333333333333
YEM,1972,26.486500000000003,12,0.7054166666666667
YEM,1973,26.278833333333335,12,1.1744999999999999
YEM,1974,26.097333333333335,12,1.0570833333333334
YEM,1975,25.695166666666665,12,1.5421666666666667
YEM,1976,25.949,12,1.0169166666666667
YEM,1977,26.81041666666667,12,0.7770833333333332
YEM,1978,26.69575,12,0.7294166666666667
YEM,1979,26.584999999999997,12,0.7512500000000001
YEM,1980,26.855583333333332,12,0.8596666666666666
YEM,1981,26.542333333333335,12,0.7350833333333333
YEM,1982,26.08275,12,0.53525
YEM,1983,26.244500000000002,12,0.8904166666666665
YEM,1984,25.851083333333335,12,0.9349999999999999
YEM,1985,25.882583333333333,12,0.7727499999999999
YEM,1986,26.054666666666666,12,0.6933333333333334
YEM,1987,26.612083333333334,12,0.8060833333333334
YEM,1988,26.783916666666666,12,0.79175
YEM,1989,25.894499999999997,12,0.645
YEM,1990,26.640666666666664,12,0.5889166666666666
YEM,1991,26.594416666666664,12,0.7046666666666667
YEM,1992,26.266499999999997,12,0.5679166666666666
YEM,1993,26.402,12,0.6404166666666667
YEM,1994,26.994250000000005,12,0.8226666666666667
YEM,1995,26.57766666666667,12,0.6664166666666667
YEM,1996,26.546166666666668,12,0.7003333333333334
YEM,1997,26.94,12,0.7975833333333333
YEM,1998,27.368666666666666,12,0.8050833333333333
YEM,1999,27.353583333333333,12,0.8129166666666667
YEM,2000,27.436166666666665,12,0.7606666666666667
YEM,2001,27.068916666666667,12,0.7710833333333333
YEM,2002,27.12516666666667,12,0.7654166666666667
YEM,2003,27.35775,12,0.6230833333333333
YEM,2004,27.334083333333336,12,0.8105833333333333
YEM,2005,27.294666666666668,12,0.7364999999999999
YEM,2006,27.175,12,0.66575
YEM,2007,27.31075,12,0.49041666666666667
YEM,2008,26.8075,12,0.6009166666666667
YEM,2009,27.34241666666667,12,0.5465
ZAF,1960,17.571583333333333,12,0.2374166666666667
ZAF,1961,17.545166666666667,12,0.23766666666666666
ZAF,1962,17.738666666666667,12,0.283
ZAF,1963,17.50583333333333,12,0.22558333333333333
ZAF,1964,17.262,12,0.24091666666666667
ZAF,1965,17.399916666666666,12,0.27591666666666664
ZAF,1966,17.80666666666667,12,0.24891666666666667
ZAF,1967,17.307833333333335,12,0.25116666666666665
ZAF,1968,17.043583333333334,12,0.25725000000000003
ZAF,1969,17.772333333333332,12,0.2565
ZAF,1970,17.72025,12,0.25166666666666665
ZAF,1971,17.28575,12,0.22475
ZAF,1972,17.621166666666667,12,0.26358333333333334
ZAF,1973,17.584416666666666,12,0.26225
ZAF,1974,17.175416666666667,12,0.29916666666666664
ZAF,1975,17.1505,12,0.29125
ZAF,1976,16.963833333333334,12,0.27116666666666667
ZAF,1977,17.66,12,0.2508333333333333
ZAF,1978,17.40975,12,0.27316666666666667
ZAF,1979,17.789833333333334,12,0.21058333333333334
ZAF,1980,17.609833333333334,12,0.2565
ZAF,1981,17.115750000000002,12,0.2500833333333333
ZAF,1982,17.752083333333335,12,0.23491666666666666
ZAF,1983,18.203583333333334,12,0.23933333333333331
ZAF,1984,17.96816666666667,12,0.21516666666666664
ZAF,1985,18.056083333333333,12,0.258
ZAF,1986,17.955000000000002,12,0.24625
ZAF,1987,18.103583333333333,12,0.21383333333333332
ZAF,1988,17.628833333333333,12,0.19933333333333333
ZAF,1989,17.406166666666667,12,0.255
ZAF,1990,17.728333333333335,12,0.23191666666666666
ZAF,1991,17.752,12,0.21658333333333335
ZAF,1992,18.25616666666667,12,0.2354166666666667
ZAF,1993,18.202749999999998,12,0.22524999999999998
ZAF,1994,17.61475,12,0.22975
ZAF,1995,17.87075,12,0.2394166666666667
ZAF,1996,17.258666666666667,12,0.19983333333333334
ZAF,1997,17.61525,12,0.20391666666666666
ZAF,1998,18.095333333333333,12,0.21158333333333332
ZAF,1999,18.5455,12,0.20833333333333334
ZAF,2000,17.585583333333336,12,0.20566666666666666
ZAF,2001,17.867916666666666,12,0.22141666666666668
ZAF,2002,17.949416666666668,12,0.26366666666666666
ZAF,2003,18.261666666666667,12,0.28975
ZAF,2004,18.082833333333337,12,0.26458333333333334
ZAF,2005,18.217916666666667,12,0.2314166666666667
ZAF,2006,17.5975,12,0.25816666666666666
ZAF,2007,17.98625,12,0.2961666666666667
ZAF,2008,17.956083333333336,12,0.29616666666666663
ZAF,2009,17.886,12,0.25066666666666665
ZMB,1960,21.40008333333333,12,0.349
ZMB,1961,21.54116666666667,12,0.22108333333333333
ZMB,1962,21.266666666666666,12,0.27991666666666665
ZMB,1963,21.014583333333334,12,0.2768333333333333
ZMB,1964,21.1295,12,0.27116666666666667
ZMB,1965,21.042666666666666,12,0.26675
ZMB,1966,21.667,12,0.27
ZMB,1967,21.249166666666667,12,0.32625
ZMB,1968,21.247333333333334,12,0.31875000000000003
ZMB,1969,21.54341666666667,12,0.27291666666666664
ZMB,1970,21.631333333333334,12,0.24791666666666667
ZMB,1971,21.190333333333335,12,0.24066666666666667
ZMB,1972,21.401083333333332,12,0.2715
ZMB,1973,21.479166666666668,12,0.3735
ZMB,1974,20.78425,12,0.23883333333333334
ZMB,1975,21.109416666666668,12,0.2594166666666667
ZMB,1976,20.826249999999998,12,0.2804166666666667
ZMB,1977,21.5615,12,0.3284166666666667
ZMB,1978,21.162083333333335,12,0.334
ZMB,1979,21.379166666666666,12,0.3406666666666667
ZMB,1980,21.337666666666667,12,0.3525833333333333
ZMB,1981,21.247833333333332,12,0.3705833333333333
ZMB,1982,21.59958333333333,12,0.43741666666666673
ZMB,1983,22.346083333333336,12,0.3489166666666667
ZMB,1984,21.673833333333334,12,0.3805
ZMB,1985,21.331833333333336,12,0.42475
ZMB,1986,21.294083333333333,12,0.3660833333333333
ZMB,1987,22.308583333333335,12,0.447
ZMB,1988,21.88508333333333,12,0.37074999999999997
ZMB,1989,21.644000000000002,12,0.5475
ZMB,1990,22.219333333333335,12,0.435
ZMB,1991,21.62891666666667,12,0.4394166666666666
ZMB,1992,22.414666666666665,12,0.4359166666666667
ZMB,1993,21.711583333333333,12,0.5313333333333333
ZMB,1994,21.84658333333333,12,0.5281666666666667
ZMB,1995,22.45141666666667,12,0.35975
ZMB,1996,22.018083333333333,12,0.4263333333333333
ZMB,1997,21.949749999999998,12,0.3436666666666666
ZMB,1998,22.300666666666668,12,0.4819166666666667
ZMB,1999,21.45175,12,0.5125833333333333
ZMB,2000,21.55875,12,0.41441666666666666
ZMB,2001,21.80241666666667,12,0.5053333333333333
ZMB,2002,22.292416666666668,12,0.46975000000000006
ZMB,2003,22.156750000000002,12,0.44025000000000003
ZMB,2004,21.768083333333333,12,0.42383333333333334
ZMB,2005,22.8135,12,0.47491666666666665
ZMB,2006,21.78425,12,0.42333333333333334
ZMB,2007,21.8385,12,0.49008333333333337
ZMB,2008,21.535833333333333,12,0.4851666666666667
ZMB,2009,21.67025,12,0.4916666666666667
ZWE,1960,21.178583333333332,12,0.25666666666666665
ZWE,1961,21.4085,12,0.23108333333333334
ZWE,1962,21.432583333333337,12,0.33275
ZWE,1963,20.7565,12,0.21433333333333335
ZWE,1964,21.080583333333333,12,0.25433333333333336
ZWE,1965,20.992333333333335,12,0.264
ZWE,1966,21.4145,12,0.24541666666666664
ZWE,1967,21.145333333333333,12,0.23975000000000002
ZWE,1968,21.363166666666668,12,0.21016666666666664
ZWE,1969,21.345333333333333,12,0.22291666666666665
ZWE,1970,21.79875,12,0.18958333333333333
ZWE,1971,21.16025,12,0.21183333333333332
ZWE,1972,21.031583333333334,12,0.2085
ZWE,1973,21.460416666666664,12,0.2518333333333333
ZWE,1974,20.55825,12,0.24025
ZWE,1975,20.8335,12,0.2165
ZWE,1976,20.691,12,0.23666666666666666
ZWE,1977,21.405,12,0.2316666666666667
ZWE,1978,20.924666666666667,12,0.21133333333333335
ZWE,1979,21.255666666666666,12,0.205
ZWE,1980,21.128833333333333,12,0.21566666666666667
ZWE,1981,20.804166666666667,12,0.24866666666666667
ZWE,1982,21.574916666666667,12,0.2555
ZWE,1983,22.367166666666666,12,0.24808333333333332
ZWE,1984,21.714583333333334,12,0.19508333333333336
ZWE,1985,21.198083333333333,12,0.23291666666666666
ZWE,1986,21.2005,12,0.2901666666666667
ZWE,1987,22.3235,12,0.22966666666666666
ZWE,1988,21.483,12,0.21124999999999997
ZWE,1989,21.43225,12,0.24083333333333334
ZWE,1990,22.13025,12,0.24875
ZWE,1991,21.789666666666665,12,0.24858333333333335
ZWE,1992,22.840333333333334,12,0.29083333333333333
ZWE,1993,21.852249999999998,12,0.24266666666666667
ZWE,1994,21.60875,12,0.26066666666666666
ZWE,1995,22.496333333333336,12,0.286
ZWE,1996,21.55316666666667,12,0.24316666666666667
ZWE,1997,21.566666666666666,12,0.28125
ZWE,1998,22.142166666666668,12,0.25433333333333336
ZWE,1999,21.486333333333334,12,0.2508333333333333
ZWE,2000,21.149,12,0.26825
ZWE,2001,21.69366666666667,12,0.314
ZWE,2002,22.081083333333336,12,0.30575
ZWE,2003,21.89125,12,0.4013333333333333
ZWE,2004,21.330916666666667,12,0.32908333333333334
ZWE,2005,22.50991666666667,12,0.2723333333333333
ZWE,2006,21.618750000000002,12,0.315
ZWE,2007,21.604249999999997,12,0.32
ZWE,2008,21.545583333333337,12,0.433
ZWE,2009,21.37725,12,0.4364166666666667
