country,cca3,reference_year,population_at_reference,density_at_reference_per_km2,population_growth_prior_decade_pct,prior_decade_mean_temp_c,prior_decade_warming_c_per_decade,prior_decade_detrended_volatility_c,prior_decade_mean_temp_uncertainty_c,area_km2,continent,target_exposure_class
Aruba,ABW,1970,59106,328.3666666666667,,28.199408333333338,0.1074595959595944,0.18984095480680793,0.3587666666666667,180,North America,High
Aruba,ABW,1980,62267,345.9277777777778,5.34801881365683,28.167541666666672,0.19795454545454605,0.28782938385222967,0.3272166666666666,180,North America,Low
Aruba,ABW,1990,65712,365.06666666666666,5.532625628342469,28.342575,-0.27031818181818323,0.3026605084735206,0.32425833333333337,180,North America,High
Afghanistan,AFG,1970,10752971,16.48647103015807,,13.961283333333332,-0.322575757575757,0.49422573987852364,0.4119833333333333,652230,Asia,Low
Afghanistan,AFG,1980,12486631,19.144521104518343,16.122613926885876,14.035983333333334,0.10884848484848536,0.746613153295199,0.41252500000000003,652230,Asia,Low
Afghanistan,AFG,1990,10694796,16.39727703417506,-14.350027641563202,14.595183333333335,0.15579797979798168,0.4974842372584415,0.4213166666666667,652230,Asia,Medium
Angola,AGO,1970,6029700,4.836528435068581,,21.887691666666665,0.09729797979798002,0.15473213301470418,0.3156,1246700,Africa,Low
Angola,AGO,1980,8330047,6.6816772278816075,38.15027281622634,21.906983333333336,-0.18656565656565635,0.26421844098879355,0.3906666666666666,1246700,Africa,Low
Angola,AGO,1990,11828638,9.487958610732333,41.99965498393947,22.199141666666666,0.3887525252525234,0.24239085494695312,0.5175166666666666,1246700,Africa,Medium
Anguilla,AIA,1970,6283,69.04395604395604,,26.82451666666667,-0.3831515151515186,0.19652735114348563,0.35830833333333334,91,North America,Medium
Anguilla,AIA,1980,6560,72.08791208791209,4.408721948113947,26.748399999999997,0.15963636363636516,0.2400512064246888,0.3485083333333333,91,North America,Low
Anguilla,AIA,1990,8316,91.38461538461539,26.76829268292682,27.048000000000002,-0.14423232323232413,0.21073963294046585,0.31251666666666666,91,North America,High
Albania,ALB,1970,2324731,80.86583414498399,,12.919900000000002,-0.6021414141414134,0.2835228407964226,0.3391416666666667,28748,Europe,Medium
Albania,ALB,1980,2941651,102.32541394183943,26.53726388128348,12.610949999999999,0.07163636363636505,0.3403777996884683,0.3155166666666666,28748,Europe,High
Albania,ALB,1990,3295066,114.61896479755113,12.014171633548653,12.775675,0.6596515151515147,0.2191448032904347,0.30144166666666666,28748,Europe,High
Andorra,AND,1970,19860,42.43589743589744,,11.3271,-0.2284242424242407,0.4558721720015245,0.3502416666666667,468,Europe,Medium
Andorra,AND,1980,35611,76.09188034188034,79.31017119838873,11.159275,0.04772222222222171,0.18021019049210776,0.31902500000000006,468,Europe,High
Andorra,AND,1990,53569,114.46367521367522,50.428238465642636,11.671633333333334,0.9680000000000011,0.45626088114878643,0.28134166666666666,468,Europe,High
United Arab Emirates,ARE,1970,298084,3.565598086124402,,27.741816666666672,0.11814141414141534,0.29183499272991315,0.7001166666666666,83600,Asia,Medium
United Arab Emirates,ARE,1980,1014048,12.12976076555024,240.18867164960213,27.859050000000003,0.4263535353535367,0.344808164539297,0.5878833333333333,83600,Asia,Low
United Arab Emirates,ARE,1990,1900151,22.72907894736842,87.38274716778693,27.794391666666673,-0.04569191919192018,0.36342013619098823,0.39665833333333333,83600,Asia,High
Argentina,ARG,1970,23842803,8.575313983599482,,14.919450000000001,0.2998787878787872,0.2242289956280393,0.22380833333333333,2780400,South America,Low
Argentina,ARG,1980,28024803,10.079414113077256,17.539884048029087,14.879241666666667,0.25767171717171766,0.2907409872717651,0.215125,2780400,South America,Low
Argentina,ARG,1990,32637657,11.738475399223134,16.459898041031717,15.123408333333334,0.13621717171717107,0.31871455854401876,0.198475,2780400,South America,Medium
Armenia,ARM,1970,2534377,85.20919207880846,,9.062958333333333,-1.0752878787878768,0.8378168318403062,0.42704166666666665,29743,Asia,High
Armenia,ARM,1980,3135123,105.40708738190499,23.70389251480738,8.848691666666667,0.4788636363636359,0.7237905208868805,0.3894083333333333,29743,Asia,Medium
Armenia,ARM,1990,3556539,119.57566486232055,13.441769270296566,9.139683333333332,0.013777777777776744,0.47084234843330486,0.3799416666666667,29743,Asia,High
American Samoa,ASM,1970,27075,136.05527638190955,,26.650491666666664,-0.046772727272725606,0.1898862670557984,0.38809166666666667,199,Oceania,Medium
American Samoa,ASM,1980,32886,165.25628140703517,21.462603878116337,26.756116666666667,0.1182525252525295,0.18738520276755147,0.3339583333333333,199,Oceania,Medium
American Samoa,ASM,1990,47818,240.29145728643215,45.40533965821323,26.911825,0.02848989898989586,0.1042539263696415,0.3166916666666667,199,Oceania,Medium
Antigua and Barbuda,ATG,1970,64516,145.96380090497738,,26.668533333333336,-0.36850505050505256,0.18740121450588154,0.3685083333333333,442,North America,Medium
Antigua and Barbuda,ATG,1980,64888,146.8054298642534,0.5766011532023052,26.58654166666667,0.1353080808080802,0.23710174410101503,0.30396666666666666,442,North America,Low
Antigua and Barbuda,ATG,1990,63328,143.2760180995475,-2.4041425225003077,26.874258333333337,-0.1837929292929294,0.2271180687094399,0.2694416666666667,442,North America,High
Australia,AUS,1970,12595034,1.6374148078581139,,21.67145,0.04621212121211923,0.2718467902273315,0.21187499999999998,7692024,Oceania,Low
Australia,AUS,1980,14706322,1.9118923705906274,16.762860663972813,21.77290833333333,0.008712121212122548,0.3917457207989767,0.19695833333333335,7692024,Oceania,Low
Australia,AUS,1990,17048003,2.2163221279600793,15.922954767344265,22.114075,-0.14638888888889032,0.32726014887418325,0.18404166666666666,7692024,Oceania,Low
Austria,AUT,1970,7465301,89.00932384256775,,6.273616666666666,-0.01806060606060617,0.5917111352379084,0.30085000000000006,83871,Europe,Medium
Austria,AUT,1980,7547561,89.9901157730324,1.10189796767739,6.415983333333334,0.21394949494949508,0.3898469671433543,0.288475,83871,Europe,High
Austria,AUT,1990,7678729,91.55404132536871,1.7378859210279929,6.516866666666667,0.8002929292929282,0.5410331952559603,0.26203333333333334,83871,Europe,Low
Azerbaijan,AZE,1970,5425317,62.64800230946882,,11.668783333333334,-1.1218181818181818,0.7662957202805677,0.40469999999999995,86600,Asia,Medium
Azerbaijan,AZE,1980,6383060,73.70739030023094,17.653217314306247,11.531541666666666,0.15769191919192055,0.620135040814391,0.36305,86600,Asia,Medium
Azerbaijan,AZE,1990,7427836,85.77177829099307,16.367948914783813,11.736633333333334,0.2081313131313131,0.4484776182115038,0.3412416666666666,86600,Asia,High
Burundi,BDI,1970,3497834,125.66767263059567,,20.016591666666667,0.20084343434343227,0.15893670217822312,0.5028583333333334,27834,Africa,High
Burundi,BDI,1980,4312834,154.94840842135517,23.30013373990876,20.137825,0.45657070707070757,0.20279859825771393,0.38944999999999996,27834,Africa,Medium
Burundi,BDI,1990,5483793,197.01778400517352,27.150569671821366,20.480241666666668,-0.11532828282828281,0.28117309112642325,0.5096583333333332,27834,Africa,High
Belgium,BEL,1970,9629376,315.42767295597486,,9.478133333333334,0.05082828282828348,0.688498429273342,0.2581916666666667,30528,Europe,Low
Belgium,BEL,1980,9828986,321.9662604821803,2.0729276746489056,9.718708333333334,-0.19338888888888833,0.41940961788210873,0.24430000000000002,30528,Europe,High
Belgium,BEL,1990,9959560,326.2434486373166,1.3284585001952287,9.770458333333334,0.6164191919191918,0.6690392891221535,0.21767499999999998,30528,Europe,Medium
Benin,BEN,1970,3023443,26.845935962778142,,27.163766666666668,0.25602020202020487,0.18466329877159168,0.27805,112622,Africa,Low
Benin,BEN,1980,3833939,34.042540533821104,26.807054077090253,27.32096666666667,-0.09142424242424424,0.2948213643831549,0.2520583333333334,112622,Africa,Medium
Benin,BEN,1990,5133419,45.580961091083445,33.894122989437236,27.54089166666667,0.03851010101009936,0.28528547050630626,0.26502499999999996,112622,Africa,High
Burkina Faso,BFA,1970,5611666,20.55803815113182,,28.117783333333335,0.40331313131313196,0.2405373010002093,0.26348333333333335,272967,Africa,Low
Burkina Faso,BFA,1980,6932967,25.398553671322908,23.545610162828655,28.284991666666667,-0.11048989898990004,0.31265330855225526,0.24708333333333332,272967,Africa,Low
Burkina Faso,BFA,1990,9131361,33.452252470078804,31.709281177885316,28.51414166666667,-0.06024747474747576,0.31348466452961965,0.28715833333333335,272967,Africa,Medium
Bangladesh,BGD,1970,67541860,457.69370468252356,,25.170716666666667,-0.13977777777777656,0.19469326249489435,0.26129166666666664,147570,Asia,High
Bangladesh,BGD,1980,83929765,568.7454428406858,24.26333091804105,25.14134166666667,0.42274242424242353,0.23199664651781288,0.294075,147570,Asia,High
Bangladesh,BGD,1990,107147651,726.080172121705,27.66347076034348,25.29443333333333,0.5153030303030284,0.19312786553651215,0.28526666666666667,147570,Asia,High
Bulgaria,BGR,1970,8582950,77.40825584646326,,10.833250000000001,-0.4586060606060618,0.4400143806955123,0.31370000000000003,110879,Europe,Medium
Bulgaria,BGR,1980,8980606,80.994651827668,4.6330923516972655,10.627108333333332,-0.02399494949494981,0.3961666297552236,0.2771666666666667,110879,Europe,High
Bulgaria,BGR,1990,8767778,79.07519007206054,-2.3698623455922663,10.622191666666666,0.47320707070707096,0.26818865752151877,0.2813,110879,Europe,Medium
Bahrain,BHR,1970,222555,290.921568627451,,26.101808333333338,0.07279292929292691,0.4384672441962706,0.5091833333333333,765,Asia,High
Bahrain,BHR,1980,362595,473.98039215686276,62.9237716519512,26.064025000000004,0.7495707070707064,0.356073661367267,0.4575083333333333,765,Asia,High
Bahrain,BHR,1990,517418,676.3633986928105,42.69860312469835,26.202908333333333,0.2166515151515202,0.41566325371412793,0.4649916666666667,765,Asia,High
Bahamas,BHS,1970,179129,12.84723517177078,,25.180116666666667,-0.1696363636363638,0.17080787229168437,0.3586083333333333,13943,North America,Medium
Bahamas,BHS,1980,223752,16.0476224628846,24.911097588888452,25.380591666666668,0.24197474747474657,0.18614212350288226,0.28683333333333333,13943,North America,Low
Bahamas,BHS,1990,270679,19.41325396256186,20.972773427723546,25.51425,0.12249494949494902,0.19800416681176894,0.3266083333333334,13943,North America,Low
Bosnia and Herzegovina,BIH,1970,3815561,74.50957839442286,,10.553733333333335,-0.45366666666666644,0.413531999747074,0.3789083333333333,51209,Europe,Medium
Bosnia and Herzegovina,BIH,1980,4199820,82.01331797145033,10.070838862227593,10.505658333333335,0.10805555555555676,0.39278113676598164,0.32295833333333335,51209,Europe,High
Bosnia and Herzegovina,BIH,1990,4494310,87.76406491046495,7.011967179545797,10.59435,0.7522727272727265,0.3256122532677703,0.28846666666666665,51209,Europe,Low
Saint Barthelemy,BLM,1970,2417,115.0952380952381,,26.82451666666667,-0.3831515151515186,0.19652735114348563,0.35830833333333334,21,North America,High
Saint Barthelemy,BLM,1980,2983,142.04761904761904,23.41745966073645,26.748399999999997,0.15963636363636516,0.2400512064246888,0.3485083333333333,21,North America,Medium
Saint Barthelemy,BLM,1990,5168,246.0952380952381,73.2484076433121,27.048000000000002,-0.14423232323232413,0.21073963294046585,0.31251666666666666,21,North America,High
Belarus,BLR,1970,9170786,44.17526974951831,,5.878433333333334,-1.1361818181818175,0.7389471999092003,0.28679166666666667,207600,Europe,Low
Belarus,BLR,1980,9817257,47.28929190751445,7.049243107406489,6.164141666666667,-0.8569949494949496,0.8247492863046366,0.24841666666666667,207600,Europe,High
Belarus,BLR,1990,10428525,50.23374277456647,6.226464276121124,6.148691666666666,0.5681969696969702,1.1794145027768097,0.22271666666666667,207600,Europe,Low
Belize,BLZ,1970,120905,5.264521466515719,,25.274458333333335,0.001974747474746066,0.2179192129024839,0.43204166666666666,22966,North America,Low
Belize,BLZ,1980,145133,6.319472263345816,20.038873495719777,25.292375,0.03684343434343529,0.22971717176343873,0.38689166666666663,22966,North America,Low
Belize,BLZ,1990,182589,7.950404946442568,25.808051924786234,25.474691666666665,-0.24526767676767922,0.1934487993077503,0.34573333333333334,22966,North America,Low
Bolivia,BOL,1970,4585693,4.174196531707721,,21.189075,0.7010757575757594,0.29024636647987345,0.40494166666666676,1098581,South America,Low
Bolivia,BOL,1980,5736088,5.221361010248676,25.086611772746224,21.113666666666667,-0.12878787878787942,0.26277836424433204,0.33719166666666667,1098581,South America,Low
Bolivia,BOL,1990,7096194,6.459418103899485,23.711386575659233,21.363808333333335,0.44336868686868813,0.2330478014064217,0.32274166666666665,1098581,South America,Low
Brazil,BRA,1970,96369875,11.316640650219762,,24.964499999999997,0.12215151515151426,0.2125377600306189,0.26784166666666664,8515767,South America,Low
Brazil,BRA,1980,122288383,14.360231204071225,26.8948237195493,24.90479166666667,-0.06480303030303311,0.23999248298880818,0.2319833333333333,8515767,South America,Low
Brazil,BRA,1990,150706446,17.697342588166162,23.238563061218986,25.153125000000003,-0.016358585858585017,0.19983469871078294,0.21573333333333333,8515767,South America,Medium
Barbados,BRB,1970,241397,561.3883720930232,,26.767599999999998,-0.1873131313131318,0.1936355515251277,0.3438166666666667,430,North America,High
Barbados,BRB,1980,253575,589.7093023255813,5.044801716674185,26.63465,0.16365656565656433,0.2155480296292843,0.30513333333333337,430,North America,Medium
Barbados,BRB,1990,258868,602.0186046511628,2.087350882381944,26.899716666666666,-0.16302020202019982,0.2530783602840641,0.27196666666666663,430,North America,High
Bhutan,BTN,1970,298894,7.78491430952753,,11.975791666666666,-0.21471212121212283,0.29729483881167956,0.34683333333333327,38394,Asia,Low
Bhutan,BTN,1980,415257,10.815674324113143,38.93119299818666,12.140249999999998,0.17465656565656573,0.2058875921660435,0.36272499999999996,38394,Asia,Medium
Bhutan,BTN,1990,558442,14.545033078085117,34.48105630970699,12.199641666666666,0.39987373737373744,0.2220194078069479,0.35379166666666667,38394,Asia,Medium
Botswana,BWA,1970,592244,1.0176013745704466,,22.05786666666667,-0.007838383838379207,0.2953568166623149,0.33815,582000,Africa,Low
Botswana,BWA,1980,938578,1.6126769759450172,58.47826233782023,21.952958333333335,-0.6261363636363622,0.49567863840410337,0.3281833333333333,582000,Africa,Low
Botswana,BWA,1990,1341474,2.304938144329897,42.926213910831066,22.351241666666663,0.47986363636364016,0.4414735362953913,0.379075,582000,Africa,Low
Central African Republic,CAF,1970,2067356,3.3184736686656477,,25.2519,0.0637979797979796,0.1374141986827642,0.29155833333333336,622984,Africa,Low
Central African Republic,CAF,1980,2415276,3.87694708050287,16.829225348706277,25.40305833333333,0.18202525252525426,0.21345408334749152,0.25810000000000005,622984,Africa,Low
Central African Republic,CAF,1990,2809221,4.509298794190541,16.310558296443144,25.473958333333332,0.024489898989901088,0.22103946282609815,0.357225,622984,Africa,Low
Canada,CAN,1970,21434577,2.146748665704525,,-4.950608333333333,-0.09643939393939392,0.3999065399723818,0.2518166666666667,9984670,North America,Low
Canada,CAN,1980,24511510,2.4549143837502894,14.354997535057489,-5.047933333333334,0.6990202020202028,0.7758396494708064,0.242725,9984670,North America,Low
Canada,CAN,1990,27657204,2.7699667590416106,12.83353820307276,-4.483224999999999,-0.15741919191919113,0.8633464610149864,0.24819166666666667,9984670,North America,Low
Switzerland,CHE,1970,6181227,149.72451797306462,,7.079491666666667,-0.25304545454545463,0.5694274801365664,0.2828833333333333,41284,Europe,Medium
Switzerland,CHE,1980,6319113,153.06445596356943,2.2307221527376297,7.129533333333333,0.07965656565656584,0.29793493778196123,0.27412499999999995,41284,Europe,High
Switzerland,CHE,1990,6711693,162.5737089429319,6.212580784676591,7.331475,0.8951666666666659,0.46807499201319025,0.22393333333333337,41284,Europe,Medium
Chile,CHL,1970,9820481,12.988301842873051,,9.666174999999999,0.13355050505050642,0.15902434808764004,0.33199166666666663,756102,South America,Medium
Chile,CHL,1980,11469828,15.16968345540681,16.794971651592228,9.563841666666667,0.5419646464646461,0.23761193325838312,0.2848583333333333,756102,South America,Low
Chile,CHL,1990,13342868,17.64691536327109,16.33014897869436,9.956058333333335,-0.014328282828281982,0.25368209803796854,0.26345833333333335,756102,South America,Medium
China,CHN,1970,822534450,84.73655658037568,,6.7791250000000005,-0.4789343434343434,0.17037724027285114,0.21421666666666664,9706961,Asia,High
China,CHN,1980,982372466,101.20288584655898,19.43237951918002,6.86435,0.2653030303030301,0.23146010757213983,0.190275,9706961,Asia,High
China,CHN,1990,1153704252,118.85329012859947,17.440613609380208,6.978924999999999,0.31646969696969623,0.21955901068980116,0.179375,9706961,Asia,High
Ivory Coast,CIV,1970,5477086,16.985161088248883,,26.07244166666667,0.06500505050504904,0.19643029992631833,0.27443333333333336,322463,Africa,Low
Ivory Coast,CIV,1980,8303809,25.75119936240747,51.60998019749918,26.120675,0.03795454545454689,0.28443776827905465,0.22541666666666668,322463,Africa,Medium
Ivory Coast,CIV,1990,11910540,36.93614461193997,43.43465751680946,26.380808333333334,0.2964696969696984,0.26499480470522985,0.26935,322463,Africa,Medium
Cameroon,CMR,1970,6452787,13.57218546110777,,24.41811666666667,0.11691919191919066,0.12351052344404341,0.24441666666666667,475442,Africa,Low
Cameroon,CMR,1980,8519891,17.919937658010863,32.03428224114635,24.503425,0.13787373737373582,0.24204553604027082,0.243075,475442,Africa,Low
Cameroon,CMR,1990,11430520,24.041881028600756,34.162749265219475,24.5322,0.04156565656565795,0.2514423349998039,0.30265000000000003,475442,Africa,Medium
DR Congo,COD,1970,20151733,8.594009957106145,,23.755425000000002,0.0547929292929301,0.11436670028599415,0.2523166666666667,2344858,Africa,Low
DR Congo,COD,1980,26708686,11.390321290244442,32.53791125557291,23.893324999999997,0.24967171717171663,0.21367283116607483,0.2217083333333333,2344858,Africa,Low
DR Congo,COD,1990,35987541,15.347428714233441,34.7409640444311,24.122983333333334,0.06890909090909288,0.23681861680855223,0.32838333333333336,2344858,Africa,Medium
Republic of the Congo,COG,1970,1396989,4.084763157894737,,24.537858333333332,0.045186868686867124,0.1263245500205619,0.22407499999999997,342000,Africa,Low
Republic of the Congo,COG,1980,1829256,5.3487017543859645,30.942763328845114,24.582158333333332,0.14566161616161413,0.23509051464238706,0.22559999999999997,342000,Africa,Low
Republic of the Congo,COG,1990,2385435,6.974956140350877,30.404656319290456,24.713366666666666,0.19657575757575915,0.2038981632355207,0.24750833333333336,342000,Africa,Medium
Colombia,COL,1970,20905254,18.30986697590011,,25.01265,0.013373737373738,0.12612677156209398,0.27290000000000003,1141748,South America,Medium
Colombia,COL,1980,26176195,22.926420716305174,25.21347504316378,24.936550000000004,0.38971717171716613,0.24430253598186097,0.2447,1141748,South America,Low
Colombia,COL,1990,32601393,28.553930464515812,24.54595864677811,25.2022,-0.25266666666667037,0.27164804469236326,0.2477333333333333,1141748,South America,Medium
Comoros,COM,1970,242351,130.156283566058,,25.738774999999997,0.008277777777777398,0.30169265763485603,0.27956666666666663,1862,Africa,High
Comoros,COM,1980,328328,176.33082706766916,35.47623075621722,25.77938333333334,0.3234141414141405,0.2205495759479125,0.28556666666666664,1862,Africa,Medium
Comoros,COM,1990,431119,231.53544575725027,31.30741210009502,26.011374999999997,0.09686363636363744,0.26289983055049554,0.31195833333333334,1862,Africa,High
Cape Verde,CPV,1970,287262,71.22787007190676,,24.273333333333333,0.2193939393939388,0.3288496367854421,0.49523333333333336,4033,Africa,High
Cape Verde,CPV,1980,317234,78.65955864121001,10.433680751369835,24.300975,0.4319242424242449,0.3708407991530841,0.6608583333333333,4033,Africa,Medium
Cape Verde,CPV,1990,364563,90.39499132159682,14.919270948259022,24.53271666666667,0.0226565656565674,0.24818437924607428,0.7502083333333334,4033,Africa,High
Costa Rica,CRI,1970,1855697,36.315009784735814,,25.746858333333336,-0.13426767676767265,0.1793168887628428,0.42460000000000003,51100,North America,Medium
Costa Rica,CRI,1980,2414303,47.24663405088063,30.102220351706134,25.762949999999996,0.3599191919191914,0.2292023669570323,0.40157500000000007,51100,North America,Medium
Costa Rica,CRI,1990,3158253,61.80534246575343,30.81427641849428,26.015525000000004,0.12965151515151238,0.35781038032174683,0.3645333333333333,51100,North America,Medium
Cuba,CUB,1970,8869636,80.7181755305595,,25.527566666666665,-0.1445656565656597,0.17472118262338315,0.32133333333333336,109884,North America,Medium
Cuba,CUB,1980,9809107,89.26783699173674,10.591990471762314,25.625250000000005,0.1605353535353565,0.13548705564200406,0.265625,109884,North America,Medium
Cuba,CUB,1990,10626680,96.70816497397256,8.334836188452211,25.811266666666665,0.12957575757575637,0.16528021057542244,0.281575,109884,North America,Medium
Curacao,CUW,1970,150385,338.7049549549549,,27.646449999999998,0.0668080808080787,0.20466481183606242,0.3580583333333333,444,North America,High
Curacao,CUW,1980,156851,353.26801801801804,4.299630947235422,27.594675000000002,0.2690151515151519,0.294200595662579,0.33385833333333326,444,North America,Low
Curacao,CUW,1990,155446,350.10360360360363,-0.8957545696233971,27.793625000000002,-0.2577020202020207,0.308888695482947,0.3153666666666667,444,North America,High
Cayman Islands,CYM,1970,10533,39.89772727272727,,26.8625,-0.37025252525252694,0.1754230214038573,0.35905000000000004,264,North America,Medium
Cayman Islands,CYM,1980,17100,64.77272727272727,62.346909712332675,26.936600000000006,0.20875757575757156,0.11740844942128545,0.31905,264,North America,Medium
Cayman Islands,CYM,1990,26027,98.58712121212122,52.2046783625731,27.130625,0.12296464646464586,0.1586696436839329,0.31301666666666667,264,North America,High
Cyprus,CYP,1970,640804,69.26861960869095,,19.246175,-0.7783383838383829,0.4660977707144127,0.32710833333333333,9251,Europe,High
Cyprus,CYP,1980,679327,73.43281807372176,6.0116665938414915,18.98910833333333,0.34563131313131246,0.2911883336289436,0.3287833333333333,9251,Europe,High
Cyprus,CYP,1990,788500,85.23402875364826,16.070758265165374,18.95406666666667,0.3284545454545467,0.2656612409620481,0.27879166666666666,9251,Europe,High
Czech Republic,CZE,1970,9795744,124.20901540607368,,7.711333333333333,0.1222929292929291,0.646122275511442,0.2864749999999999,78865,Europe,High
Czech Republic,CZE,1980,10270060,130.22329296899764,4.842062022037319,7.921016666666665,0.18147474747474684,0.4364796030124043,0.2766166666666666,78865,Europe,High
Czech Republic,CZE,1990,10301192,130.61804349204337,0.303133574682124,7.909699999999999,0.7467272727272727,0.7093986498552036,0.23354166666666668,78865,Europe,Low
Germany,DEU,1970,78294583,219.2425471978136,,8.197700000000001,0.07523232323232398,0.6667271639147143,0.22174166666666667,357114,Europe,Medium
Germany,DEU,1980,77786703,217.8203682857575,-0.6486783383213068,8.426775000000001,0.02148989898989807,0.46515919084777135,0.208025,357114,Europe,High
Germany,DEU,1990,79370196,222.25450696416272,2.035685970647183,8.459283333333333,0.7555757575757561,0.7262091168122237,0.18660833333333332,357114,Europe,Low
Djibouti,DJI,1970,144379,6.223232758620689,,28.751958333333334,-0.007712121212117772,0.2359381959225204,0.6497833333333334,23200,Africa,Low
Djibouti,DJI,1980,324121,13.97073275862069,124.49317421508668,28.88019166666667,0.1383686868686858,0.22993272625827726,0.6308916666666666,23200,Africa,Low
Djibouti,DJI,1990,577173,24.87814655172414,78.07331212726112,29.023300000000006,-0.16043434343434196,0.3074353038283505,0.7378,23200,Africa,Medium
Dominica,DMA,1970,68895,91.73768308921439,,26.388199999999994,-0.23352525252525316,0.1854062856524736,0.37602499999999994,751,North America,Medium
Dominica,DMA,1980,72978,97.17443408788283,5.926409753973427,26.278991666666666,0.1205707070707086,0.21048155802850874,0.30630833333333335,751,North America,Low
Dominica,DMA,1990,69481,92.51797603195739,-4.791855079613039,26.544400000000003,-0.11994949494949696,0.2319882348831609,0.2669916666666666,751,North America,High
Denmark,DNK,1970,4922963,114.2377825219288,,-17.70995,-0.9040808080808107,0.54231939590909,0.90825,43094,Europe,High
Denmark,DNK,1980,5125392,118.93516498816541,4.111934215227708,-18.206133333333334,0.938848484848483,0.49445748802452644,0.8491250000000001,43094,Europe,Low
Denmark,DNK,1990,5144623,119.38142200770409,0.37521032537608523,-18.089608333333334,-0.17767171717171687,0.8978475057565966,0.8493,43094,Europe,High
Dominican Republic,DOM,1970,4475871,91.96176367857656,,25.821808333333337,0.004590909090911203,0.1572823310160157,0.3016416666666667,48671,North America,High
Dominican Republic,DOM,1980,5755800,118.25933307308253,28.59619948832306,25.692924999999995,0.32622727272727364,0.19474845274991148,0.292475,48671,North America,Low
Dominican Republic,DOM,1990,7129004,146.47334141480553,23.85774349351959,26.045433333333335,-0.206595959595962,0.20657987089799393,0.32787499999999997,48671,North America,High
Algeria,DZA,1970,13795915,5.792365752615419,,23.232308333333332,-0.2224494949494948,0.19356294494316192,0.4134833333333333,2381741,Africa,Low
Algeria,DZA,1980,18739378,7.867932743316759,35.832802681083486,22.929833333333335,0.4193838383838371,0.38124222203862074,0.39743333333333336,2381741,Africa,Medium
Algeria,DZA,1990,25518074,10.71404237488459,36.17353788370137,23.515033333333335,0.7081515151515148,0.30981614977443456,0.34559166666666663,2381741,Africa,Medium
Ecuador,ECU,1970,6172215,22.295162205020212,,21.997658333333334,0.36096464646464665,0.17165764618406343,0.29845,276841,South America,Medium
Ecuador,ECU,1980,8135845,29.388150599080337,31.81402462487131,21.99216666666667,0.2831313131313084,0.2915917379303741,0.29149166666666665,276841,South America,Low
Ecuador,ECU,1990,10449837,37.74671020549702,28.441938114602717,22.257783333333332,-0.31622222222222157,0.38183015151904043,0.3169083333333333,276841,South America,Medium
Egypt,EGY,1970,34781986,34.69697840291286,,23.003408333333333,-0.306126262626264,0.5564585399115362,0.32232500000000003,1002450,Africa,High
Egypt,EGY,1980,43748556,43.641633996708066,25.779350264818124,22.829458333333335,0.5391060606060568,0.2272597862926229,0.33675833333333327,1002450,Africa,Medium
Egypt,EGY,1990,57214630,57.07479674796748,30.780613650425394,22.833266666666667,0.29960606060606404,0.33078009782949513,0.32782500000000003,1002450,Africa,High
Eritrea,ERI,1970,1272748,10.822687074829933,,26.73786666666667,-0.16069696969696876,0.30025304488915167,0.5133333333333334,117600,Africa,Medium
Eritrea,ERI,1980,1657982,14.098486394557822,30.267892780031858,26.830091666666668,0.2639747474747448,0.23322626184938175,0.4164333333333333,117600,Africa,Low
Eritrea,ERI,1990,2149960,18.281972789115645,29.67330164018669,26.922783333333335,-0.14531313131313212,0.25964093313674524,0.54935,117600,Africa,Medium
Western Sahara,ESH,1970,76371,0.287109022556391,,22.589075,-0.25610606060606067,0.26082949879390127,0.4591833333333333,266000,Africa,Low
Western Sahara,ESH,1980,116775,0.43900375939849623,52.90489845622028,22.293024999999997,0.6749141414141425,0.5507162012125353,0.43340000000000006,266000,Africa,Low
Western Sahara,ESH,1990,178529,0.6711616541353383,52.8828944551488,22.917941666666668,0.35471212121212187,0.43680250065575876,0.6047666666666667,266000,Africa,Low
Spain,ESP,1970,33792617,66.7848839507344,,13.816308333333334,-0.5619040404040397,0.34903901516823976,0.24853333333333333,505992,Europe,High
Spain,ESP,1980,37491666,74.09537304937628,10.946322979365576,13.427266666666668,0.555414141414141,0.2581152801718867,0.22478333333333333,505992,Europe,High
Spain,ESP,1990,38889889,76.85870329965691,3.729423493743922,14.131899999999998,0.8049999999999993,0.3901457839270459,0.215675,505992,Europe,High
Estonia,EST,1970,1361999,30.114732350144823,,4.795241666666667,-1.2827121212121213,0.6993406997979875,0.30785833333333334,45227,Europe,Low
Estonia,EST,1980,1476983,32.657107480045106,8.442296947354588,5.174225,-1.010823232323232,0.9810763165419579,0.293375,45227,Europe,High
Estonia,EST,1990,1570674,34.72867977093329,6.343404087927884,5.168525,0.6833383838383846,1.1540783821352254,0.2723583333333333,45227,Europe,Low
Ethiopia,ETH,1970,28308246,25.63456126052703,,22.896683333333335,-0.04117171717171818,0.15871094954955403,0.415825,1104300,Africa,Medium
Ethiopia,ETH,1980,34945469,31.644905369917595,23.446253081169345,23.080866666666672,0.14838383838383823,0.22752111572228578,0.3343083333333333,1104300,Africa,Low
Ethiopia,ETH,1990,47878073,43.356038214253374,37.00795659660485,23.284891666666667,-0.23289393939394254,0.2692161133971782,0.3508833333333334,1104300,Africa,Medium
Finland,FIN,1970,4606621,13.611980828782828,,1.2669833333333336,-1.7938181818181818,0.7718257123878618,0.27779166666666666,338424,Europe,Low
Finland,FIN,1980,4779418,14.122574049121813,3.751057445359618,1.6026583333333335,-0.948368686868687,1.0749677187054898,0.2488833333333333,338424,Europe,Medium
Finland,FIN,1990,4986545,14.734608065621824,4.333728499997269,1.4020333333333335,1.0298383838383838,1.1872970298589394,0.23870833333333336,338424,Europe,Low
Fiji,FJI,1970,527634,28.876641856392293,,25.03308333333333,-0.3387272727272733,0.2179369768943943,0.3108416666666667,18272,Oceania,Low
Fiji,FJI,1980,644582,35.277035901926446,22.164606526493746,25.35403333333333,-0.24557575757576164,0.22179348749292935,0.30186666666666667,18272,Oceania,Medium
Fiji,FJI,1990,780430,42.711799474605954,21.075363568948568,25.380325,0.2174494949494957,0.2386960398865845,0.25598333333333334,18272,Oceania,High
Falkland Islands,FLK,1970,2274,0.18680686765793147,,6.271958333333334,-0.0385909090909091,0.33013089975162757,0.7115416666666667,12173,South America,Low
Falkland Islands,FLK,1980,2240,0.18401380103507764,-1.4951627088830244,6.310250000000001,0.5558989898989897,0.24422729936696122,0.6395166666666665,12173,South America,Low
Falkland Islands,FLK,1990,2332,0.1915715107204469,4.107142857142865,6.606216666666667,0.456959595959596,0.36815582513217177,0.6315000000000001,12173,South America,Low
France,FRA,1970,50523586,91.57883613228324,,12.864283333333333,-0.10738383838383764,0.4562062910713681,0.2821166666666667,551695,Europe,Medium
France,FRA,1980,53713830,97.36145877704166,6.314365730096827,12.904124999999999,0.07004545454545537,0.1925622359201858,0.2455916666666667,551695,Europe,High
France,FRA,1990,56412897,102.25377609004975,5.024901408073124,13.163783333333333,0.6157575757575767,0.43449403153548033,0.22034166666666666,551695,Europe,High
Faroe Islands,FRO,1970,38416,27.57788944723618,,6.7563,-0.9947070707070703,0.29715947702980466,0.5381666666666667,1393,Europe,Low
Faroe Islands,FRO,1980,43054,30.907394113424264,12.073094543940034,6.842791666666666,-0.6927222222222227,0.4693347193704983,0.3716416666666667,1393,Europe,Medium
Faroe Islands,FRO,1990,47479,34.083991385498926,10.277790681469789,6.811866666666667,0.4343232323232329,0.3449586707977471,0.34055,1393,Europe,Low
Micronesia,FSM,1970,58989,84.02991452991454,,26.767691666666668,-0.12856060606060238,0.11060814621436629,0.36689166666666667,702,Oceania,High
Micronesia,FSM,1980,76299,108.6880341880342,29.344454050755232,26.97705833333334,0.603095959595959,0.16231325786119843,0.459475,702,Oceania,Medium
Micronesia,FSM,1990,98603,140.46011396011397,29.232362154156675,27.350616666666667,-0.042747474747474666,0.14537328394644072,0.34295,702,Oceania,Medium
Gabon,GAB,1970,597192,2.231092248606483,,24.38736666666667,-0.00884848484848382,0.15317587243303998,0.2307,267668,Africa,Low
Gabon,GAB,1980,749078,2.7985340048119314,25.43336146498949,24.345374999999997,0.12858080808080594,0.2568203562591476,0.25027499999999997,267668,Africa,Low
Gabon,GAB,1990,983028,3.6725645202265493,31.231727537052212,24.501241666666665,0.28081313131312996,0.2196540214977174,0.25640833333333335,267668,Africa,Low
United Kingdom,GBR,1970,55650166,229.10731165088515,,8.496675,-0.06897474747474716,0.4019854736260503,0.26424166666666665,242900,Europe,Low
United Kingdom,GBR,1980,56326328,231.89101687937423,1.215022431379631,8.718533333333335,-0.4287474747474751,0.29130650252572005,0.24800000000000005,242900,Europe,High
United Kingdom,GBR,1990,57210442,235.5308439687114,1.5696283272717437,8.721058333333335,0.27142929292929324,0.4762393216829348,0.22905833333333336,242900,Europe,High
Georgia,GEO,1970,4800426,68.87268292682927,,8.674041666666668,-0.7344090909090907,0.842563690039684,0.36359166666666665,69700,Asia,Medium
Georgia,GEO,1980,5145843,73.82845050215208,7.195548895035575,8.484458333333333,0.1303282828282826,0.5914060195949091,0.32815833333333333,69700,Asia,Low
Georgia,GEO,1990,5391636,77.35489239598279,4.776535156630324,8.5818,-0.3581212121212126,0.41748281647064284,0.3459249999999999,69700,Asia,High
Guernsey,GGY,1970,52656,675.0769230769231,,10.945849999999998,0.1431111111111112,0.5641883726699501,0.3057166666666667,78,Europe,Medium
Guernsey,GGY,1980,52860,677.6923076923077,0.3874202370100166,11.08095,-0.16627272727272688,0.28708581271255895,0.2623666666666667,78,Europe,High
Guernsey,GGY,1990,57727,740.0897435897435,9.207340143776023,11.235033333333332,0.4667979797979796,0.5764857471171819,0.23740833333333336,78,Europe,High
Ghana,GHA,1970,8861895,37.15165197268303,,26.757808333333333,0.16356060606060674,0.17752930544822587,0.25875833333333337,238533,Africa,Low
Ghana,GHA,1980,11865246,49.74257649884922,33.890618202991575,26.860966666666666,-0.05108080808080774,0.307525992106642,0.24053333333333332,238533,Africa,Medium
Ghana,GHA,1990,15446982,64.75825986341512,30.186782473789407,27.125225,0.25879292929292835,0.269617342874584,0.2769083333333333,238533,Africa,High
Guinea,GIN,1970,4222374,17.174105272577147,,25.564858333333333,0.18157070707070833,0.20308833335928422,0.282925,245857,Africa,Low
Guinea,GIN,1980,4972609,20.225614889956358,17.768084968314035,25.648208333333333,0.021853535353536062,0.26392377598558653,0.2865083333333333,245857,Africa,Low
Guinea,GIN,1990,6354145,25.844881374132118,27.782920394505183,25.886041666666664,-0.060479797979797884,0.24916669012683412,0.2924583333333334,245857,Africa,Medium
Guadeloupe,GLP,1970,318310,195.52211302211302,,26.573716666666666,-0.33801010101009993,0.1852537590375992,0.372275,1628,North America,Medium
Guadeloupe,GLP,1980,334234,205.3034398034398,5.002670352800731,26.484866666666665,0.12616161616161792,0.23033738354858418,0.29488333333333333,1628,North America,Low
Guadeloupe,GLP,1990,391951,240.7561425061425,17.268440673300734,26.765175,-0.18105555555555694,0.23226773300275474,0.25926666666666665,1628,North America,High
Gambia,GMB,1970,528731,49.464963981663395,,27.609725000000005,0.07640909090909251,0.3482499149386407,0.36139166666666667,10689,Africa,Medium
Gambia,GMB,1980,718586,67.22668163532603,35.907673278094144,27.67425833333333,0.08954040404040467,0.3845863717287589,0.35912499999999997,10689,Africa,Medium
Gambia,GMB,1990,1040616,97.35391523996633,44.814399389912964,28.012916666666673,-0.0793333333333334,0.31343069950957464,0.34501666666666664,10689,Africa,High
Guinea-Bissau,GNB,1970,591663,16.378214532871972,,26.833733333333335,0.11579797979798072,0.2745014784859698,0.3453166666666667,36125,Africa,Low
Guinea-Bissau,GNB,1980,831462,23.016249134948097,40.529659620425804,26.900433333333336,-4.040404040150599e-05,0.29408677622280277,0.3456916666666666,36125,Africa,Low
Guinea-Bissau,GNB,1990,973551,26.949508650519032,17.089055182317402,27.233366666666672,-0.06599999999999927,0.23617707836637997,0.36759166666666665,36125,Africa,Medium
Equatorial Guinea,GNQ,1970,316955,11.299240668781861,,25.064149999999998,0.07777777777777443,0.1450822322520106,0.25048333333333334,28051,Africa,Low
Equatorial Guinea,GNQ,1980,282509,10.071263056575523,-10.867788802826894,25.040200000000002,0.09655555555555567,0.247257199356752,0.257,28051,Africa,Medium
Equatorial Guinea,GNQ,1990,465549,16.59652062315069,64.7908562205098,25.143725,0.2004292929292885,0.22032954100728028,0.32245833333333335,28051,Africa,Medium
Greece,GRC,1970,8544873,64.73879081748618,,15.156308333333333,-0.4755202020202032,0.33295030765865985,0.292825,131990,Europe,Medium
Greece,GRC,1980,9307148,70.51403894234411,8.92084645377409,14.792708333333334,0.07066161616161526,0.323586291963098,0.26383333333333336,131990,Europe,High
Greece,GRC,1990,10302255,78.05329949238579,10.691857484161638,14.898716666666667,0.3972727272727275,0.17865974964938577,0.26478333333333337,131990,Europe,High
Grenada,GRD,1970,98794,287.1918604651163,,27.056875,-0.20367171717171573,0.20959114170155382,0.3143583333333334,344,North America,High
Grenada,GRD,1980,94838,275.6918604651163,-4.004291758608824,26.93578333333333,0.2782020202020176,0.21906580968954079,0.306825,344,North America,Low
Grenada,GRD,1990,99047,287.92732558139534,4.438094434720252,27.181841666666667,-0.1876010101010098,0.2863087278532878,0.28861666666666663,344,North America,High
Greenland,GRL,1970,45434,0.020975159804366032,,-18.235008333333333,-0.9233383838383848,0.5616966711522011,0.9297666666666669,2166086,North America,Low
Greenland,GRL,1980,50106,0.023132045542051425,10.283047937667833,-18.74795,0.9684646464646497,0.5085545726445202,0.870325,2166086,North America,Low
Greenland,GRL,1990,55599,0.025667955935267574,10.962758951023833,-18.627225,-0.19826767676767484,0.9262266414591374,0.86945,2166086,North America,Low
Guatemala,GTM,1970,5453208,50.080430530172926,,23.30385833333333,0.01613636363636597,0.2109979277933993,0.31395,108889,North America,Medium
Guatemala,GTM,1980,6987767,64.17330492519906,28.140481712782652,23.408700000000003,0.05526262626262565,0.23028109869951696,0.28124166666666667,108889,North America,Low
Guatemala,GTM,1990,9084780,83.4315679269715,30.009772792939437,23.53685,-0.20231313131312934,0.21202326325221932,0.30370833333333336,108889,North America,Medium
French Guiana,GUF,1970,46484,0.55646802499581,,25.991683333333334,0.1318888888888831,0.18924046067036657,0.294325,83534,South America,Low
French Guiana,GUF,1980,66825,0.7999736634184883,43.75914293090095,25.869775000000004,0.34804545454545466,0.21173270013750758,0.25271666666666665,83534,South America,Low
French Guiana,GUF,1990,113931,1.3638877582780664,70.49158249158249,26.104591666666664,-0.04484343434343365,0.2930776847725442,0.2508916666666667,83534,South America,Low
Guam,GUM,1970,88300,160.83788706739526,,26.877783333333333,-0.09766666666667073,0.10333778962911876,0.5371916666666667,549,Oceania,High
Guam,GUM,1980,110286,200.88524590163934,24.89920724801813,27.068666666666665,0.24728282828283282,0.13616637454343689,0.49175,549,Oceania,High
Guam,GUM,1990,138263,251.84517304189436,25.36768039461037,27.44195,0.13848484848484718,0.1904473244481277,0.4845750000000001,549,Oceania,High
Guyana,GUY,1970,705261,3.2807567602770633,,26.263516666666664,0.12743434343434284,0.22199155665298415,0.35649999999999993,214969,South America,Low
Guyana,GUY,1980,778176,3.619945201401132,10.33872566326508,26.084316666666666,0.403343434343433,0.21365228903040404,0.3372583333333333,214969,South America,Low
Guyana,GUY,1990,747116,3.47545925226428,-3.991384982317625,26.325558333333333,0.009328282828285885,0.30801771445892795,0.3595083333333334,214969,South America,Low
Hong Kong,HKG,1970,3955072,3582.4927536231885,,22.969875000000002,-0.36576262626262857,0.25986839826777036,0.30907500000000004,1104,Asia,High
Hong Kong,HKG,1980,4978544,4509.550724637681,25.87745558108676,22.917783333333336,0.3097474747474712,0.2568721051686366,0.2503,1104,Asia,Medium
Hong Kong,HKG,1990,5838574,5288.563405797101,17.27472931845133,22.969633333333338,0.040727272727273625,0.3042954541703367,0.23270833333333335,1104,Asia,High
Honduras,HND,1970,2782753,24.737341322049566,,24.872566666666664,0.010606060606058496,0.17773872827129517,0.32660000000000006,112492,North America,Medium
Honduras,HND,1980,3777990,33.58452156597802,35.76447496418116,24.95475833333333,0.3078939393939402,0.20967797171804534,0.29513333333333336,112492,North America,Low
Honduras,HND,1990,5053234,44.920829925683606,33.75456261133565,25.122149999999998,-0.05140404040403938,0.2370221368751746,0.35114999999999996,112492,North America,High
Croatia,HRV,1970,4492638,79.38364490935435,,11.428099999999999,-0.24096969696969694,0.4811464285623395,0.30535,56594,Europe,Medium
Croatia,HRV,1980,4680144,82.6968229847687,4.17362805549879,11.465258333333333,0.09459090909090902,0.3886344793011594,0.26494166666666674,56594,Europe,High
Croatia,HRV,1990,4873707,86.1170265399159,4.135834282022088,11.5285,0.7161515151515132,0.3985271422134356,0.24658333333333332,56594,Europe,Low
Haiti,HTI,1970,4680812,168.6779099099099,,26.558533333333333,0.02272727272727359,0.13618359964198276,0.3585166666666666,27750,North America,High
Haiti,HTI,1980,5646676,203.48381981981981,20.634539477338553,26.460416666666667,0.31317171717171516,0.1633831483392397,0.322925,27750,North America,Medium
Haiti,HTI,1990,6925331,249.56147747747747,22.644384058869328,26.779025,-0.16188383838383638,0.1902719190034147,0.3560083333333333,27750,North America,High
Hungary,HUN,1970,10315366,110.88452938900116,,9.860400000000002,-0.04597979797979884,0.5838720868918784,0.31256666666666666,93028,Europe,Medium
Hungary,HUN,1980,10698679,115.00493399836608,3.7159418289181456,9.981349999999999,0.0029393939393927947,0.43000605720292023,0.26881666666666665,93028,Europe,High
Hungary,HUN,1990,10375989,111.53619340413638,-3.016166762270367,9.885933333333336,0.6232323232323234,0.5526775484145444,0.26409999999999995,93028,Europe,Low
Indonesia,IDN,1970,115228394,60.50103409222769,,25.880925,0.1467727272727281,0.11802232723102972,0.23250833333333337,1904569,Asia,Medium
Indonesia,IDN,1980,148177096,77.80085468155788,28.594256030332254,25.966083333333337,-0.04696969696969451,0.13682130786611846,0.23590833333333333,1904569,Asia,Medium
Indonesia,IDN,1990,182159874,95.64362015763146,22.933893912997185,26.073874999999997,0.21589393939394214,0.1581757099521136,0.21874166666666667,1904569,Asia,High
Isle of Man,IMN,1970,55298,96.67482517482517,,9.337,-0.06848484848485015,0.42177922234481363,0.2893833333333333,572,Europe,Low
Isle of Man,IMN,1980,64022,111.92657342657343,15.776339108105187,9.594966666666668,-0.5833636363636365,0.31994771502219477,0.27795000000000003,572,Europe,High
Isle of Man,IMN,1990,68865,120.39335664335664,7.564587173159221,9.567091666666666,0.25408585858585786,0.5095795770918179,0.24099999999999996,572,Europe,High
India,IND,1970,557501301,169.57750236495426,,24.10409166666667,0.23382323232323296,0.22625117554410976,0.26528333333333337,3287590,Asia,High
India,IND,1980,696828385,211.95720421342077,24.991346881179744,24.145416666666666,0.37200000000000205,0.23968487670993516,0.22657499999999997,3287590,Asia,High
India,IND,1990,870452165,264.7690755234077,24.916289826511594,24.362283333333334,0.23293939393939256,0.26547079650896094,0.20110833333333336,3287590,Asia,High
Ireland,IRL,1970,2937637,41.803210336829224,,9.420141666666666,-0.038762626262626214,0.3432158107540935,0.2632416666666667,70273,Europe,Low
Ireland,IRL,1980,3391387,48.26017104720163,15.446088131379065,9.630366666666665,-0.4171313131313134,0.3435196441984695,0.23582500000000003,70273,Europe,Medium
Ireland,IRL,1990,3485374,49.59762639989754,2.7713439958341635,9.629083333333334,0.11647474747474697,0.45696506338505577,0.2139333333333333,70273,Europe,High
Iran,IRN,1970,28449705,17.26112808253878,,17.710333333333335,-0.36276767676767696,0.4228569023525462,0.33690000000000003,1648195,Asia,Medium
Iran,IRN,1980,38520664,23.371423890983774,35.39916846237949,17.69906666666667,0.4852020202020194,0.6273739167705891,0.3017916666666667,1648195,Asia,Medium
Iran,IRN,1990,55793629,33.851351933478746,44.840776887958114,18.03751666666667,0.16295959595959736,0.3889831840105025,0.2695666666666667,1648195,Asia,High
Iraq,IRQ,1970,9811347,22.384135226331626,,22.22675,-0.5949090909090924,0.6460516053006594,0.3447916666666667,438317,Asia,Medium
Iraq,IRQ,1980,13653369,31.149531047164494,39.158965634382305,22.05880833333333,0.8612878787878803,0.5409038796186727,0.34018333333333334,438317,Asia,Medium
Iraq,IRQ,1990,17658381,40.2867810283425,29.333507356316236,22.089058333333334,0.42221717171716844,0.4256577753800448,0.3747,438317,Asia,High
Iceland,ISL,1970,204468,1.985126213592233,,1.51995,-1.8218282828282828,0.3446080808626083,0.45352500000000007,103000,Europe,Low
Iceland,ISL,1980,228263,2.216145631067961,11.637517851204105,1.5594333333333332,-0.4605151515151513,0.6727427369950371,0.4092666666666666,103000,Europe,Low
Iceland,ISL,1990,255019,2.4759126213592233,11.721566789186166,1.4805333333333333,0.4587272727272726,0.5445216243223567,0.34882500000000005,103000,Europe,Low
Israel,ISR,1970,2907307,139.97626384207993,,20.090516666666666,-0.5545151515151502,0.5775501258727446,0.2975083333333333,20770,Asia,High
Israel,ISR,1980,3744608,180.28926336061627,28.799882502948606,19.878508333333336,0.6412373737373721,0.2869875209761475,0.2549,20770,Asia,High
Israel,ISR,1990,4803254,231.25922002888782,28.271210230817225,19.843783333333334,0.3080909090909063,0.3194618418187475,0.23523333333333332,20770,Asia,High
Italy,ITA,1970,53324036,176.9587304537128,,12.900558333333331,-0.35745959595959587,0.3123372210691039,0.24677500000000002,301336,Europe,Medium
Italy,ITA,1980,56329482,186.93246741179283,5.636193779480614,12.770333333333333,-0.09305050505050401,0.1966737571245564,0.21952499999999997,301336,Europe,High
Italy,ITA,1990,56756561,188.34975243581914,0.7581802367719215,13.033541666666668,0.8491565656565656,0.3219849701124287,0.21036666666666667,301336,Europe,High
Jamaica,JAM,1970,1859091,169.1466654535529,,26.296208333333333,-0.0558232323232303,0.16113071238013163,0.4742416666666666,10991,North America,High
Jamaica,JAM,1980,2135546,194.2995177872805,14.870439370638655,26.305416666666666,0.24973737373737429,0.15476987049590266,0.34356666666666663,10991,North America,Medium
Jamaica,JAM,1990,2392030,217.63533800382132,12.010230638909203,26.55005,-0.012505050505052868,0.22959246452394882,0.3564833333333334,10991,North America,High
Jersey,JEY,1970,68347,589.198275862069,,10.945849999999998,0.1431111111111112,0.5641883726699501,0.3057166666666667,116,Europe,Medium
Jersey,JEY,1980,75124,647.6206896551724,9.91557786003774,11.08095,-0.16627272727272688,0.28708581271255895,0.2623666666666667,116,Europe,High
Jersey,JEY,1990,82874,714.4310344827586,10.316277088546943,11.235033333333332,0.4667979797979796,0.5764857471171819,0.23740833333333336,116,Europe,High
Jordan,JOR,1970,1557374,17.431599919410804,,19.842000000000002,-0.614969696969697,0.6485714036685291,0.3403333333333333,89342,Asia,Medium
Jordan,JOR,1980,2216903,24.813671061762665,42.34878712499375,19.588600000000003,0.7695151515151502,0.3613709638486567,0.30956666666666666,89342,Asia,Medium
Jordan,JOR,1990,3480587,38.958015267175576,57.00222337197434,19.586025000000003,0.4681060606060603,0.3752493471051033,0.27221666666666666,89342,Asia,High
Japan,JPN,1970,105416839,278.932180562538,,12.288258333333333,-0.9018535353535366,0.262895217989223,0.20929999999999999,377930,Asia,High
Japan,JPN,1980,117624196,311.23275738893443,11.580082571058693,12.23405,0.512171717171717,0.3315978200657431,0.19746666666666668,377930,Asia,High
Japan,JPN,1990,123686321,327.27309554679437,5.153807810086963,12.093866666666667,0.774858585858586,0.35621143935151534,0.17636666666666664,377930,Asia,Medium
Kazakhstan,KAZ,1970,12265305,4.501194539249147,,5.591375,-1.0045303030303039,0.9371152470937487,0.30696666666666667,2724900,Asia,Low
Kazakhstan,KAZ,1980,14172710,5.201185364600536,15.551223552940584,5.678333333333333,0.49198989898989887,0.7490181235279714,0.2516583333333333,2724900,Asia,Low
Kazakhstan,KAZ,1990,16866563,6.189791551983559,19.0073246401006,6.079775000000001,-0.24251010101010062,0.7894702013097641,0.23445,2724900,Asia,Low
Kenya,KEN,1970,11473087,19.768675682800712,,24.021583333333332,-0.06877777777777731,0.21794036329861546,0.3105583333333334,580367,Africa,Low
Kenya,KEN,1980,16187124,27.891186094316183,41.0877822158936,24.210616666666667,0.05517171717172,0.1865914839025236,0.3065583333333333,580367,Africa,Low
Kenya,KEN,1990,23162269,39.90969334920835,43.09069974382107,24.475766666666665,-0.11160606060605781,0.30562927287986946,0.27318333333333333,580367,Africa,High
Kyrgyzstan,KGZ,1970,3016384,15.085615975914099,,3.4579999999999997,-0.6964646464646467,0.6068072837336568,0.5409583333333334,199951,Asia,Medium
Kyrgyzstan,KGZ,1980,3691209,18.460567839120586,22.371985794912064,3.539725,0.20327777777777847,0.5901700056735414,0.4503583333333333,199951,Asia,Low
Kyrgyzstan,KGZ,1990,4394734,21.97905486844277,19.05947346790713,3.910125,-0.5358737373737377,0.4647458167999701,0.4025083333333333,199951,Asia,Medium
Cambodia,KHM,1970,6708525,37.05650840997597,,26.977533333333334,0.17217171717171798,0.243258448803589,0.265675,181035,Asia,Medium
Cambodia,KHM,1980,6198959,34.24177092827354,-7.5957978840356155,26.89700833333334,0.2879545454545443,0.25523058724522907,0.2753333333333333,181035,Asia,Low
Cambodia,KHM,1990,8910808,49.22146546247963,43.74684523643406,27.043808333333335,-0.0449343434343464,0.1807191301522693,0.29179999999999995,181035,Asia,Medium
Kiribati,KIR,1970,57437,70.82244143033292,,26.839358333333337,0.3865909090909089,0.20069182700750296,0.6217583333333334,811,Oceania,High
Kiribati,KIR,1980,60813,74.98520345252774,5.877744311158306,26.733658333333334,0.6266818181818192,0.27983080601389926,0.5584166666666667,811,Oceania,Low
Kiribati,KIR,1990,75124,92.63131935881627,23.532797263742957,27.070525000000004,-0.22859090909091107,0.27073001479165754,0.6184583333333334,811,Oceania,Medium
Saint Kitts and Nevis,KNA,1970,44968,172.2911877394636,,26.096425,-0.3764393939393924,0.19345829846131324,0.32071666666666665,261,North America,Medium
Saint Kitts and Nevis,KNA,1980,43097,165.12260536398466,-4.160736523750219,25.99605833333333,0.1322070707070742,0.23827810387995635,0.26375,261,North America,Low
Saint Kitts and Nevis,KNA,1990,40636,155.6934865900383,-5.710374271991093,26.29153333333333,-0.19541414141414318,0.23609134561752976,0.2404416666666666,261,North America,High
South Korea,KOR,1970,32601143,325.3282406945415,,12.100733333333334,-1.0605050505050484,0.37632650087391906,0.25495833333333334,100210,Asia,High
South Korea,KOR,1980,38170501,380.9051092705319,17.08332128109742,12.176633333333333,0.9163535353535361,0.38877570848215176,0.23728333333333335,100210,Asia,High
South Korea,KOR,1990,44120039,440.2758107973256,15.58674328115317,12.069066666666666,1.0905252525252525,0.40251991249747726,0.20016666666666666,100210,Asia,High
Kuwait,KWT,1970,802786,45.054776069143564,,25.398925000000002,-0.19134848484848038,0.5877777074621414,0.4418666666666667,17818,Asia,High
Kuwait,KWT,1980,1493870,83.84049837243238,86.08570652701965,25.268466666666665,0.7382929292929297,0.44143695127290933,0.46443333333333336,17818,Asia,High
Kuwait,KWT,1990,1674938,94.00258165899652,12.120733397149674,25.372291666666666,0.2817727272727261,0.39754035741596233,0.6035833333333334,17818,Asia,High
Laos,LAO,1970,2675283,11.297647804054055,,23.93081666666667,0.07643434343434545,0.29913088250327885,0.3005666666666667,236800,Asia,Medium
Laos,LAO,1980,3297519,13.925333614864865,23.25869823865363,23.799483333333335,0.3078080808080825,0.2882311995628207,0.2579333333333333,236800,Asia,Low
Laos,LAO,1990,4314443,18.219776182432433,30.83906415702229,23.949800000000003,-0.13598989898989863,0.2110501702756092,0.2609416666666667,236800,Asia,Medium
Lebanon,LBN,1970,2381791,227.87897053195562,,18.12271666666667,-0.6737878787878806,0.5914511865408725,0.34052499999999997,10452,Asia,High
Lebanon,LBN,1980,2963702,283.5535782625335,24.431656681883517,17.886400000000002,0.5348888888888913,0.3517257280285335,0.2877416666666667,10452,Asia,High
Lebanon,LBN,1990,3593700,343.8289322617681,21.257130440239933,17.880258333333334,0.3976515151515143,0.3044316599007799,0.27137500000000003,10452,Asia,High
Liberia,LBR,1970,1463563,13.141565426644757,,25.51575,-0.01867676767677317,0.15490030641970523,0.30334999999999995,111369,Africa,Low
Liberia,LBR,1980,1932169,17.349253382898294,32.018163891817444,25.582666666666665,0.10160606060606,0.2659969941519404,0.29825833333333335,111369,Africa,Medium
Liberia,LBR,1990,2209731,19.84152681625946,14.365306554447365,25.801775000000003,0.25163131313131454,0.22799718760366622,0.3024833333333333,111369,Africa,Medium
Libya,LBY,1970,1909177,1.0850432499403253,,22.513916666666667,-0.0021313131313123986,0.4686287854398573,0.4880416666666667,1759540,Africa,Low
Libya,LBY,1980,2962720,1.6838037214271913,55.18309721937777,22.357575,0.3669242424242398,0.19902045426973775,0.40389166666666665,1759540,Africa,Low
Libya,LBY,1990,4236983,2.408006069768235,43.00990306205108,22.589500000000005,0.5628181818181799,0.1870886732569746,0.4726166666666666,1759540,Africa,Low
Saint Lucia,LCA,1970,103090,167.3538961038961,,26.95445833333333,-0.2070353535353561,0.1938121591877262,0.3235,616,North America,High
Saint Lucia,LCA,1980,121633,197.45616883116884,17.98719565428266,26.827825,0.16521717171717293,0.21535911957347986,0.2835,616,North America,Medium
Saint Lucia,LCA,1990,142301,231.00811688311688,16.99209918360971,27.082583333333332,-0.16713131313131305,0.25982027910023564,0.25198333333333334,616,North America,High
Liechtenstein,LIE,1970,21089,131.80625,,4.713416666666666,-0.2714545454545457,0.6071009019386151,0.44784999999999997,160,Europe,High
Liechtenstein,LIE,1980,25003,156.26875,18.559438569870544,4.840616666666667,0.2775757575757575,0.33435049000764183,0.3940666666666667,160,Europe,High
Liechtenstein,LIE,1990,28765,179.78125,15.046194456665196,5.0146250000000006,0.8933080808080813,0.529010754535073,0.3393333333333334,160,Europe,Medium
Sri Lanka,LKA,1970,12388769,188.82440176802317,,27.16120833333333,0.29644949494949635,0.11810365979739236,0.2579916666666667,65610,Asia,High
Sri Lanka,LKA,1980,14943645,227.7647462277092,20.622517055568636,27.181558333333335,0.3671464646464634,0.20444120761235032,0.25115,65610,Asia,Medium
Sri Lanka,LKA,1990,17204094,262.2175582990398,15.126490223770706,27.481583333333333,-0.007626262626260427,0.24480015250234355,0.33045833333333335,65610,Asia,High
Lesotho,LSO,1970,1023481,33.71704826223028,,13.973400000000002,-0.057393939393939886,0.26620374861074214,0.3017333333333333,30355,Africa,Medium
Lesotho,LSO,1980,1407672,46.373645198484596,37.53767778786319,13.890025,0.03924747474747282,0.3015642715827733,0.31329166666666663,30355,Africa,Medium
Lesotho,LSO,1990,1798997,59.26526107725251,27.799444757017255,14.252799999999999,0.061727272727272915,0.4015614776622777,0.30522499999999997,30355,Africa,Medium
Lithuania,LTU,1970,3210147,49.15998468606432,,5.890849999999999,-0.8754747474747473,0.7276290172519927,0.31786666666666663,65300,Europe,Low
Lithuania,LTU,1980,3521206,53.92352220520674,9.68986778487091,6.259883333333333,-0.8535858585858584,0.8874890004640233,0.2592083333333334,65300,Europe,High
Lithuania,LTU,1990,3785847,57.976217457886676,7.5156352681439165,6.2421500000000005,0.6866464646464654,1.1272438225408097,0.2409333333333333,65300,Europe,Low
Luxembourg,LUX,1970,339342,131.22273781902553,,9.177833333333334,-0.0064949494949497885,0.6878648911001018,0.26488333333333336,2586,Europe,Medium
Luxembourg,LUX,1980,363741,140.65777262180976,7.190091412203614,9.396408333333333,-0.07342929292929293,0.444160214502213,0.24696666666666664,2586,Europe,High
Luxembourg,LUX,1990,381267,147.43503480278423,4.8182635446650135,9.461408333333335,0.6852777777777784,0.6721356405062026,0.22044166666666665,2586,Europe,Medium
Latvia,LVA,1970,2397414,37.13524063259964,,5.281000000000001,-1.1291919191919186,0.6957653850302987,0.29721666666666663,64559,Europe,Low
Latvia,LVA,1980,2572037,39.84009975371366,7.283806634982537,5.687775,-0.9375707070707073,0.9293494933094617,0.266875,64559,Europe,High
Latvia,LVA,1990,2689391,41.65787883951114,4.5626870842060185,5.665441666666667,0.6792070707070698,1.1310134772198004,0.2565333333333333,64559,Europe,Low
Macau,MAC,1970,247284,8242.8,,22.72139166666667,-0.3914090909090909,0.2730777574027282,0.34685,30,Asia,High
Macau,MAC,1980,245332,8177.733333333334,-0.7893757784571576,22.672341666666668,0.3218838383838413,0.2730657951298254,0.26897499999999996,30,Asia,Medium
Macau,MAC,1990,350227,11674.233333333334,42.75634650188316,22.730783333333335,0.025040404040404605,0.33699439746741944,0.25903333333333334,30,Asia,High
Saint Martin,MAF,1970,5802,109.47169811320755,,26.82451666666667,-0.3831515151515186,0.19652735114348563,0.35830833333333334,53,North America,High
Saint Martin,MAF,1980,7776,146.71698113207546,34.02275077559462,26.748399999999997,0.15963636363636516,0.2400512064246888,0.3485083333333333,53,North America,Medium
Saint Martin,MAF,1990,28127,530.6981132075472,261.71553497942386,27.048000000000002,-0.14423232323232413,0.21073963294046585,0.31251666666666666,53,North America,High
Morocco,MAR,1970,15274351,34.20524241406338,,17.868850000000002,-0.6360404040404046,0.2374019827077388,0.4554666666666666,446550,Africa,High
Morocco,MAR,1980,19678444,44.06772813794648,28.833257792753365,17.42460833333333,0.6504393939393938,0.4289978319138184,0.4473583333333333,446550,Africa,High
Morocco,MAR,1990,24570814,55.02365692531632,24.86156933952706,18.199891666666666,0.45047979797979865,0.3560592165684384,0.3563583333333333,446550,Africa,High
Monaco,MCO,1970,24270,12135.0,,9.11915,-0.2926262626262633,0.4601824099937323,0.34045000000000003,2,Europe,Medium
Monaco,MCO,1980,27076,13538.0,11.561598681499795,9.095766666666666,-0.040252525252525026,0.17895764729364988,0.33416666666666667,2,Europe,High
Monaco,MCO,1990,30329,15164.5,12.014330033978426,9.413375,0.8829141414141413,0.39060972599693006,0.30484999999999995,2,Europe,High
Moldova,MDA,1970,3711140,109.64781658098445,,9.287816666666668,-0.7781515151515149,0.6645358061913872,0.3247833333333333,33846,Europe,Low
Moldova,MDA,1980,4103240,121.2326419665544,10.565486615972453,9.262058333333334,-0.33921717171717386,0.5894041347203465,0.2863583333333333,33846,Europe,High
Moldova,MDA,1990,4480199,132.3701175914436,9.186862089470749,9.068591666666666,0.3738232323232318,0.8893966025667703,0.26644166666666663,33846,Europe,Low
Madagascar,MDG,1970,6639751,11.310540490357573,,22.828308333333332,0.14404545454545636,0.3884224264499259,0.3283333333333333,587041,Africa,Medium
Madagascar,MDG,1980,8948162,15.242822903340652,34.766529648476286,22.882,0.2718585858585822,0.22859947929136987,0.30859166666666665,587041,Africa,Low
Madagascar,MDG,1990,11882762,20.24179231092888,32.7955618148174,23.011158333333334,0.1262575757575753,0.21844040881985893,0.2737,587041,Africa,Medium
Mexico,MEX,1970,50289306,25.600664842507157,,20.7012,-0.23125252525252366,0.21132515469380425,0.22640833333333332,1964375,North America,Low
Mexico,MEX,1980,67705186,34.46652803054407,34.63137868715069,20.599383333333332,-0.023393939393941285,0.23048590976797548,0.22368333333333332,1964375,North America,Low
Mexico,MEX,1990,81720428,41.6012360165447,20.70039656932632,20.763841666666668,-0.18906565656565688,0.20226510760899702,0.20990000000000003,1964375,North America,High
North Macedonia,MKD,1970,1656783,64.43367168358418,,10.688566666666667,-0.4732929292929282,0.3337718705624402,0.38260833333333333,25713,Europe,Medium
North Macedonia,MKD,1980,1907023,74.16571384124762,15.103969560286412,10.400425,0.13646969696969424,0.39805752722132176,0.3595166666666667,25713,Europe,High
North Macedonia,MKD,1990,2044174,79.49963053708241,7.191890186956318,10.493108333333334,0.6391262626262618,0.13959272054134225,0.3188916666666667,25713,Europe,Medium
Mali,MLI,1970,6153587,4.961801882289194,,28.518008333333334,0.3969848484848518,0.26381604092848204,0.3836333333333333,1240192,Africa,Low
Mali,MLI,1980,7372581,5.944709367581794,19.809486727009794,28.554025000000003,0.10865151515151633,0.3866140410315998,0.31218333333333337,1240192,Africa,Low
Mali,MLI,1990,8945026,7.212613853338838,21.32828381268379,28.913175000000003,-0.035176767676767765,0.356286197194945,0.3475583333333333,1240192,Africa,Low
Malta,MLT,1970,315414,998.1455696202531,,18.641558333333332,-0.5534090909090904,0.1605412369100134,0.4046,316,Europe,High
Malta,MLT,1980,333587,1055.6550632911392,5.761633916059528,18.420483333333333,0.12480808080808176,0.279064803450521,0.3703166666666666,316,Europe,High
Malta,MLT,1990,365392,1156.3037974683543,9.534244439981165,18.758933333333335,1.0287676767676763,0.2889575201434239,0.3584833333333333,316,Europe,High
Myanmar,MMR,1970,27284112,40.32663196261185,,24.03014166666667,-0.16157070707070995,0.2107755319062326,0.29967499999999997,676578,Asia,Medium
Myanmar,MMR,1980,33465781,49.4633006098336,22.65666186973576,23.97771666666667,0.37634343434343137,0.2368953706962499,0.30152500000000004,676578,Asia,Medium
Myanmar,MMR,1990,40099553,59.268189329242155,19.82255247531799,24.11671666666667,0.12755555555555514,0.16221328108287217,0.292625,676578,Asia,High
Montenegro,MNE,1970,530268,38.39183318853171,,10.480625,-0.6282878787878786,0.28553403541713535,0.3803833333333333,13812,Europe,Medium
Montenegro,MNE,1980,589324,42.66753547639733,11.137009964772538,10.239966666666668,0.09445454545454676,0.3661604618720918,0.3385916666666666,13812,Europe,High
Montenegro,MNE,1990,621442,44.99290472053287,5.4499731896206605,10.372966666666667,0.7772121212121209,0.24468591459531733,0.3390916666666667,13812,Europe,Medium
Mongolia,MNG,1970,1293880,0.8272308213616689,,-0.5656666666666668,-1.0340707070707071,0.49703091556078766,0.3389333333333334,1564110,Asia,Low
Mongolia,MNG,1980,1697780,1.0854607412522137,31.21618697251678,-0.37382499999999974,0.9029242424242419,0.4327635632901181,0.2639833333333333,1564110,Asia,Low
Mongolia,MNG,1990,2161433,1.3818932172289673,27.30936870501479,-0.3156333333333334,0.5978080808080808,0.5876732484402245,0.2899666666666666,1564110,Asia,Low
Mozambique,MOZ,1970,8411676,10.493738694344989,,23.6265,0.13030303030302656,0.28310203670660794,0.2541,801590,Africa,Low
Mozambique,MOZ,1980,11413587,14.23868436482491,35.68743018632672,23.659558333333333,0.06945959595959596,0.21792119605458615,0.245525,801590,Africa,Medium
Mozambique,MOZ,1990,13303459,16.596338527177235,16.558089932639053,23.918716666666665,0.3696161616161614,0.34112419547943185,0.23054166666666664,801590,Africa,Low
Mauritania,MRT,1970,1122198,1.0887726787620065,,27.731399999999997,-0.05700000000000044,0.2811612883412801,0.37063333333333337,1030700,Africa,Low
Mauritania,MRT,1980,1506694,1.461816241389347,34.26275933480545,27.6127,0.415252525252524,0.5734379014946233,0.38397500000000007,1030700,Africa,Low
Mauritania,MRT,1990,2006027,1.9462763170660715,33.14096956648132,28.140525000000004,0.05269191919191679,0.5174562196130571,0.4791833333333334,1030700,Africa,Low
Montserrat,MSR,1970,11402,111.7843137254902,,26.61885833333334,-0.3637727272727303,0.18577005475465172,0.38045,102,North America,Medium
Montserrat,MSR,1980,11452,112.27450980392157,0.43851955797229447,26.53511666666667,0.12765656565656816,0.23663548305885707,0.300125,102,North America,Low
Montserrat,MSR,1990,10805,105.93137254901961,-5.6496681802305275,26.819,-0.19585858585858645,0.2329758346371532,0.2656,102,North America,High
Martinique,MTQ,1970,326428,289.38652482269504,,26.388199999999994,-0.23352525252525316,0.1854062856524736,0.37602499999999994,1128,North America,High
Martinique,MTQ,1980,333786,295.9095744680851,2.254095849620752,26.278991666666666,0.1205707070707086,0.21048155802850874,0.30630833333333335,1128,North America,Medium
Martinique,MTQ,1990,374271,331.8005319148936,12.129028778918238,26.544400000000003,-0.11994949494949696,0.2319882348831609,0.2669916666666666,1128,North America,High
Mauritius,MUS,1970,830115,406.91911764705884,,23.50925833333333,0.17504545454545362,0.3775937977805442,0.3337,2040,Africa,High
Mauritius,MUS,1980,954865,468.07107843137254,15.02803828385224,23.718133333333334,0.5423131313131357,0.27511399257981545,0.33316666666666667,2040,Africa,High
Mauritius,MUS,1990,1090290,534.4558823529412,14.182633147094093,23.826908333333336,0.24918686868686474,0.21617461997332965,0.33497499999999997,2040,Africa,High
Malawi,MWI,1970,4625141,39.03599642145775,,21.405691666666666,0.16025757575757382,0.2541610081613315,0.29430833333333334,118484,Africa,Medium
Malawi,MWI,1980,6267369,52.89633199419331,35.50654996247682,21.460258333333332,0.19718686868686924,0.2146738100367051,0.3054833333333334,118484,Africa,High
Malawi,MWI,1990,9539665,80.51437324870868,52.211637770171194,21.720733333333335,0.28433333333333666,0.393487362731803,0.29594166666666666,118484,Africa,Low
Malaysia,MYS,1970,10306508,31.156029419322074,,26.074283333333334,0.062252525252524574,0.13610864403728531,0.22329999999999997,330803,Asia,Medium
Malaysia,MYS,1980,13215707,39.95038436773548,28.22681552277455,26.108449999999998,0.020757575757578195,0.1836376225148813,0.22383333333333333,330803,Asia,Medium
Malaysia,MYS,1990,17517054,52.95312920378594,32.54723337919039,26.23245,0.059121212121215586,0.19018533166780816,0.20292500000000002,330803,Asia,Medium
Mayotte,MYT,1970,35383,94.60695187165776,,26.418825,-0.004106060606061479,0.32598073530004346,0.3198,374,Africa,High
Mayotte,MYT,1980,52233,139.66042780748663,47.62173925331374,26.431700000000006,0.3228282828282809,0.24957307079774144,0.31527499999999997,374,Africa,Medium
Mayotte,MYT,1990,92659,247.75133689839572,77.39551624451974,26.615025000000003,0.09051010101009724,0.25069898762869924,0.30995833333333334,374,Africa,High
Namibia,NAM,1970,754467,0.9138242401119165,,20.633166666666668,-0.16939393939393887,0.1609303256848382,0.5632333333333333,825615,Africa,Low
Namibia,NAM,1980,975994,1.182141797326841,29.36205294598704,20.56025,-0.39173737373737216,0.3749952668487931,0.49340833333333334,825615,Africa,Low
Namibia,NAM,1990,1369011,1.6581711814828946,40.26838279743523,20.970774999999996,0.31824747474747395,0.2615439604131244,0.5760083333333333,825615,Africa,Low
New Caledonia,NCL,1970,110982,5.974804845222073,,22.628333333333334,-0.2073838383838394,0.2997087023222077,0.37567500000000004,18575,Oceania,Low
New Caledonia,NCL,1980,148599,7.9999461641991925,33.89468562469589,22.99926666666667,-0.3029797979797978,0.2984466766270802,0.37392499999999995,18575,Oceania,Medium
New Caledonia,NCL,1990,177264,9.54314939434724,19.2901701895706,23.091749999999998,0.44053535353535334,0.2577405234566821,0.34453333333333336,18575,Oceania,Medium
Niger,NER,1970,4669708,3.6856416732438833,,27.490383333333334,0.7117272727272712,0.45778253601528235,0.5066750000000001,1267000,Africa,Low
Niger,NER,1980,6173177,4.872278610891871,32.1962101270572,27.517666666666667,0.07929292929292973,0.30372467456032465,0.383225,1267000,Africa,Low
Niger,NER,1990,8370647,6.6066669297553275,35.597067765916954,27.71794166666667,-0.0021464646464654934,0.2874607524895331,0.4141916666666667,1267000,Africa,Medium
Northern Mariana Islands,NFK,1970,10143,21.85991379310345,,26.877783333333333,-0.09766666666667073,0.10333778962911876,0.5371916666666667,464,Oceania,Medium
Northern Mariana Islands,NFK,1980,17613,37.95905172413793,73.64685004436558,27.068666666666665,0.24728282828283282,0.13616637454343689,0.49175,464,Oceania,Medium
Northern Mariana Islands,NFK,1990,48002,103.45258620689656,172.53733038096863,27.44195,0.13848484848484718,0.1904473244481277,0.4845750000000001,464,Oceania,High
Nigeria,NGA,1970,55569264,60.154999956699086,,26.7642,0.3209595959595962,0.22074344957295536,0.29428333333333334,923768,Africa,Medium
Nigeria,NGA,1980,72951439,78.97160217717003,31.280196548941163,26.877391666666664,-0.05099494949494997,0.266703273669321,0.2861416666666667,923768,Africa,Medium
Nigeria,NGA,1990,95214257,103.07161213638057,30.517311659883784,26.989683333333335,-0.05009090909091034,0.3048916077105126,0.3042916666666667,923768,Africa,High
Nicaragua,NIC,1970,2444767,18.752095909429098,,26.1185,-0.06756565656565679,0.17517330921762084,0.383625,130373,North America,Medium
Nicaragua,NIC,1980,3303309,25.33737046781159,35.11753880840178,26.19471666666667,0.3633737373737358,0.21673683017442785,0.315975,130373,North America,Medium
Nicaragua,NIC,1990,4227820,32.42864703581263,27.98742109805652,26.386858333333333,0.1602979797979792,0.2932577416693534,0.3547333333333333,130373,North America,Medium
Niue,NIU,1970,5185,19.942307692307693,,25.113625,-0.20504545454545092,0.1788539438231652,0.4352083333333333,260,Oceania,Low
Niue,NIU,1980,3637,13.988461538461538,-29.855351976856316,25.35000833333334,-0.19639898989898905,0.24386538166243113,0.4450333333333333,260,Oceania,Low
Niue,NIU,1990,2533,9.742307692307692,-30.35468792961232,25.390866666666668,0.24697979797979785,0.2245405335282621,0.3900416666666667,260,Oceania,Low
Netherlands,NLD,1970,13037686,311.533715651135,,9.504841666666668,0.1843989898989903,0.6856618434555728,0.2513,41850,Europe,Low
Netherlands,NLD,1980,14130387,337.6436559139785,8.38109615463971,9.736633333333334,-0.26524242424242556,0.4460173983297005,0.23842500000000003,41850,Europe,High
Netherlands,NLD,1990,14944548,357.0979211469534,5.761774252892016,9.805058333333331,0.5284191919191915,0.6832742212599995,0.20525,41850,Europe,Medium
Norway,NOR,1970,3875546,11.968876041531553,,-0.016274999999999918,-1.099308080808081,0.5785791485972729,0.3490666666666667,323802,Europe,Low
Norway,NOR,1980,4085776,12.618130833039944,5.424525989370266,0.3737166666666667,-0.8849999999999997,0.6939230622756564,0.30578333333333335,323802,Europe,Medium
Norway,NOR,1990,4241636,13.099474370139777,3.814697624147767,0.24677499999999997,0.7761464646464649,0.7133058740991253,0.28063333333333335,323802,Europe,Low
Nepal,NPL,1970,12501285,84.93817136722811,,14.989833333333332,0.029414141414143877,0.3038141859535308,0.4358833333333333,147181,Asia,High
Nepal,NPL,1980,15600442,105.99494499969425,24.790707515267442,15.029225000000002,0.2610151515151502,0.278926991742971,0.39455,147181,Asia,High
Nepal,NPL,1990,19616530,133.28167358558508,25.743424449127783,15.1491,0.4328181818181812,0.334555532575841,0.47780000000000006,147181,Asia,High
New Zealand,NZL,1970,2824061,10.441425386461194,,10.488775,-0.2519545454545464,0.2551871926308768,0.3186333333333333,270467,Oceania,Low
New Zealand,NZL,1980,3147168,11.636051717954501,11.441218868855874,10.808775,-0.5318434343434344,0.3667156579096114,0.2915166666666667,270467,Oceania,Medium
New Zealand,NZL,1990,3397389,12.561196005427648,7.950671842113288,10.865749999999998,0.7129393939393946,0.24876263160997844,0.2607416666666667,270467,Oceania,Medium
Oman,OMN,1970,670693,2.1670210016155087,,26.91000833333333,0.09033838383838298,0.22144315398131623,0.7167416666666667,309500,Asia,Low
Oman,OMN,1980,1017462,3.287437802907916,51.70308919281996,27.014491666666668,0.3725606060606082,0.2890861879198244,0.7453583333333333,309500,Asia,Low
Oman,OMN,1990,1804524,5.830449111470113,77.35541966186452,26.948158333333332,-0.18182323232323508,0.3205770019639259,0.6552083333333334,309500,Asia,Medium
Pakistan,PAK,1970,59290872,67.22991863133737,,20.572458333333337,0.019479797979796973,0.3414759318013877,0.27665,881912,Asia,Medium
Pakistan,PAK,1980,80624057,91.41961669645043,35.98055532055593,20.661566666666666,-0.08278787878787747,0.3965270259328791,0.2973166666666667,881912,Asia,Medium
Pakistan,PAK,1990,115414069,130.8680106405174,43.15090717898258,21.039633333333335,0.16031313131313615,0.4466326416970171,0.3022083333333333,881912,Asia,High
Panama,PAN,1970,1516188,20.104061418513066,,26.470708333333334,0.01975252525252813,0.13660599156803407,0.35435,75417,North America,Medium
Panama,PAN,1980,1956987,25.948884203826722,29.072845847612562,26.438391666666668,0.3061969696969695,0.22417142685794847,0.36565833333333336,75417,North America,Low
Panama,PAN,1990,2449968,32.48561995306098,25.190816290552775,26.715733333333333,-0.04448484848484751,0.30579250417835935,0.36491666666666667,75417,North America,Low
Peru,PER,1970,13562371,10.552600496725843,,20.112399999999997,0.3192828282828291,0.18346133683111374,0.26927500000000004,1285216,South America,Low
Peru,PER,1980,17492406,13.610479483604312,28.97749220987982,20.05105,0.016040404040404483,0.2512563398347298,0.26164166666666666,1285216,South America,Low
Peru,PER,1990,22109099,17.202632864825834,26.392555718178514,20.316075,-0.08271212121212299,0.3676246419337285,0.295725,1285216,South America,Medium
Philippines,PHL,1970,37435586,109.3479128268191,,26.720041666666667,0.16389393939394015,0.16760260622650489,0.23875833333333335,342353,Asia,Medium
Philippines,PHL,1980,48419546,141.43163927291423,29.34095916115751,26.741166666666665,-0.03431313131312986,0.1849131969186833,0.24712499999999998,342353,Asia,High
Philippines,PHL,1990,61558898,179.81118319395478,27.136462617803158,26.90434166666667,0.25572222222222446,0.20270592511860536,0.2225416666666667,342353,Asia,High
Palau,PLW,1970,11366,24.762527233115467,,27.354791666666664,0.20122727272727214,0.11087085679078217,0.3849166666666667,459,Oceania,Low
Palau,PLW,1980,12252,26.69281045751634,7.7951786028506165,27.483541666666667,-0.08345959595959435,0.10857247325690303,0.3031666666666667,459,Oceania,Medium
Palau,PLW,1990,15293,33.31808278867102,24.82043747959517,27.617825,0.2091868686868701,0.095857687531492,0.38792499999999996,459,Oceania,Medium
Papua New Guinea,PNG,1970,2489059,5.377795782559848,,24.43475,0.13795959595959725,0.18607132536197038,0.3046916666666667,462840,Oceania,Low
Papua New Guinea,PNG,1980,3104788,6.708123757670037,24.737420848601822,24.592066666666664,0.02056565656565888,0.1742370794842209,0.3375833333333333,462840,Oceania,Low
Papua New Guinea,PNG,1990,3864972,8.350557428052891,24.48424819987709,24.845341666666666,0.3185404040404052,0.14644708891048494,0.2922083333333333,462840,Oceania,Medium
Poland,POL,1970,32482943,103.88591174974974,,7.5118583333333335,-0.24387373737373705,0.7899301917733276,0.366225,312679,Europe,Medium
Poland,POL,1980,35521429,113.60350071479057,9.354097010237039,7.735666666666665,-0.1161313131313129,0.6621495578792044,0.30445833333333333,312679,Europe,High
Poland,POL,1990,38064255,121.73588568467981,7.158568986624947,7.8297333333333325,0.7865959595959586,0.933450046855113,0.27405,312679,Europe,Low
Puerto Rico,PRI,1970,2737619,308.6379932356257,,25.691150000000004,-0.3254747474747458,0.23754994410572172,0.2515166666666667,8870,North America,High
Puerto Rico,PRI,1980,3214568,362.40901916572716,17.422037179023086,25.5614,0.2134949494949473,0.21140403744992756,0.23521666666666663,8870,North America,Low
Puerto Rico,PRI,1990,3543776,399.5237880496054,10.241127268111928,25.908591666666666,-0.32477272727272843,0.261349992329176,0.22135833333333332,8870,North America,High
North Korea,PRK,1970,14996879,124.41619240405515,,6.9169166666666655,-1.117969696969697,0.2971362236578573,0.2952166666666666,120538,Asia,High
North Korea,PRK,1980,17973650,149.1118983225207,19.849269971438723,7.065391666666668,0.8928838383838389,0.35844337252820024,0.25224166666666664,120538,Asia,High
North Korea,PRK,1990,20799523,172.55573346164695,15.722310159594732,7.0653999999999995,1.0188181818181805,0.4794947666335438,0.24427500000000002,120538,Asia,High
Portugal,PRT,1970,8683631,94.29504832229341,,14.895075,-0.5777727272727283,0.3011276819492675,0.29320833333333335,92090,Europe,High
Portugal,PRT,1980,9785252,106.25748724074275,12.686179318305912,14.514675,0.4457222222222221,0.24748329369562788,0.27750833333333336,92090,Europe,High
Portugal,PRT,1990,10007346,108.66919318058422,2.2696809443435884,15.173458333333333,0.631025252525253,0.39572048257241826,0.2676833333333334,92090,Europe,High
Paraguay,PRY,1970,2408787,5.922004071276847,,23.555083333333336,0.3123535353535344,0.44338169113830367,0.37149166666666666,406752,South America,Low
Paraguay,PRY,1980,3078912,7.569506726457399,27.820018955598826,23.532541666666667,0.2905707070707062,0.40671150500956654,0.2989,406752,South America,Low
Paraguay,PRY,1990,4059195,9.97953298324286,31.83861701795958,23.654200000000003,-0.08711111111111164,0.2748388542071392,0.26406666666666667,406752,South America,Low
Palestine,PSE,1970,1118241,179.78151125401928,,23.282366666666668,-0.4164848484848491,0.19950335030899016,0.24886666666666665,6220,Asia,High
Palestine,PSE,1980,1453620,233.7009646302251,29.9916565391539,23.38355,0.23029292929292944,0.1825065705862272,0.2418333333333334,6220,Asia,High
Palestine,PSE,1990,2124609,341.57700964630226,46.159862962810095,23.425941666666667,0.3595404040404031,0.20212301635203314,0.231075,6220,Asia,High
French Polynesia,PYF,1970,117891,28.29157667386609,,26.163183333333336,0.29712121212121256,0.2248242404308252,0.3887583333333333,4167,Oceania,Low
French Polynesia,PYF,1980,163591,39.258699304055675,38.76462155720115,26.224991666666664,-0.11201515151515325,0.27561807432681734,0.34899166666666664,4167,Oceania,Medium
French Polynesia,PYF,1990,211089,50.65730741540677,29.034604593162207,26.461333333333336,0.2986262626262639,0.13439898165577213,0.36084166666666667,4167,Oceania,Medium
Qatar,QAT,1970,118007,10.185309856723633,,26.908791666666662,0.1664191919191908,0.3570142249390483,0.6193833333333333,11586,Asia,Medium
Qatar,QAT,1980,277450,23.947005006041774,135.1131712525528,26.950258333333334,0.6032575757575751,0.3561956285324593,0.5295500000000001,11586,Asia,Medium
Qatar,QAT,1990,441675,38.12143966856551,59.19084519733284,26.994466666666664,0.12160606060606077,0.4277886416041482,0.5583833333333333,11586,Asia,High
Reunion,REU,1970,473925,188.73954599761052,,23.296100000000003,0.1957777777777789,0.388607814827309,0.3698916666666667,2511,Africa,High
Reunion,REU,1980,551674,219.70290720828356,16.40533839742575,23.49686666666667,0.5208080808080799,0.2538368485813627,0.36526666666666663,2511,Africa,High
Reunion,REU,1990,658992,262.442054958184,19.45315530548839,23.593208333333333,0.215772727272729,0.20067633629117887,0.35934166666666667,2511,Africa,High
Romania,ROU,1970,19922618,83.57118347588626,,9.089175000000001,-0.4158636363636361,0.5388858077595975,0.2997,238391,Europe,Low
Romania,ROU,1980,22125224,92.81065140881996,11.05580601906837,9.0265,-0.1998181818181825,0.46677459075514727,0.25340833333333335,238391,Europe,High
Romania,ROU,1990,22836234,95.79318850124376,3.2135719846271282,8.899199999999999,0.6096262626262614,0.5255283906284495,0.23476666666666665,238391,Europe,Low
Russia,RUS,1970,130093010,7.608560575993719,,-5.504250000000001,-0.9476565656565659,0.7425917698971907,0.23424999999999999,17098242,Europe,Low
Russia,RUS,1980,138257420,8.086060543534241,6.275825273010449,-5.344241666666667,-0.37779292929292935,0.5463460231491111,0.21739166666666665,17098242,Europe,Low
Russia,RUS,1990,148005704,8.65619424499899,7.050821576158439,-4.902166666666667,0.1240909090909095,0.7580793173559862,0.20001666666666668,17098242,Europe,Low
Rwanda,RWA,1970,3896367,147.9370870984889,,19.17536666666667,0.13734343434343285,0.14258956462961964,0.463075,26338,Africa,High
Rwanda,RWA,1980,5247532,199.23805907813806,34.67755989104722,19.337766666666667,0.4396161616161617,0.18725944259303573,0.36692500000000006,26338,Africa,Medium
Rwanda,RWA,1990,7319962,277.92398815399804,39.493422812857546,19.660050000000002,-0.10817171717171921,0.2745168726079089,0.5075999999999999,26338,Africa,High
Saudi Arabia,SAU,1970,6106191,2.840498397443352,,25.782550000000004,-0.22348484848484698,0.40006314284871825,0.5033083333333332,2149690,Asia,Low
Saudi Arabia,SAU,1980,10171710,4.7317101535570245,66.58027893329901,25.695083333333336,0.7384444444444448,0.3602983423126609,0.4857666666666667,2149690,Asia,Low
Saudi Arabia,SAU,1990,16004763,7.44514930059683,57.34584450402145,25.653383333333334,0.18675757575757415,0.47462432952883515,0.385075,2149690,Asia,Medium
Sudan,SDN,1970,11305206,5.994060659530834,,27.112366666666674,0.058232323232324745,0.4153739327437301,0.3200833333333334,1886068,Africa,Low
Sudan,SDN,1980,16673586,8.84039493804041,47.485910473457984,27.176300000000005,0.3521414141414169,0.30727825692554117,0.3137333333333333,1886068,Africa,Low
Sudan,SDN,1990,21090886,11.182463198569723,26.492801248633626,27.31954166666667,-0.2740353535353567,0.2913824911270894,0.367225,1886068,Africa,Medium
Senegal,SEN,1970,4367744,22.202620957493316,,28.037158333333338,0.0694292929292915,0.3314346389743895,0.3277,196722,Africa,Medium
Senegal,SEN,1980,5703869,28.99456593568589,30.590735171292096,28.134725000000003,0.13729797979797745,0.4120538728108138,0.31024166666666664,196722,Africa,Low
Senegal,SEN,1990,7536001,38.30787100578481,32.12086392587208,28.42174166666667,-0.11515656565656596,0.3397268215231944,0.31662500000000005,196722,Africa,Medium
Singapore,SGP,1970,2061831,2903.987323943662,,26.76636666666667,0.13639393939393651,0.14651291805546338,0.2902166666666667,710,Asia,Medium
Singapore,SGP,1980,2400729,3381.3084507042254,16.436749665709762,26.79175,0.0728787878787864,0.1560105039954112,0.3093916666666667,710,Asia,Medium
Singapore,SGP,1990,3022209,4256.632394366197,25.887136782202404,26.927141666666664,-0.011045454545453672,0.22893482254603797,0.2696,710,Asia,High
Solomon Islands,SLB,1970,172833,5.981208471760797,,26.610433333333333,-0.03214141414141014,0.1559653798445793,0.3004833333333333,28896,Oceania,Low
Solomon Islands,SLB,1980,233668,8.086517165005537,35.19871783745003,26.764408333333336,0.34757070707070625,0.1604883601363178,0.3724166666666667,28896,Oceania,Low
Solomon Islands,SLB,1990,324171,11.218542358803987,38.73144803738637,26.989675,0.19694444444444512,0.12212476459576894,0.3638,28896,Oceania,Low
Sierra Leone,SLE,1970,2778557,38.730931140228606,,26.145325000000003,0.055227272727272014,0.16956560960169995,0.29943333333333333,71740,Africa,Medium
Sierra Leone,SLE,1980,3367477,46.94001951491497,21.195174329697043,26.252183333333335,0.09623232323232339,0.26015424138697896,0.323,71740,Africa,Medium
Sierra Leone,SLE,1990,4325388,60.29255645386117,28.445955235922927,26.431833333333334,0.0862626262626264,0.22444002093767434,0.32935000000000003,71740,Africa,Medium
El Salvador,SLV,1970,3619090,172.0018059978138,,25.059425,0.06805555555555846,0.19609877544877763,0.379225,21041,North America,High
El Salvador,SLV,1980,4508992,214.2955182738463,24.58910941700814,25.167633333333335,0.22798989898989996,0.2412705668132781,0.32609999999999995,21041,North America,Medium
El Salvador,SLV,1990,5367179,255.08193526923625,19.0327904773395,25.335566666666665,0.04331313131313279,0.28383891649691884,0.3771583333333333,21041,North America,Medium
San Marino,SMR,1970,18169,297.8524590163934,,13.956975,-0.2520858585858581,0.3849933192704821,0.3487083333333334,61,Europe,Medium
San Marino,SMR,1980,21346,349.9344262295082,17.485827508393427,13.903166666666667,-0.037969696969697944,0.2948737701931519,0.31365000000000004,61,Europe,High
San Marino,SMR,1990,23132,379.21311475409834,8.366907148880355,14.085641666666666,0.7598232323232332,0.337972769453224,0.326325,61,Europe,High
Somalia,SOM,1970,3720977,5.835389558963518,,26.796766666666667,0.05935353535353555,0.2059442045668865,0.6113333333333333,637657,Africa,Low
Somalia,SOM,1980,5892224,9.240428631693842,58.351529719210845,26.983641666666664,0.1512373737373755,0.3334235829284196,0.8184583333333334,637657,Africa,Low
Somalia,SOM,1990,6999096,10.976270941901367,18.78530076249647,27.144641666666665,-0.10610606060605975,0.2753551365173877,0.6020166666666665,637657,Africa,Medium
Saint Pierre and Miquelon,SPM,1970,5537,22.880165289256198,,4.8927916666666675,0.3951161616161611,0.4902287596655435,0.38375,242,North America,Medium
Saint Pierre and Miquelon,SPM,1980,6106,25.231404958677686,10.276322918547942,4.536766666666667,0.3163838383838385,0.7017618436905838,0.39896666666666664,242,North America,Low
Saint Pierre and Miquelon,SPM,1990,6324,26.132231404958677,3.570258761873557,4.734533333333333,-0.5219393939393943,0.6973146217899528,0.324925,242,North America,Medium
Serbia,SRB,1970,7193533,81.41072418827311,,10.218025,-0.3785707070707079,0.42983928539642413,0.3493583333333333,88361,Europe,Medium
Serbia,SRB,1980,7777010,88.01405597492106,8.111132596458503,10.101166666666668,0.02255555555555556,0.4163451371771128,0.2934833333333333,88361,Europe,High
Serbia,SRB,1990,7987529,90.39654372404115,2.7069400707984137,10.129825,0.7325909090909093,0.3116819730572239,0.26740833333333336,88361,Europe,Low
Sao Tome and Principe,STP,1970,77583,80.48029045643153,,25.917658333333332,0.09823737373737154,0.1597725519883625,0.297125,964,Africa,Medium
Sao Tome and Principe,STP,1980,97210,100.84024896265561,25.298067875694418,25.94959166666667,0.12676262626263074,0.2484859582658415,0.3033416666666666,964,Africa,High
Sao Tome and Principe,STP,1990,120343,124.83713692946058,23.796934471762164,26.043875000000003,0.2617323232323262,0.206873474012272,0.37385833333333335,964,Africa,High
Suriname,SUR,1970,379918,2.3191185447442315,,26.492558333333335,0.1850757575757557,0.20759439214446992,0.2959666666666667,163820,South America,Low
Suriname,SUR,1980,375112,2.28978146746429,-1.2650098179080804,26.314100000000003,0.33910101010100585,0.2196811128628758,0.251075,163820,South America,Low
Suriname,SUR,1990,412756,2.519570260041509,10.035402759709111,26.55145,-0.020282828282829173,0.3065423873789853,0.26264166666666666,163820,South America,Low
Slovakia,SVK,1970,4522867,92.23376226114975,,7.672108333333332,-0.07248989898989958,0.625236417993793,0.3376,49037,Europe,Medium
Slovakia,SVK,1980,4973883,101.43122540122765,9.97190498858358,7.818175000000001,0.007954545454545863,0.45884994273672364,0.2962916666666666,49037,Europe,High
Slovakia,SVK,1990,5261305,107.29255460162734,5.778624064940807,7.749958333333334,0.6945505050505062,0.6552155324028748,0.27667500000000006,49037,Europe,Low
Slovenia,SVN,1970,1741286,85.89187589404627,,9.702558333333332,-0.13147979797979864,0.5228651981100749,0.34007499999999996,20273,Europe,Medium
Slovenia,SVN,1980,1901570,93.79815518176885,9.204920960715235,9.779641666666667,0.15208585858585955,0.39901024270579555,0.2918916666666667,20273,Europe,High
Slovenia,SVN,1990,1986024,97.9639915158092,4.441277470721561,9.883241666666667,0.7534696969696958,0.4364228987126627,0.2933166666666666,20273,Europe,Medium
Sweden,SWE,1970,8027702,17.82765076227806,,2.3549333333333333,-1.1254949494949495,0.6699157311208755,0.2975583333333333,450295,Europe,Low
Sweden,SWE,1980,8311763,18.45848388278795,3.538509526138367,2.6887750000000006,-0.8471161616161614,0.8237285095723162,0.26719166666666666,450295,Europe,Medium
Sweden,SWE,1990,8548406,18.98401270278373,2.847085510017555,2.502925,1.1137222222222225,1.0457749050128964,0.23376666666666662,450295,Europe,Low
Eswatini,SWZ,1970,442865,25.504780004607234,,18.98979166666667,0.060126262626261986,0.2723504666825567,0.30169999999999997,17364,Africa,Medium
Eswatini,SWZ,1980,598564,34.47155033402442,35.15721495263793,19.028108333333336,0.16579292929292977,0.2954407664072337,0.302925,17364,Africa,High
Eswatini,SWZ,1990,854011,49.182849573830914,42.676639423687355,19.305574999999997,0.5106919191919191,0.3226979414846944,0.31271666666666664,17364,Africa,Medium
Sint Maarten,SXM,1970,6260,184.11764705882354,,26.82451666666667,-0.3831515151515186,0.19652735114348563,0.35830833333333334,34,North America,High
Sint Maarten,SXM,1980,12243,360.0882352941176,95.57507987220448,26.748399999999997,0.15963636363636516,0.2400512064246888,0.3485083333333333,34,North America,Medium
Sint Maarten,SXM,1990,27845,818.9705882352941,127.43608592665194,27.048000000000002,-0.14423232323232413,0.21073963294046585,0.31251666666666666,34,North America,High
Seychelles,SYC,1970,54379,120.3075221238938,,26.834600000000002,0.07390909090908897,0.16026912218632372,0.5095666666666666,452,Africa,Medium
Seychelles,SYC,1980,65290,144.44690265486724,20.06473087037275,26.851266666666668,0.13819191919191937,0.24532876219863806,0.7119166666666668,452,Africa,Medium
Seychelles,SYC,1990,71057,157.20575221238937,8.832899372032465,27.060499999999998,0.10220202020202002,0.250175789972801,0.6064416666666667,452,Africa,High
Syria,SYR,1970,6319199,34.12463008964251,,18.42941666666667,-0.7796565656565653,0.6566894125525008,0.29425833333333334,185180,Asia,High
Syria,SYR,1980,8898954,48.05569715952047,40.82408229270831,18.2337,0.6795252525252533,0.48831369384746154,0.27115,185180,Asia,High
Syria,SYR,1990,12408996,67.0104546927314,39.44330985416937,18.232016666666667,0.4001515151515157,0.3689863836114882,0.2523333333333333,185180,Asia,High
Turks and Caicos Islands,TCA,1970,5665,5.975738396624473,,26.92096666666667,-0.029323232323234034,0.13370102653614954,0.45830000000000004,948,North America,Low
Turks and Caicos Islands,TCA,1980,7598,8.014767932489452,34.12180052956752,26.845425,0.3866111111111126,0.15580513344897798,0.3940666666666667,948,North America,Low
Turks and Caicos Islands,TCA,1990,11709,12.35126582278481,54.106343774677555,27.137058333333336,-0.2893080808080824,0.183002401708423,0.45820833333333333,948,North America,Medium
Chad,TCD,1970,3667394,2.856225856697819,,27.119558333333334,0.4036818181818199,0.43667568169299564,0.5349166666666666,1284000,Africa,Low
Chad,TCD,1980,4408230,3.4332009345794394,20.20061111514062,27.194975,0.14928787878787697,0.3185569990067118,0.4177916666666667,1284000,Africa,Low
Chad,TCD,1990,5827069,4.538215732087227,32.18613820059297,27.342583333333334,-0.10839393939394021,0.24311308138870708,0.5455833333333333,1284000,Africa,Low
Togo,TGO,1970,2197383,38.6965395791142,,26.887416666666667,0.17004040404040494,0.1627886415744785,0.2592833333333333,56785,Africa,Low
Togo,TGO,1980,2838110,49.97992427577705,29.158640073214357,27.022033333333333,-0.06371717171717013,0.3046292840357052,0.24775833333333336,56785,Africa,Medium
Togo,TGO,1990,3875947,68.25652901294356,36.56789201264221,27.279533333333337,0.14223232323232277,0.2657974061230806,0.26958333333333334,56785,Africa,High
Thailand,THA,1970,35791728,69.75313376987839,,26.357400000000002,0.13665656565656742,0.23158396070290513,0.2428,513120,Asia,High
Thailand,THA,1980,45737753,89.13656259744309,27.78861361485536,26.2725,0.49711111111111256,0.2929480905294584,0.21471666666666667,513120,Asia,Medium
Thailand,THA,1990,55228410,107.63254209541628,20.75016015762734,26.35865,-0.09363636363636546,0.22318447687573212,0.1984,513120,Asia,High
Tajikistan,TJK,1970,2993019,20.915576519916144,,4.129150000000001,-0.6570808080808084,0.4858825710582875,0.4713166666666667,143100,Asia,Low
Tajikistan,TJK,1980,4045965,28.273689727463314,35.18006400894882,4.260816666666666,-0.10510101010101044,0.6541153461750904,0.4847833333333333,143100,Asia,Low
Tajikistan,TJK,1990,5417860,37.86065688329839,33.90773276585437,4.677516666666667,-0.32689898989899047,0.46822271923248443,0.42214999999999997,143100,Asia,High
Turkmenistan,TKM,1970,2201432,4.51020692481049,,15.064283333333332,-1.0231414141414137,0.7050348800715257,0.4029583333333333,488100,Asia,Low
Turkmenistan,TKM,1980,2862903,5.86540258143823,30.0473055720095,14.992241666666667,0.12545959595959627,0.8091492521136224,0.36113333333333336,488100,Asia,Low
Turkmenistan,TKM,1990,3720278,7.621958615037902,29.947748840949195,15.474516666666668,0.335,0.5917310617017801,0.29525833333333334,488100,Asia,Medium
Timor-Leste,TLS,1970,554021,37.247613284926715,,25.97765,0.29924242424242703,0.20208922942559626,0.5177666666666666,14874,Asia,Low
Timor-Leste,TLS,1980,642224,43.17762538658061,15.920515648323796,26.322000000000003,-0.16205050505050705,0.2920782155954807,0.49940833333333334,14874,Asia,High
Timor-Leste,TLS,1990,758106,50.968535699878984,18.043860086200446,26.410249999999998,0.5174141414141415,0.24504124688106402,0.47953333333333326,14874,Asia,Medium
Tonga,TON,1970,86484,115.77510040160642,,23.198583333333335,-0.25706060606060965,0.24421252186597375,0.47454999999999997,747,Oceania,Low
Tonga,TON,1980,96708,129.46184738955824,11.82183987789649,23.604075,-0.4961868686868659,0.3289965190248827,0.46570833333333334,747,Oceania,High
Tonga,TON,1990,98727,132.16465863453814,2.0877280059560688,23.582641666666667,0.27962121212121316,0.3035119933951217,0.34321666666666667,747,Oceania,High
Trinidad and Tobago,TTO,1970,988890,192.76608187134502,,26.438216666666666,-0.19229292929292907,0.22830140322510584,0.32537499999999997,5130,North America,High
Trinidad and Tobago,TTO,1980,1127852,219.8541910331384,14.052321289526649,26.327875,0.4351161616161606,0.22789650512925946,0.3147666666666667,5130,North America,Medium
Trinidad and Tobago,TTO,1990,1266518,246.88460038986355,12.294698240549295,26.546083333333335,-0.14962626262626127,0.3075782664198055,0.31966666666666665,5130,North America,High
Tunisia,TUN,1970,5047404,30.850216979402237,,20.175508333333333,-0.43806565656565577,0.1725615572485075,0.3849166666666667,163610,Africa,Medium
Tunisia,TUN,1980,6578156,40.206319907096145,30.327510934333766,19.889608333333335,0.2082979797979797,0.3474620904265341,0.3293416666666667,163610,Africa,High
Tunisia,TUN,1990,8440023,51.586229448077745,28.303783005450157,20.3622,1.0920909090909094,0.2925907438355264,0.32529166666666665,163610,Africa,High
Turkey,TUR,1970,35540990,45.358235851151534,,12.13455,-0.8038484848484853,0.7115159551107086,0.236775,783562,Asia,High
Turkey,TUR,1980,44089069,56.26749255323765,24.0513249630919,11.856683333333333,0.4038787878787876,0.5514839578373645,0.2092416666666667,783562,Asia,Low
Turkey,TUR,1990,54324142,69.32973012984294,23.21453646480944,11.951616666666666,-0.15120202020202186,0.3450263842473298,0.20079166666666665,783562,Asia,High
Taiwan,TWN,1970,14957870,413.2807448954218,,22.218025,-0.42297474747474634,0.27215160198527294,0.2439,36193,Asia,High
Taiwan,TWN,1980,18100281,500.1044677147515,21.008412293996415,22.234858333333335,0.28228787878787875,0.18833585350359483,0.23185833333333333,36193,Asia,Medium
Taiwan,TWN,1990,20586174,568.7888265686735,13.734002251125265,22.233449999999998,-0.11076767676767799,0.20970147503683143,0.19435000000000002,36193,Asia,High
Tanzania,TZA,1970,13618192,14.409458600107715,,22.275166666666667,0.0877878787878824,0.233369750224542,0.30780833333333335,945087,Africa,Medium
Tanzania,TZA,1980,19297659,20.418923337216572,41.705000193858346,22.338308333333334,0.24577272727272712,0.1576710152374728,0.29968333333333336,945087,Africa,Low
Tanzania,TZA,1990,26206012,27.728676830810286,35.79891737127285,22.649308333333334,0.060469696969697825,0.29452972283264306,0.3418,945087,Africa,Medium
Uganda,UGA,1970,10317212,42.712531566963364,,22.968466666666664,0.0338585858585887,0.14134613964146667,0.36678333333333335,241550,Africa,Medium
Uganda,UGA,1980,13284026,54.99493272614365,28.75596624359371,23.153491666666664,0.22562121212120984,0.13907117220024232,0.386525,241550,Africa,Low
Uganda,UGA,1990,17586630,72.80741047402194,32.38930727777858,23.439258333333335,-0.14165151515151392,0.26657356718696434,0.42233333333333334,241550,Africa,High
Ukraine,UKR,1970,47279086,78.34148467274234,,8.004841666666668,-0.8676818181818192,0.7484018695790717,0.26399166666666674,603500,Europe,Low
Ukraine,UKR,1980,49973920,82.80682684341342,5.699843689871664,8.028766666666666,-0.619212121212122,0.6937830271609817,0.22032500000000002,603500,Europe,Medium
Ukraine,UKR,1990,51589817,85.48436951118475,3.233480583472348,7.880633333333333,0.16136363636363582,1.0707445573126162,0.210725,603500,Europe,Low
Uruguay,URY,1970,2790265,15.412933482108333,,17.383116666666666,0.1250404040404045,0.41488917548759374,0.3368083333333333,181034,South America,Low
Uruguay,URY,1980,2953750,16.315995890274756,5.859120907870752,17.408258333333333,0.14517676767676807,0.29423011484971207,0.30309166666666665,181034,South America,Low
Uruguay,URY,1990,3117012,17.217826485632532,5.527278882776132,17.754683333333332,-0.21985858585858714,0.374566038228261,0.2940583333333333,181034,South America,Low
United States,USA,1970,200328340,21.37380516206265,,8.721916666666667,-0.1103939393939394,0.19981832327797308,0.19353333333333333,9372610,North America,Medium
United States,USA,1980,223140018,23.80767128900061,11.38714472450577,8.696925,0.2559545454545441,0.2525247155953887,0.18774166666666664,9372610,North America,Medium
United States,USA,1990,248083732,26.469012580273798,11.178503176422616,9.104308333333332,0.10156060606060621,0.4278023069839971,0.17015833333333333,9372610,North America,Medium
Uzbekistan,UZB,1970,12011361,26.84702950379973,,12.633083333333335,-0.8902121212121201,0.7370997651448927,0.394275,447400,Asia,Medium
Uzbekistan,UZB,1980,15947129,35.64400759946357,32.76704446731724,12.577033333333336,0.3208989898989906,0.8027230836750121,0.37451666666666666,447400,Asia,Medium
Uzbekistan,UZB,1990,20579100,45.99709432275369,29.045798776695175,13.048600000000002,0.03072727272727411,0.613944732731282,0.29445,447400,Asia,High
Saint Vincent and the Grenadines,VCT,1970,98459,253.10796915167094,,27.09744166666667,-0.218318181818183,0.19760176326703294,0.3071833333333333,389,North America,High
Saint Vincent and the Grenadines,VCT,1980,107480,276.29820051413884,9.16218933769386,26.977741666666667,0.20464141414141238,0.21627749883005984,0.2778083333333333,389,North America,Medium
Saint Vincent and the Grenadines,VCT,1990,112487,289.1696658097686,4.658541123930027,27.222575,-0.17513636363636642,0.2731132055832772,0.252025,389,North America,High
Venezuela,VEN,1970,11355475,12.390787226729373,,25.36564166666667,-0.06656060606060758,0.18736293913043717,0.300275,916445,South America,Medium
Venezuela,VEN,1980,15210443,16.597224055998996,33.94809992536641,25.255316666666666,0.5019090909090893,0.25795145702378897,0.32030833333333336,916445,South America,Low
Venezuela,VEN,1990,19750579,21.551297677438363,29.848808479805623,25.440608333333337,-0.15393434343434342,0.2889051052978989,0.3346083333333333,916445,South America,Medium
British Virgin Islands,VGB,1970,9581,63.450331125827816,,26.572900000000004,-0.4222424242424255,0.19920593177606444,0.306925,151,North America,Medium
British Virgin Islands,VGB,1980,11109,73.56953642384106,15.948230873604018,26.46023333333333,0.1479494949494965,0.23114076014573426,0.2880916666666667,151,North America,Low
British Virgin Islands,VGB,1990,15617,103.42384105960265,40.57971014492754,26.774041666666665,-0.151045454545451,0.21138137425419903,0.27458333333333335,151,North America,High
United States Virgin Islands,VIR,1970,63446,182.84149855907782,,26.572900000000004,-0.4222424242424255,0.19920593177606444,0.306925,347,North America,High
United States Virgin Islands,VIR,1980,96640,278.5014409221902,52.31850707688428,26.46023333333333,0.1479494949494965,0.23114076014573426,0.2880916666666667,347,North America,Medium
United States Virgin Islands,VIR,1990,100685,290.1585014409222,4.185637417218535,26.774041666666665,-0.151045454545451,0.21138137425419903,0.27458333333333335,347,North America,High
Vietnam,VNM,1970,41928849,126.59217963117278,,24.001375,0.07901515151515265,0.2656971456456859,0.25305833333333333,331212,Asia,High
Vietnam,VNM,1980,52968270,159.9225571537263,26.328938817280665,23.895441666666667,0.16817676767676742,0.2610753184508783,0.25166666666666665,331212,Asia,Medium
Vietnam,VNM,1990,66912613,202.0235166600244,26.32584186721598,24.048383333333334,0.009545454545455552,0.23776162953756655,0.26003333333333334,331212,Asia,High
Samoa,WSM,1970,142771,50.23610133708656,,26.376741666666668,-0.09226767676767708,0.17914899135010082,0.349775,2842,Oceania,Medium
Samoa,WSM,1980,164905,58.02427867698804,15.503148398484278,26.47964166666667,0.1288232323232322,0.17302149118072047,0.3117833333333333,2842,Oceania,Medium
Samoa,WSM,1990,168186,59.17874736101337,1.989630393256725,26.633574999999997,-0.008742424242422707,0.09951901695782257,0.29539166666666666,2842,Oceania,Medium
Yemen,YEM,1970,6843607,12.962162479544215,,26.273041666666664,0.15921717171717054,0.20024218303081368,0.6993916666666666,527968,Asia,Medium
Yemen,YEM,1980,9204938,17.434651342505607,34.50418763087946,26.300225,0.41100505050504643,0.3339825368958168,0.924825,527968,Asia,Low
Yemen,YEM,1990,13375121,25.333203906297353,45.3037597863234,26.280400000000004,-0.29393939393939617,0.3763135635611478,0.7664333333333333,527968,Asia,High
South Africa,ZAF,1970,22368306,18.319105809242473,,17.495358333333336,-0.17079292929292847,0.2403686716424283,0.2514333333333333,1221037,Africa,Low
South Africa,ZAF,1980,29463549,24.129939551381327,31.720073035481544,17.43609166666667,-0.01201515151515161,0.28047311560047145,0.25984166666666664,1221037,Africa,Medium
South Africa,ZAF,1990,39877570,32.65877282997976,35.34543988573813,17.779908333333335,0.1732272727272709,0.3391481334954138,0.23684166666666662,1221037,Africa,Medium
Zambia,ZMB,1970,4281671,5.6890814921898665,,21.310158333333334,0.0615808080808103,0.221404735986996,0.28526666666666667,752612,Africa,Low
Zambia,ZMB,1980,5720438,7.600779684618369,33.602932126265664,21.252458333333333,-0.1999242424242434,0.28460103358297617,0.29153333333333337,752612,Africa,Medium
Zambia,ZMB,1990,7686401,10.212966309333362,34.3673508916625,21.666858333333334,0.44028787878787917,0.3802192048212805,0.40460833333333335,752612,Africa,Low
Zimbabwe,ZWE,1970,5202918,13.31497068510609,,21.21174166666667,0.09896464646464646,0.22095476666776526,0.24714166666666665,390757,Africa,Low
Zimbabwe,ZWE,1980,7049926,18.041713904037547,35.49946395465007,21.111908333333332,-0.40622727272727177,0.3603544186918026,0.22031666666666666,390757,Africa,Medium
Zimbabwe,ZWE,1990,10113893,25.88281975754753,43.460981008878676,21.5227,0.43690909090909136,0.48612226607691766,0.23678333333333335,390757,Africa,Low
